age,daily_screen_time_hours,social_media_hours,gaming_hours,work_study_hours,sleep_hours,notifications_per_day,app_opens_per_day,risk_level,stress_level_ord,gender_Male,gender_Other,reward_app_share
21,3.23,2.01,0.89,4.55,7.55,248,154,Low,1,1,0,0.8978325393707308
24,5.09,3.81,2.24,4.44,7.66,127,71,Low,1,0,1,1.188604874537353
31,6.06,1.36,3.83,2.35,4.92,44,106,Low,2,0,1,0.8564355022383661
32,7.83,5.85,1.51,3.54,8.23,178,107,Moderate,2,0,1,0.9399743371680284
25,9.96,5.92,3.42,5.27,6.21,136,177,High,0,1,0,0.9377509098643665
26,9.32,4.26,0.29,3.99,6.9,82,56,High,1,1,0,0.48819737251101153
25,10.4,4.93,1.6,0.86,8.61,165,95,High,1,1,0,0.6278845550111004
26,4.26,4.6,2.16,4.61,6.43,169,117,Moderate,0,1,0,1.5868540875929371
21,4.38,1.38,2.72,3.78,6.23,172,134,Low,2,0,1,0.9360728456454689
35,9.76,4.73,1.36,2.11,5.21,20,82,High,0,0,1,0.6239753459041655
34,8.48,1.34,3.05,3.47,8.0,155,15,Moderate,1,0,0,0.5176886181970969
27,5.16,1.82,2.27,0.93,7.79,228,32,Low,2,0,1,0.7926355053031966
33,11.52,1.41,2.11,3.84,8.84,158,66,High,1,0,1,0.3055555290316381
32,4.09,1.74,1.35,3.74,5.54,76,16,Low,2,1,0,0.7555010377748074
19,10.74,0.89,0.95,4.18,5.46,53,161,High,0,1,0,0.17132214419719327
21,3.87,2.87,1.69,3.07,7.78,192,180,Low,1,1,0,1.1782942691746074
24,4.71,2.97,1.69,2.03,5.62,39,128,Low,2,0,1,0.9893840786870322
35,10.52,5.83,3.71,5.17,5.25,144,138,Moderate,1,0,0,0.9068440202619753
18,11.87,1.96,3.14,3.0,6.4,207,157,Moderate,1,0,0,0.42965455521023127
24,11.72,3.69,2.17,4.61,4.76,169,137,Moderate,2,0,1,0.49999995733788755
20,10.66,0.88,0.27,5.24,6.32,247,160,Moderate,2,0,0,0.10787991483302863
34,5.85,1.93,2.68,2.23,5.7,53,180,Low,1,0,0,0.7880340533275123
21,3.66,1.67,1.06,5.63,8.46,245,77,Low,0,0,1,0.7459014355460558
34,3.07,4.99,1.2,4.15,8.73,54,82,High,0,0,0,2.01628598818046
24,9.46,1.62,2.54,1.95,6.7,236,28,Moderate,1,1,0,0.4397462537266117
28,9.94,4.0,1.05,4.58,6.98,129,158,Moderate,0,0,0,0.5080482386269378
35,4.33,1.2,1.23,5.44,8.08,240,25,Low,0,0,0,0.561200794179955
35,10.96,2.74,2.48,1.35,8.68,241,56,Moderate,0,1,0,0.4762773288068131
28,10.04,2.76,2.68,4.54,5.62,60,42,Moderate,0,1,0,0.5418326153553172
32,6.15,5.01,3.49,1.73,7.47,122,99,High,0,0,1,1.3821135964042932
34,6.6,5.9,2.14,5.67,5.02,86,60,Moderate,1,0,1,1.2181816336088436
31,6.11,4.83,1.75,5.91,5.02,250,162,Moderate,0,0,1,1.076922900667283
35,9.18,5.67,2.95,1.58,6.44,190,99,High,2,0,1,0.9389977190634295
27,9.0,2.29,2.79,3.55,5.36,190,112,High,0,0,1,0.5644443817284021
18,5.73,1.66,3.14,3.84,5.95,133,128,Low,2,0,1,0.8376961888837365
20,5.55,4.15,2.48,1.01,8.78,80,94,Moderate,0,1,0,1.1945943793523641
25,11.86,3.86,3.07,3.0,8.49,167,64,High,1,1,0,0.5843169827725985
22,8.9,0.53,3.0,4.74,4.98,128,71,Moderate,2,0,1,0.39662916891807093
25,11.26,1.17,0.53,3.06,6.89,163,167,High,1,1,0,0.15097689600560427
33,7.05,4.63,3.36,2.03,8.0,144,175,High,1,1,0,1.133333172576855
26,6.02,5.41,0.32,1.33,6.22,59,69,High,1,0,0,0.9518270844141057
19,4.86,2.81,3.62,3.71,7.63,239,162,Low,0,0,0,1.3230449952582313
31,7.84,4.54,3.2,5.44,6.7,89,126,High,1,0,1,0.9872447720351056
23,10.56,5.56,3.92,3.44,8.58,171,159,Moderate,0,0,0,0.8977271877152285
23,3.45,2.59,0.85,2.3,7.93,117,86,Low,1,0,0,0.9971011602605332
18,9.74,0.79,3.81,1.73,4.81,186,25,Moderate,0,0,1,0.472279212291662
22,5.15,3.1,0.46,5.71,6.59,85,109,Low,2,0,0,0.6912620016966986
21,8.21,5.61,2.3,5.49,6.19,203,65,Moderate,2,0,1,0.9634590787504167
27,10.65,3.8,0.48,5.91,8.02,108,151,High,1,1,0,0.40187789653728667
31,10.4,1.08,3.84,4.0,8.23,201,54,High,2,0,0,0.47307687758876177
31,10.43,3.76,1.29,1.85,8.71,91,130,High,1,1,0,0.484180202859041
33,10.66,1.5,0.85,4.89,6.03,245,167,Moderate,1,1,0,0.22045026074575416
25,9.48,3.19,3.03,4.3,7.41,145,129,Moderate,0,0,0,0.6561180742491483
25,5.76,3.7,1.89,3.42,6.41,210,155,Low,2,0,0,0.9704859426239683
26,5.07,4.47,1.26,4.59,8.78,196,62,High,2,0,1,1.130177291878246
34,8.37,5.89,3.33,2.13,6.12,97,18,Moderate,0,1,0,1.101553034462003
35,5.63,5.69,2.55,4.64,4.96,23,161,High,1,1,0,1.4635876618849624
19,5.27,5.24,0.46,0.86,6.71,167,176,High,0,1,0,1.0815937226577377
25,4.07,4.7,2.43,4.85,5.52,153,112,High,1,0,0,1.751842321414663
19,8.49,4.57,3.79,1.64,5.45,189,35,Moderate,0,1,0,0.9846877520980268
31,7.05,3.77,1.17,1.77,7.68,199,131,Low,0,0,0,0.7007091204667913
21,7.9,4.06,3.63,5.05,4.82,62,93,High,2,1,0,0.9734175983015697
32,9.2,4.35,3.77,3.25,6.72,40,168,High,1,1,0,0.8826085997164566
20,5.06,4.21,3.44,3.73,4.59,215,83,High,0,0,0,1.5118574087238323
23,11.97,2.9,3.26,5.83,6.62,124,100,High,0,0,0,0.5146198400484678
33,5.59,5.7,3.25,3.53,6.55,100,79,High,1,0,0,1.6010730588420288
19,4.69,2.49,3.03,3.94,7.92,72,83,Low,1,1,0,1.1769720304963684
18,11.76,3.85,0.96,1.37,6.98,161,119,Moderate,0,0,1,0.4090135706621114
22,7.49,4.44,2.04,2.0,8.26,140,77,Moderate,0,0,1,0.8651534225429343
34,9.72,1.25,0.28,4.75,8.34,107,144,High,0,0,1,0.15740739121323136
33,10.79,2.96,1.94,2.33,7.93,116,131,High,0,1,0,0.45412414697644615
31,3.39,4.6,2.82,4.96,6.24,189,53,High,0,1,0,2.188789914811234
32,3.9,5.51,0.06,1.29,8.42,59,34,High,1,0,1,1.4282047619987788
20,10.67,5.19,3.44,2.59,5.92,203,139,Moderate,0,0,1,0.8088096711518585
27,11.98,4.61,1.74,1.04,7.35,243,40,Moderate,2,1,0,0.5300500392278766
28,10.17,2.11,1.5,1.3,6.89,164,61,Moderate,0,0,0,0.35496555015088005
22,5.09,4.01,1.84,4.17,8.55,139,88,High,0,0,0,1.149312151412151
27,8.75,2.83,1.0,5.15,5.4,118,138,High,1,0,1,0.43771423568980167
27,3.2,5.07,1.58,0.54,8.39,219,27,High,2,1,0,2.0781243505861404
29,4.97,1.55,1.0,4.66,7.95,194,50,Low,2,0,0,0.5130783675898657
19,8.22,4.53,0.36,2.12,7.86,64,66,High,2,1,0,0.5948904385778057
26,11.23,5.69,3.87,2.12,8.42,225,44,Moderate,0,0,1,0.8512911085226084
30,11.71,4.93,1.46,4.85,4.56,157,46,High,2,0,1,0.5456874000266951
29,3.98,1.79,0.1,5.36,7.03,176,71,Low,2,0,1,0.47487425254415766
31,4.05,0.75,0.15,5.98,5.02,80,152,Low,1,0,1,0.2222221673525513
22,10.97,4.1,3.33,3.89,8.73,91,23,High,0,1,0,0.6773016702550892
29,3.89,4.27,2.18,5.88,6.11,121,85,Moderate,0,0,1,1.6580972601292387
24,8.78,3.78,0.09,4.83,5.6,52,159,Moderate,2,1,0,0.44077443726942633
28,9.97,4.84,2.38,2.03,8.93,53,153,Moderate,0,1,0,0.724172444917508
18,6.22,4.84,2.36,0.59,5.69,52,122,High,2,0,0,1.1575560839941985
29,7.62,1.1,2.02,5.7,4.7,220,148,Low,2,0,0,0.40944876516420403
30,6.84,1.09,2.85,2.94,8.55,102,170,Moderate,0,0,0,0.5760233075989317
34,5.65,3.28,1.72,4.86,5.01,187,156,Low,0,1,0,0.8849555955830803
31,6.05,2.99,1.66,1.02,6.42,190,80,Low,0,1,0,0.7685949142818325
20,3.84,1.03,2.96,4.96,7.0,170,158,Low,2,0,0,1.0390622294108778
31,10.81,4.47,3.87,3.8,6.08,167,144,Moderate,2,1,0,0.7715077917199082
29,10.61,2.52,3.05,3.66,8.13,236,158,High,2,1,0,0.5249763878438843
23,5.46,4.69,3.69,2.43,5.32,56,159,Moderate,0,1,0,1.5347982536999536
34,4.94,2.81,1.36,2.54,7.75,218,160,Low,0,0,1,0.8441293837794769
19,9.07,2.0,2.65,3.17,6.49,89,70,High,0,1,0,0.512679105548059
27,9.1,3.76,2.11,2.2,5.49,173,29,Moderate,1,0,0,0.645054874169794
27,5.95,0.54,2.99,1.47,6.21,200,73,Low,2,0,0,0.5932772112139141
19,6.93,3.03,0.31,2.22,6.43,123,178,Low,0,0,0,0.4819624124152363
23,10.21,3.9,3.33,5.56,4.9,236,42,Moderate,2,0,0,0.7081292156582552
27,9.71,1.72,3.12,0.92,7.35,155,145,Moderate,1,1,0,0.49845514948968594
21,4.32,1.58,2.41,4.68,7.45,65,175,Low,2,0,1,0.9236108973122923
28,4.36,0.88,1.77,2.17,5.74,34,105,Low,1,1,0,0.6077980257343977
19,6.32,2.08,2.58,5.88,4.91,172,144,Moderate,2,0,1,0.7373416554839153
24,5.89,3.12,0.6,0.84,4.97,250,102,Low,0,1,0,0.631578840139416
32,11.92,3.38,2.44,2.5,8.63,119,119,High,2,1,0,0.4882549925960577
28,3.85,4.23,1.14,4.48,7.45,174,53,High,2,0,0,1.3948048325182252
30,4.16,4.4,0.34,3.57,7.4,104,47,High,2,0,1,1.1394228030233646
29,3.16,2.2,3.8,2.38,7.95,69,72,Low,0,1,0,1.8987335763501338
34,9.94,5.09,3.53,0.71,6.02,216,173,Moderate,1,1,0,0.8672031320721195
23,9.49,0.74,1.46,4.46,8.86,176,87,Moderate,1,0,0,0.23182294712086968
33,11.14,1.57,2.71,3.64,6.48,216,87,Moderate,2,1,0,0.384201042710858
22,10.86,0.79,1.92,2.54,8.7,202,147,Moderate,1,0,0,0.24953957186560113
32,11.15,1.31,1.75,5.71,5.5,135,104,High,1,0,1,0.27443943727000564
29,5.12,5.97,1.5,0.66,8.69,234,100,High,0,0,0,1.4589840900421698
22,9.83,3.08,2.46,5.48,4.59,75,53,Moderate,2,0,0,0.5635808175401
25,5.71,0.76,1.68,4.87,6.56,48,142,Low,0,0,0,0.4273204155305752
31,3.01,2.44,2.28,1.53,7.51,154,107,Low,2,0,0,1.5681057913269796
19,8.72,5.9,1.01,0.59,8.05,108,76,High,2,1,0,0.7924311017854241
19,6.17,2.36,2.57,5.07,7.58,198,137,Moderate,0,1,0,0.7990274231722166
27,4.81,4.85,3.54,2.24,5.9,121,154,High,0,0,0,1.7442823816460746
19,10.79,2.33,0.5,2.52,8.5,210,127,Moderate,1,0,0,0.2622798644782332
33,6.31,4.89,1.07,0.95,6.41,130,169,High,0,1,0,0.9445323384259369
20,5.95,2.13,1.78,4.45,5.25,133,104,Low,2,0,0,0.657142746698698
19,3.68,4.01,1.45,4.91,7.56,27,51,Moderate,2,1,0,1.4836952489958561
20,5.12,4.05,1.45,5.72,4.65,59,130,Moderate,1,0,1,1.0742185401916913
22,7.77,2.69,2.6,1.87,5.01,208,62,Moderate,1,0,0,0.6808235932015968
32,4.93,3.87,2.78,5.99,5.4,54,33,Low,2,0,1,1.3488841077314184
28,9.01,4.4,2.2,2.1,5.85,60,178,Moderate,1,1,0,0.7325193415627813
22,5.13,3.22,1.44,3.65,6.6,161,48,Low,0,0,0,0.9083818892043101
33,7.73,4.73,3.29,0.91,8.88,184,33,Moderate,2,0,1,1.0375160365438503
23,9.91,1.21,2.01,5.28,8.24,152,54,Moderate,0,0,0,0.3249242860823122
34,11.05,5.15,1.0,3.99,6.98,52,175,Moderate,2,0,1,0.5565610356053362
22,4.54,3.93,3.61,2.36,8.66,30,22,Low,2,0,1,1.6607925857285053
31,8.56,0.67,3.56,3.5,7.39,97,138,High,2,0,0,0.4941588207758388
20,9.2,1.37,1.66,3.05,6.03,56,95,High,1,1,0,0.32934779028828376
29,7.63,1.08,0.97,1.17,6.52,56,39,Low,1,1,0,0.26867624263745177
28,11.4,4.47,0.76,1.38,8.98,139,142,Moderate,1,0,0,0.4587718895814132
34,7.12,1.82,2.33,0.77,5.77,172,135,Moderate,0,1,0,0.5828650866762519
26,9.55,4.7,1.46,2.7,7.07,69,107,High,0,0,1,0.6450261104684701
26,10.43,3.93,2.44,1.21,4.94,115,101,Moderate,1,0,1,0.6107381964776418
34,6.61,0.72,0.16,4.42,8.12,152,131,Moderate,2,0,1,0.1331315986185176
28,4.46,5.95,2.96,2.15,6.01,232,145,High,2,1,0,1.997757399605964
29,5.98,1.1,1.67,2.19,8.54,243,176,Low,1,0,1,0.4632106248811664
19,8.25,1.44,2.52,3.91,8.29,57,77,Moderate,2,1,0,0.4799999418181889
32,5.82,1.33,2.76,2.76,7.99,140,30,Low,2,0,1,0.7027490201462164
33,7.73,2.23,0.69,5.52,6.04,110,179,Low,1,1,0,0.3777489808862896
26,8.02,1.74,3.89,2.14,5.8,73,140,High,1,1,0,0.7019949249382887
35,6.42,5.89,3.27,5.75,8.12,94,25,High,2,0,0,1.4267910550169696
26,9.73,1.68,3.31,1.99,7.03,89,50,Moderate,2,1,0,0.5128468126570593
34,5.03,1.78,0.4,2.32,6.63,194,50,Low,2,0,1,0.4333995162227602
33,7.3,1.6,3.86,2.27,7.41,216,37,Low,0,0,0,0.7479451030212187
23,11.41,0.7,3.34,4.83,5.34,211,89,Moderate,0,0,0,0.3540753414482611
27,7.09,4.03,2.1,5.39,5.1,149,134,Moderate,0,0,1,0.8645979034417627
32,8.83,4.45,0.06,2.35,5.83,192,64,High,2,0,1,0.5107587190533727
28,3.78,4.18,0.74,1.27,5.96,83,16,High,0,0,0,1.3015869572521277
27,8.24,3.65,1.05,2.48,5.56,190,45,High,0,0,1,0.5703882802926845
21,8.75,5.67,1.47,1.71,8.81,142,54,High,2,0,1,0.8159999067428678
35,11.22,4.67,3.21,5.04,7.93,194,167,High,0,1,0,0.7023172279574663
21,3.56,3.51,2.02,3.65,5.17,103,148,Low,2,1,0,1.5533703501768676
34,7.01,0.81,0.53,2.78,7.04,163,133,Moderate,1,0,0,0.19115546488509774
18,9.71,3.68,0.18,2.39,4.79,35,32,High,1,0,0,0.397528280378138
23,9.92,4.71,3.91,4.05,6.39,248,112,Moderate,1,0,1,0.8689515253073061
35,4.2,5.23,0.47,5.96,6.27,52,72,High,0,0,1,1.3571425340136822
35,6.82,2.59,0.92,3.03,5.2,68,43,Low,2,1,0,0.5146626811345042
24,3.61,3.77,1.79,4.2,8.42,82,26,Low,0,1,0,1.5401657783474298
34,11.94,1.79,3.67,3.67,7.1,217,97,High,0,0,0,0.4572863938621111
26,3.55,5.72,3.52,5.51,7.32,129,157,High,1,0,1,2.602816168220798
31,6.67,2.15,0.74,3.46,5.58,77,91,Low,0,0,1,0.43328329336082555
31,11.71,3.57,0.54,1.84,5.42,185,35,Moderate,1,1,0,0.3509820366368884
26,6.39,3.83,0.16,0.9,8.12,170,158,Moderate,0,1,0,0.6244130478226843
24,11.43,5.79,0.47,6.0,6.66,82,169,High,1,0,0,0.547681491891383
30,7.2,4.07,1.23,2.48,8.47,139,40,High,2,1,0,0.736111008873471
29,5.82,0.75,3.46,4.58,4.57,161,164,Low,1,1,0,0.7233675733045406
28,5.07,3.63,0.98,3.53,8.75,106,80,Low,1,1,0,0.9092700376193218
29,4.52,4.46,1.95,5.54,6.94,184,30,Moderate,0,0,0,1.4181412791722834
22,10.58,1.77,2.83,0.55,6.78,115,30,High,2,1,0,0.4347825676008915
18,7.79,2.76,0.07,4.47,6.91,93,19,Low,2,1,0,0.3632862178066472
21,7.72,1.83,2.48,1.89,6.09,223,116,Low,1,0,1,0.5582900831230463
25,5.7,5.05,0.32,5.95,7.42,28,38,Moderate,1,0,1,0.9421050978762986
18,9.33,0.95,3.38,4.05,5.99,239,39,Moderate,0,0,1,0.4640942696576346
33,5.44,5.58,2.74,2.04,6.94,188,23,Moderate,1,0,1,1.5294114835640655
22,9.77,4.42,1.59,0.92,5.23,81,160,High,1,0,1,0.6151483505477635
22,10.11,4.29,0.31,4.6,6.06,45,126,High,0,0,0,0.45499500939713067
18,8.71,4.81,1.8,1.75,6.99,116,125,Moderate,2,0,1,0.7588977314698355
27,10.18,4.42,0.33,1.35,7.7,182,54,Moderate,1,1,0,0.4666011329468436
18,11.49,2.95,3.05,1.06,4.89,130,129,Moderate,2,1,0,0.5221931660406296
20,6.19,1.01,2.39,2.28,6.23,94,120,Low,0,0,1,0.5492729322660853
30,4.53,1.98,1.07,1.3,5.25,90,122,Low,0,1,0,0.673289034594032
33,8.34,1.58,0.43,2.18,8.77,105,173,High,1,0,0,0.24100716534686273
22,5.7,3.82,2.78,3.13,5.3,121,96,Low,2,0,0,1.1578945337027133
30,5.52,4.82,1.46,5.63,5.4,159,61,High,2,0,1,1.137680953318668
24,6.95,2.1,2.77,5.0,8.08,124,142,Moderate,1,0,1,0.7007193236375073
22,9.44,4.84,0.3,5.95,6.66,122,151,Moderate,2,0,0,0.5444914677445479
35,8.34,5.53,0.44,1.87,7.49,62,180,High,2,0,0,0.7158272522988908
21,3.09,1.92,2.04,3.35,7.11,167,71,Low,1,0,0,1.2815529833161867
18,7.34,2.12,3.68,0.97,8.24,206,51,Low,1,0,1,0.7901906280394241
33,6.13,1.04,2.89,2.99,4.8,31,44,Low,1,0,1,0.641109193946298
25,7.64,3.54,1.32,2.85,6.58,224,118,Moderate,0,1,0,0.6361255711877525
24,7.05,2.86,0.02,1.68,5.75,200,31,Moderate,2,0,0,0.40851058035310917
24,7.12,1.94,3.45,3.4,7.38,172,114,Moderate,2,0,0,0.7570223655867465
32,8.56,4.98,2.82,2.14,7.27,41,49,Moderate,0,1,0,0.9112148468206955
29,9.24,3.31,1.67,1.26,6.23,67,139,Moderate,2,0,0,0.5389609806319285
27,4.26,2.23,1.8,0.79,6.12,22,139,Low,1,0,1,0.9460091676034819
33,6.74,5.12,1.95,0.95,4.64,214,71,High,1,1,0,1.0489612687001084
32,8.09,4.75,1.98,3.31,7.08,88,154,High,1,0,1,0.8318911209034463
24,11.91,1.06,3.32,4.63,5.84,28,130,Moderate,0,1,0,0.3677581555198862
24,10.3,3.73,1.4,4.41,7.35,62,172,Moderate,0,0,1,0.498058204072019
29,7.79,3.78,0.67,5.88,5.82,166,83,Low,2,0,0,0.5712451128055054
19,11.93,5.27,0.51,5.26,5.62,202,97,High,2,1,0,0.48449283449347574
26,8.65,2.56,0.3,4.87,7.96,123,146,High,2,0,0,0.3306357999264971
28,8.24,5.28,3.39,1.01,8.87,182,106,Moderate,2,0,0,1.0521843383271434
24,7.45,2.28,1.13,3.51,5.09,238,139,Low,2,1,0,0.4577180593667034
32,3.15,5.61,0.63,3.01,8.96,129,66,Moderate,0,0,0,1.980951752078809
20,8.89,1.88,1.49,5.47,5.24,121,175,High,2,0,1,0.37907757265719094
20,9.33,0.51,1.91,1.23,5.52,194,128,Moderate,2,0,0,0.25937832161004054
22,7.3,1.76,0.36,4.93,4.96,114,91,Low,0,0,1,0.2904109191217919
18,8.49,1.4,1.4,1.67,7.87,125,172,Moderate,0,1,0,0.3297997255830712
21,8.31,2.61,3.85,2.23,5.13,90,180,Moderate,2,0,1,0.7773765610858531
27,4.85,3.84,0.75,2.65,7.41,220,76,Low,0,0,1,0.9463915574450397
20,7.75,5.88,3.95,5.64,5.09,240,160,High,2,1,0,1.2683869331113635
18,8.29,0.58,0.86,5.57,8.77,121,144,High,2,0,1,0.17370323598272186
30,3.74,3.45,2.46,2.03,5.89,150,67,Low,0,0,1,1.5802134812263418
20,5.79,2.91,3.81,1.81,5.6,131,44,Low,2,0,1,1.1606215612052573
23,4.07,4.39,2.81,1.4,8.79,153,147,Moderate,2,0,0,1.7690413343878781
22,9.75,5.3,2.93,1.15,8.55,105,124,Moderate,0,0,0,0.8441024775279511
32,7.6,0.8,3.44,1.42,5.21,217,41,Low,2,0,1,0.5578946634349128
34,3.02,5.22,0.05,0.75,6.14,58,60,Moderate,0,0,0,1.7450325347574387
25,6.75,4.46,1.09,0.93,6.18,148,28,High,2,1,0,0.8222221004115406
32,10.79,4.75,1.24,0.98,6.56,114,66,High,1,0,0,0.5551436000793699
33,11.98,4.77,2.93,3.51,8.08,58,16,High,0,0,1,0.6427378428432519
18,11.56,0.51,2.63,5.17,7.77,46,67,High,0,1,0,0.2716262740807721
22,9.4,1.01,3.69,5.44,6.84,199,110,Moderate,2,0,1,0.49999994680851634
22,8.73,2.67,2.37,0.84,7.48,53,75,High,1,0,0,0.5773195214983367
32,5.45,0.91,0.81,4.79,7.13,59,42,Low,1,1,0,0.31559627236765647
35,6.22,4.74,1.81,3.05,8.34,43,55,Moderate,1,0,0,1.0530544930780559
22,3.82,1.87,1.42,3.32,7.55,86,59,Low,1,1,0,0.8612563190428484
32,3.92,4.87,0.49,0.84,8.01,76,48,Moderate,1,0,1,1.3673465899626047
26,11.26,0.91,3.99,1.59,7.41,227,47,Moderate,1,0,0,0.43516870025144766
19,4.51,3.66,3.29,2.67,4.63,194,124,Low,0,0,0,1.5410196139646088
32,10.95,0.69,2.48,1.85,5.83,125,155,High,0,1,0,0.28949769045683194
31,4.8,5.37,2.1,3.97,8.11,223,19,High,2,0,1,1.5562496757813178
33,6.1,3.61,1.29,1.99,4.62,172,71,Moderate,1,0,1,0.8032785568395809
29,9.9,6.0,3.9,1.05,7.46,88,151,Moderate,2,0,1,0.9999998989899093
30,6.19,5.12,3.38,1.47,7.17,226,106,Moderate,0,0,1,1.3731823306652131
24,10.53,4.96,3.88,3.48,5.29,29,38,Moderate,2,0,1,0.8395060931143312
33,3.01,5.55,0.81,1.22,7.73,225,97,Moderate,0,0,1,2.1129561086524555
29,11.65,2.55,3.77,2.68,4.95,97,97,High,0,0,1,0.5424892238206676
28,4.57,5.83,2.77,5.61,8.04,77,165,High,1,1,0,1.881837662617579
23,9.56,5.72,3.79,2.65,8.97,165,23,Moderate,1,0,0,0.9947697704215721
22,5.98,0.93,1.39,2.26,7.36,42,178,Low,1,0,0,0.38795980134451474
24,5.25,0.87,1.03,1.09,4.51,118,127,Low,0,0,0,0.3619046929705346
29,7.91,1.06,1.92,5.25,7.43,195,72,Moderate,0,1,0,0.37673825831374735
28,5.35,1.08,1.37,5.38,5.22,39,155,Low,0,0,1,0.4579438396366655
18,6.88,4.09,2.43,2.89,4.74,104,67,High,1,0,0,0.9476742808612963
25,3.86,2.66,2.2,3.2,4.75,20,124,Low,2,1,0,1.2590670313297847
18,4.86,4.01,3.91,3.1,5.02,220,116,Moderate,2,0,1,1.62962929431496
35,6.49,2.54,1.53,1.53,4.7,132,134,Low,1,0,1,0.6271185474393609
21,3.77,2.39,2.17,5.84,7.15,161,30,Low,2,0,1,1.2095487507828249
25,7.29,0.93,3.61,4.43,6.76,250,147,Low,2,0,0,0.6227708336391174
23,11.54,1.42,0.85,1.56,4.69,40,126,High,2,0,0,0.19670708867356254
20,3.78,3.56,2.21,5.21,6.84,243,18,Low,2,0,0,1.526454622631052
22,4.33,3.73,3.03,5.67,8.66,164,40,Low,2,0,0,1.561200563233126
30,8.89,3.65,1.89,1.45,6.31,178,170,High,1,0,0,0.6231720333889726
25,3.44,3.11,1.07,2.55,6.02,223,92,Low,1,1,0,1.2151159258383935
27,11.77,2.94,3.3,1.98,6.38,185,37,High,0,0,1,0.5301613823142411
29,10.39,3.33,0.64,2.21,6.78,54,149,Moderate,0,1,0,0.3820981345430092
19,5.25,3.01,3.67,4.38,5.73,230,133,Low,2,1,0,1.2723807100227218
29,7.4,2.95,3.84,3.11,6.98,108,56,Moderate,1,1,0,0.9175674435719671
30,3.45,5.2,3.12,1.68,5.5,77,67,Moderate,1,0,0,2.411593503885941
22,8.83,3.81,0.03,1.89,8.12,98,179,High,1,0,0,0.43488103795231736
24,7.2,4.22,3.3,2.68,4.96,150,110,High,2,0,1,1.044444299382736
21,7.34,2.35,1.11,2.29,5.75,187,91,Low,2,0,1,0.4713895815545529
30,8.94,4.24,2.89,4.1,8.99,86,122,Moderate,2,0,0,0.7975390606779577
25,9.18,4.01,1.9,5.67,6.11,96,58,High,2,1,0,0.6437907795434882
33,4.15,1.92,3.23,4.7,5.32,194,100,Low,0,0,1,1.2409635563943238
27,6.78,5.38,1.49,3.72,6.59,50,135,High,2,1,0,1.0132741868327158
34,4.08,4.24,2.12,2.77,8.42,58,50,High,1,1,0,1.5588231473472678
28,10.76,1.49,0.32,2.33,8.94,100,177,Moderate,1,1,0,0.16821559774947978
23,7.41,4.7,0.35,3.88,7.35,123,124,Moderate,1,0,1,0.6815113790133092
24,9.58,5.73,3.57,4.66,6.89,24,16,High,0,0,0,0.9707723412554968
22,3.92,3.27,1.22,0.86,4.71,94,131,Low,2,0,1,1.1454078710694207
22,6.08,5.46,1.44,1.54,8.77,227,118,Moderate,0,0,1,1.134868234396672
18,8.31,1.43,1.47,4.08,4.67,244,178,Moderate,2,0,1,0.34897709398590926
21,8.88,0.61,2.76,2.79,6.21,160,79,Moderate,0,0,0,0.3795044617675155
31,8.95,4.14,1.08,3.83,5.12,232,41,High,2,1,0,0.5832401582971891
21,7.48,3.85,3.11,5.07,8.88,111,119,Low,0,0,1,0.9304811590265829
33,5.98,0.52,2.69,5.49,8.26,191,141,Low,0,0,0,0.5367892078947812
25,7.11,5.88,1.06,0.78,8.16,243,25,High,1,0,1,0.9760898767806079
21,3.85,4.67,0.18,5.19,7.49,63,99,Moderate,1,0,0,1.2597399325350822
28,4.65,2.7,3.85,2.0,6.24,237,137,Low,2,1,0,1.408601847612506
19,11.83,5.14,0.41,5.51,6.67,165,127,Moderate,1,0,1,0.4691461987196789
22,7.35,3.18,3.55,2.92,4.79,187,95,Moderate,2,0,1,0.9156461339256962
34,9.19,3.9,1.73,4.5,6.67,189,179,Moderate,2,0,1,0.6126223490073615
23,7.55,3.08,1.98,1.41,7.88,102,76,Low,1,0,1,0.6701985867286641
30,6.63,1.79,1.84,4.91,6.52,239,142,Low,0,1,0,0.5475112296363153
30,6.71,3.56,0.0,1.0,7.22,178,178,Moderate,2,0,0,0.5305513367285638
29,10.43,4.99,3.38,2.33,7.95,173,136,Moderate,1,1,0,0.8024927322634007
25,3.02,2.45,2.53,4.9,6.96,115,42,Low,0,0,1,1.6490060764880543
31,3.96,3.86,0.75,5.62,6.27,137,63,Low,0,0,1,1.1641411201663836
21,9.95,2.98,2.63,5.76,5.11,147,16,High,0,0,1,0.5638190388121569
23,9.23,1.46,3.26,1.07,7.46,175,97,Moderate,1,0,0,0.5113758925919943
30,11.67,5.84,1.81,1.23,6.36,199,146,Moderate,2,1,0,0.6555269361159438
24,8.62,2.1,1.38,4.2,8.92,186,60,Moderate,2,0,0,0.403712250149391
35,7.32,3.64,2.67,2.8,7.87,235,151,Low,1,1,0,0.8620217401609644
30,4.31,4.19,0.8,4.63,5.22,93,79,Moderate,0,0,1,1.157772353185069
19,6.23,2.99,2.46,4.22,7.03,77,180,Low,0,0,0,0.8747992175282154
30,6.75,4.83,2.74,5.81,4.74,210,79,High,1,0,1,1.1214813153361014
35,9.65,1.58,2.9,1.56,6.52,194,34,High,0,1,0,0.46424865655454345
31,5.51,1.95,0.64,5.15,4.53,139,54,Low,1,0,0,0.47005436115165855
35,6.22,4.81,1.27,1.71,5.33,37,144,Moderate,2,0,0,0.9774918042617678
25,10.95,4.15,1.32,2.11,8.78,178,150,Moderate,2,0,1,0.49954333337503815
29,7.01,5.47,2.45,3.92,8.82,194,97,High,0,0,1,1.1298143894701298
27,3.22,3.34,3.08,3.33,6.79,144,26,Low,2,0,1,1.9937882006868939
20,11.53,1.42,3.83,3.46,4.53,36,68,Moderate,0,1,0,0.4553338720438967
35,10.46,5.33,2.97,2.89,8.18,38,54,Moderate,2,1,0,0.7934989681167335
20,3.49,4.87,2.23,3.66,5.52,86,119,High,2,0,0,2.034383371236856
18,6.51,1.15,0.02,4.46,4.78,210,164,Low,0,0,0,0.17972347469685487
27,8.46,2.05,3.71,2.6,8.2,27,136,High,0,0,1,0.6808509833509475
27,11.64,1.29,2.71,5.53,8.08,206,180,Moderate,0,1,0,0.3436425821612902
18,8.15,2.67,2.19,0.97,5.45,209,103,Moderate,2,1,0,0.5963189452369392
25,8.55,1.89,0.46,4.19,7.05,33,155,High,2,0,1,0.274853769022951
20,5.26,1.59,2.32,5.73,6.11,191,75,Low,2,0,0,0.7433458662840559
33,7.06,3.89,1.22,3.71,7.04,113,95,Moderate,0,1,0,0.7237959314736642
25,9.41,4.02,1.11,2.48,7.56,104,137,High,1,0,1,0.5451646604500893
21,4.58,3.84,3.37,5.22,5.13,157,65,Low,2,1,0,1.5742354641407283
34,8.68,4.97,2.32,4.73,5.46,29,156,Moderate,2,0,0,0.8398616543938187
30,5.01,4.75,2.93,2.1,6.59,150,38,Moderate,2,0,1,1.5329338257617113
23,9.81,1.27,0.64,3.61,7.05,243,52,Moderate,1,1,0,0.1946992665953857
33,5.09,1.95,0.94,4.18,6.83,222,107,Low,1,0,1,0.5677798491591651
28,3.93,5.83,2.53,2.0,7.84,168,154,High,1,0,1,2.127225921825465
20,7.65,2.57,3.63,3.34,6.09,242,103,Low,1,0,0,0.810457410397724
23,5.07,3.33,1.12,1.33,5.21,174,45,Low,1,0,0,0.8777118584394756
33,7.31,3.75,2.59,2.76,5.6,52,161,Low,0,1,0,0.8673049429131405
23,5.32,1.49,3.83,3.8,7.04,24,87,Low,0,0,0,0.9999998120301105
23,4.97,2.76,0.57,3.7,7.95,179,145,Low,2,0,1,0.6700199859114716
20,5.07,2.62,0.43,1.61,8.37,149,122,Low,2,0,0,0.6015777906158204
19,10.9,3.42,3.01,1.01,7.47,250,169,High,0,0,0,0.5899082027607153
19,9.28,2.86,3.75,3.15,7.96,109,165,High,2,1,0,0.7122844060038356
26,7.29,1.78,3.44,2.06,8.45,124,80,Low,2,0,1,0.7160492844925536
18,6.38,1.63,3.22,2.75,4.98,129,164,Moderate,2,0,1,0.7601879686225754
26,11.93,2.69,0.81,3.54,7.01,65,109,High,1,0,1,0.2933780139666376
29,9.97,2.69,0.55,5.25,5.04,78,129,Moderate,0,0,1,0.32497489217904796
30,10.07,4.9,2.46,4.27,4.73,119,177,High,0,0,1,0.7308837407265402
31,3.79,1.95,1.48,3.85,7.76,122,172,Low,1,0,1,0.9050129538224395
33,6.95,1.61,2.63,4.92,5.79,28,168,Low,2,0,1,0.6100718546659202
19,6.24,4.1,3.9,0.98,5.74,122,105,Moderate,1,0,1,1.2820510765943787
20,11.27,3.52,2.9,3.58,7.12,108,85,High,0,0,1,0.5696538979898937
18,5.35,2.74,0.43,0.9,5.82,49,146,Low,2,0,0,0.5925232537339714
33,9.93,4.67,3.84,3.02,6.57,170,22,High,1,0,1,0.8569989066466358
25,9.09,1.76,1.26,5.75,6.82,22,82,High,0,1,0,0.33223318677302677
35,11.38,3.12,1.41,5.42,5.71,211,63,Moderate,0,0,0,0.39806674885177956
24,5.06,5.09,3.35,2.46,8.01,50,35,Moderate,2,0,1,1.667983860082241
19,10.63,2.54,1.26,5.44,8.46,167,85,High,2,1,0,0.35747879986088427
22,3.49,4.9,1.91,3.47,6.76,120,59,High,0,0,1,1.9512888391722523
18,3.11,1.66,2.32,2.29,7.26,86,62,Low,0,0,1,1.2797423537805934
28,6.29,3.24,0.84,4.35,6.18,238,117,Low,0,1,0,0.6486485455248735
26,10.24,3.55,3.43,1.58,8.1,209,53,High,0,0,0,0.6816405584335393
22,11.96,5.17,2.07,4.46,8.03,96,79,High,2,1,0,0.6053511199539198
23,3.54,4.98,1.91,3.96,6.52,105,81,High,2,1,0,1.9463271338058945
31,4.09,5.27,3.85,1.59,7.09,186,152,High,1,0,1,2.2298283056654506
34,7.39,4.55,3.56,2.6,5.79,181,52,High,2,0,1,1.0974288095495521
30,10.64,0.89,0.65,1.76,5.93,94,83,High,1,0,0,0.14473682850217778
34,11.69,2.78,0.74,0.63,7.77,189,79,Moderate,2,1,0,0.3011120358330166
30,3.93,0.85,3.51,3.52,4.62,121,149,Low,0,0,1,1.10941447597596
22,3.76,5.62,1.56,1.76,7.82,133,175,Moderate,2,1,0,1.9095739602196915
29,10.74,2.29,1.9,5.86,6.93,89,155,High,2,0,1,0.39013031749252164
31,7.71,4.02,1.24,2.41,6.93,226,37,High,1,1,0,0.6822307805148144
27,3.1,3.38,3.03,1.25,5.79,156,17,Low,1,1,0,2.0677412684705585
31,10.18,3.78,3.19,3.52,5.35,245,158,High,0,0,0,0.6846757677135789
25,5.37,2.82,0.96,4.7,8.59,226,84,Low,2,1,0,0.7039104834431129
20,4.64,2.09,2.55,3.9,5.72,179,140,Low,0,0,1,0.999999784482805
18,4.67,1.06,1.08,4.43,7.77,79,38,Low,1,0,0,0.45824401322398006
27,10.07,3.24,1.49,4.33,4.64,40,52,High,1,1,0,0.4697119692440945
24,11.06,1.88,1.53,0.57,8.89,202,78,Moderate,1,1,0,0.3083182361375917
32,9.62,1.02,2.66,1.65,6.25,99,97,Moderate,2,0,0,0.38253634277169
33,8.75,1.59,3.55,5.25,5.48,48,75,Moderate,1,0,0,0.5874285042938853
21,6.56,1.84,3.88,3.7,7.61,196,167,Low,0,0,0,0.8719510865928222
20,9.17,2.36,3.88,4.68,4.77,111,180,Moderate,2,0,0,0.6804797513108233
25,5.85,3.57,2.58,2.41,8.51,207,64,Low,1,0,0,1.0512818715757486
19,7.37,2.91,1.18,4.33,5.35,67,154,Moderate,2,0,1,0.5549524348775529
35,4.44,3.42,1.8,5.01,6.94,136,15,Low,2,1,0,1.1756754108839162
29,9.98,1.81,2.88,4.12,6.93,119,63,High,1,0,0,0.4699398326713594
31,8.77,1.11,2.09,0.87,8.26,53,60,High,0,1,0,0.36488023205470566
21,3.29,4.03,1.55,3.19,7.31,171,80,Moderate,0,1,0,1.6960481167027
33,11.36,5.08,1.87,4.01,6.12,210,121,High,2,0,1,0.6117957207926303
19,9.61,5.09,0.31,1.69,6.84,45,74,Moderate,0,0,1,0.5619146137445772
23,8.03,3.57,2.98,4.71,7.09,192,132,Moderate,1,1,0,0.8156910565764564
35,6.61,2.36,0.63,5.99,6.49,110,95,Moderate,1,0,1,0.4523448634879177
31,10.44,2.28,0.96,3.5,6.19,160,80,High,1,1,0,0.3103447978596937
19,11.85,3.78,2.07,5.96,5.86,96,71,High,1,0,1,0.49367084441596254
34,8.01,5.59,0.62,0.71,6.1,55,82,Moderate,2,0,0,0.7752808020872907
27,3.83,2.7,3.67,4.54,7.76,222,138,Low,2,1,0,1.6631849443381346
30,3.71,0.81,3.08,2.41,8.18,126,45,Low,0,1,0,1.048517237596432
27,7.72,2.26,2.26,2.3,7.64,59,27,Low,1,1,0,0.5854921521383222
31,5.61,2.67,0.53,0.95,7.07,32,155,Low,0,0,1,0.5704098804973475
22,9.86,3.15,0.79,2.67,7.07,163,172,Moderate,2,1,0,0.39959427996001223
26,9.99,2.28,3.7,0.99,7.52,128,108,Moderate,1,0,0,0.5985985386788251
23,11.89,3.89,3.96,2.93,5.16,31,74,Moderate,1,1,0,0.6602186156250113
19,5.19,3.92,0.59,5.08,5.79,107,43,Low,1,1,0,0.8689786379617267
35,4.91,3.51,3.0,3.52,7.3,56,19,Low,2,1,0,1.325865310414397
19,5.56,4.84,2.47,0.79,7.45,22,32,Moderate,1,1,0,1.3147479649733878
27,10.81,4.07,0.92,2.59,8.89,45,95,Moderate,2,1,0,0.4616095780194655
34,11.7,3.58,2.85,0.72,8.65,98,100,Moderate,2,0,0,0.5495726026006323
29,6.2,2.16,3.98,5.88,5.74,35,175,Moderate,1,1,0,0.9903224209157386
22,6.08,2.66,0.55,4.51,6.84,193,171,Moderate,2,1,0,0.5279604394801909
22,6.84,2.22,2.42,2.97,5.09,187,50,Low,2,0,0,0.678362473923615
34,11.19,2.87,3.64,4.74,7.45,164,55,Moderate,2,0,0,0.5817693850072042
22,9.54,4.71,3.52,2.78,6.35,133,178,Moderate,1,1,0,0.8626833477271126
22,4.66,4.69,2.45,1.97,7.05,79,167,High,2,1,0,1.5321885124058987
33,4.21,5.15,1.88,4.07,5.33,119,140,Moderate,0,1,0,1.669833332581156
31,9.88,0.58,1.08,2.77,7.84,71,67,High,1,0,0,0.16801617732629787
25,6.85,4.77,2.43,5.03,7.74,120,171,Moderate,2,0,0,1.0510947370664616
32,10.44,0.73,3.98,3.35,6.28,208,25,Moderate,2,0,0,0.45114938207381405
32,6.58,2.18,3.31,3.04,6.4,176,28,Moderate,0,1,0,0.8343463777589092
34,4.02,4.78,3.75,4.33,5.11,125,97,Moderate,0,0,0,2.121890019430344
20,5.25,4.3,3.63,4.88,7.73,51,38,Moderate,1,0,1,1.5104759027664947
30,9.54,5.86,2.45,1.38,6.98,31,58,Moderate,2,1,0,0.8710690910829046
23,9.92,0.78,1.23,4.52,8.82,93,175,Moderate,0,0,1,0.20262094731643676
26,3.11,3.24,1.99,4.94,7.24,146,75,Low,2,0,0,1.6816714849930918
32,3.71,3.8,0.98,3.51,7.29,162,68,Low,0,1,0,1.288409356223893
22,10.68,4.17,3.35,2.14,8.64,32,42,High,0,0,1,0.7041197842584472
35,4.6,3.0,2.32,5.62,4.92,96,97,Low,1,0,1,1.1565214877127201
20,5.64,1.24,2.78,2.01,6.87,154,68,Low,2,0,1,0.712765831069888
34,11.88,3.16,2.75,5.64,8.94,93,124,High,1,1,0,0.49747470559977225
33,7.68,3.98,1.97,1.49,7.24,201,89,Low,0,0,0,0.7747394824557966
21,9.64,1.64,2.46,2.78,4.7,109,158,Moderate,0,0,1,0.42531115920008716
27,5.29,0.87,1.2,3.52,7.95,49,100,Low,2,1,0,0.39130427385552474
28,10.5,5.57,1.92,3.11,4.66,54,138,High,1,0,0,0.713333265396832
19,10.52,2.15,2.9,2.24,6.91,73,162,Moderate,1,0,0,0.4800379771827018
18,6.05,2.56,2.14,1.41,7.23,67,167,Low,1,0,0,0.7768593757257231
31,3.78,5.32,1.49,5.06,5.86,154,92,Moderate,1,1,0,1.8015868249770306
32,7.55,4.89,3.62,1.35,6.03,143,149,Moderate,1,0,1,1.1271521685891168
22,4.85,0.7,1.55,5.26,5.02,99,26,Low,2,0,0,0.46391743012011755
19,3.93,4.71,2.98,0.62,7.91,183,68,High,0,0,1,1.9567425046456728
28,9.96,4.19,1.09,1.37,5.02,179,158,High,0,0,0,0.5301204287027682
22,11.49,4.92,2.3,1.44,5.9,248,101,Moderate,0,0,0,0.6283724431355576
19,3.95,0.8,1.71,1.48,7.18,171,176,Low,2,0,0,0.635442877103069
28,10.36,4.42,2.68,3.43,8.88,213,134,Moderate,0,0,0,0.6853281191768226
27,9.16,4.41,1.86,1.77,5.51,240,172,Moderate,1,0,1,0.6844977418670588
28,10.1,5.35,1.81,0.67,6.64,109,137,High,0,0,1,0.7089108208999189
22,7.57,2.73,2.86,1.09,7.0,38,92,Low,1,0,1,0.7384411177752817
25,7.93,5.86,1.54,2.37,8.16,171,125,Moderate,1,1,0,0.9331650777849839
20,9.65,4.42,3.35,1.13,7.18,103,157,High,1,0,0,0.8051812637117861
20,8.38,4.27,2.39,5.01,5.97,185,30,Moderate,0,0,1,0.7947493085024692
22,7.08,2.1,2.46,2.96,5.43,244,96,Moderate,2,0,1,0.6440677056401546
29,11.91,3.7,2.45,3.31,8.31,238,90,Moderate,2,0,1,0.5163727526135389
35,10.39,2.48,3.44,5.26,5.56,199,166,High,1,0,0,0.5697785784621195
31,7.91,4.14,1.9,1.54,6.23,112,121,Moderate,2,1,0,0.7635902953741723
20,8.84,1.29,3.54,4.12,8.89,54,36,High,1,0,1,0.5463800286900421
23,7.09,2.83,3.28,2.62,5.52,128,169,Moderate,1,0,0,0.8617770293685431
35,8.19,0.68,0.15,3.16,6.16,168,138,High,0,0,0,0.10134308896909783
34,3.7,5.39,0.35,3.1,7.84,191,34,Moderate,2,0,0,1.5513509320673153
35,10.01,3.08,2.05,3.08,7.8,127,105,Moderate,1,1,0,0.5124874612899639
27,9.54,3.6,0.25,3.1,5.26,33,89,High,2,0,0,0.40356389899749495
20,4.14,0.92,3.14,1.89,7.27,90,80,Low,0,0,1,0.9806760916241326
32,6.33,1.46,3.13,1.8,5.31,155,23,Low,0,0,0,0.7251183688596573
31,9.93,1.81,1.76,4.01,5.45,207,103,Moderate,1,1,0,0.3595165801091058
32,6.59,2.16,2.98,4.64,6.9,117,114,Low,0,0,0,0.7799695326298131
32,6.44,2.24,2.12,5.76,4.94,156,178,Moderate,1,0,0,0.6770185284132719
26,10.22,1.9,2.34,3.04,7.54,81,165,Moderate,2,0,0,0.41487275784023897
35,3.1,0.55,0.27,2.76,6.86,195,129,Low,2,1,0,0.26451604370450205
19,3.21,1.01,3.75,4.11,8.26,173,178,Low,0,0,0,1.4828655816618124
23,11.06,4.33,1.01,3.07,8.71,183,131,High,1,0,0,0.48282093283716704
23,10.03,2.03,0.25,2.64,8.98,86,82,Moderate,0,0,1,0.2273180231986019
30,4.61,3.21,0.58,4.73,5.48,184,42,Low,2,1,0,0.822125635113745
20,3.63,4.5,3.11,0.6,6.74,187,178,High,0,1,0,2.0964181552567065
28,11.14,3.66,2.06,5.67,6.71,131,118,Moderate,0,0,0,0.5134649449313335
33,4.09,3.44,3.97,2.33,5.86,34,176,Low,2,0,1,1.8117354983531788
28,3.72,3.03,3.07,4.06,5.29,30,113,Low,1,0,1,1.6397845054342726
29,7.38,5.37,1.75,1.54,4.66,26,166,High,1,0,0,0.9647695169689001
35,11.68,4.96,3.87,0.59,6.03,106,25,Moderate,0,0,1,0.7559930859594961
25,11.32,0.7,0.57,4.1,6.62,178,26,Moderate,2,1,0,0.11219080280999975
19,11.14,5.01,0.39,3.86,8.26,36,42,Moderate,2,1,0,0.4847396333267833
31,6.04,5.1,2.95,2.71,5.04,195,162,Moderate,1,0,1,1.3327812362944973
23,6.02,1.16,0.56,2.78,7.63,161,57,Low,2,1,0,0.2857142382534488
30,10.0,0.59,1.95,0.53,5.31,42,166,Moderate,1,1,0,0.25399997460000256
22,8.76,3.38,1.65,5.66,7.25,29,167,High,1,0,0,0.5742008476939672
31,3.04,1.8,0.47,3.42,4.93,112,153,Low,1,1,0,0.7467102806874076
24,4.01,1.32,3.38,5.51,6.74,60,26,Low,1,0,0,1.1720695331497424
26,6.01,4.93,3.03,0.74,7.83,157,60,Moderate,0,1,0,1.324459014233109
25,9.49,3.76,1.3,1.59,7.55,103,73,Moderate,1,1,0,0.5331927783780002
31,10.83,2.57,0.88,3.09,6.68,247,126,Moderate,2,0,0,0.31855952737215815
29,4.23,4.46,2.53,5.87,5.41,52,23,Moderate,0,1,0,1.6524818788458913
32,7.13,1.44,1.37,5.38,7.22,222,178,Low,0,0,0,0.3941093416396435
34,7.4,5.98,2.37,5.1,5.76,206,124,High,0,0,0,1.1283782258948345
25,11.03,3.75,0.6,3.66,4.52,31,25,High,2,0,1,0.3943789307000063
30,7.31,4.89,3.29,2.99,5.58,162,18,Moderate,1,0,0,1.119014894799604
27,5.15,5.99,0.06,4.18,5.23,137,161,High,0,1,0,1.1747570534452323
30,4.66,5.29,2.51,4.37,4.51,180,33,Moderate,2,0,0,1.6738193833005615
31,9.78,4.34,2.45,3.66,5.43,195,35,High,1,1,0,0.6942739576406998
21,6.45,3.06,0.16,2.52,7.42,200,32,Moderate,0,1,0,0.4992247288023676
35,4.02,3.13,3.76,3.69,8.82,73,72,Low,1,1,0,1.7139299219079798
20,6.36,2.99,2.01,5.06,6.62,156,151,Low,1,1,0,0.7861633984019814
32,3.79,2.65,0.72,5.77,4.85,62,85,Low,0,1,0,0.8891818234348751
34,11.57,0.62,1.67,4.25,8.69,141,103,High,2,1,0,0.1979256527289842
20,3.2,4.91,3.34,3.36,6.01,168,102,High,1,0,0,2.5781241943361892
27,8.11,5.44,1.23,4.84,5.52,115,88,High,0,0,0,0.8224413289221544
32,11.61,3.9,0.64,3.44,5.32,64,54,High,0,0,1,0.39104217131419716
22,6.97,2.53,0.82,4.39,7.49,108,52,Moderate,2,1,0,0.48063120794387254
18,6.64,3.25,0.58,3.02,5.94,21,154,Moderate,1,0,0,0.5768071420471171
22,10.2,4.51,3.69,2.36,5.01,142,25,High,2,1,0,0.8039214898116187
30,8.56,1.71,1.43,2.3,7.24,69,164,Moderate,1,1,0,0.36682238705345943
35,10.65,4.22,3.83,5.87,6.27,145,96,High,2,0,0,0.7558684736273734
22,9.44,2.85,1.54,0.57,6.05,98,129,High,0,0,1,0.46504232361839803
31,10.23,2.09,3.22,5.84,6.41,249,121,Moderate,2,1,0,0.5190615328385599
27,7.27,5.27,3.95,0.86,8.82,213,111,High,1,1,0,1.2682254101478114
35,7.16,3.62,3.66,1.6,8.25,94,156,Moderate,1,0,1,1.0167596345307772
32,5.02,4.85,0.62,2.15,7.38,182,135,High,2,1,0,1.0896412172029448
33,11.16,4.05,0.11,4.71,6.72,37,168,High,2,0,0,0.37275982322940654
33,11.77,5.0,1.49,4.53,4.58,86,56,High,0,0,1,0.5514018223108054
22,6.22,0.79,1.44,4.0,8.8,32,89,Low,2,0,1,0.35852084268153656
23,9.88,3.79,0.67,2.27,5.92,236,92,Moderate,2,0,1,0.45141695835860746
29,10.41,0.57,2.07,2.55,6.68,107,56,Moderate,0,0,1,0.253602281114094
34,10.61,4.42,2.81,4.91,6.38,39,44,High,0,0,0,0.6814325465190815
29,4.25,2.93,3.95,3.38,8.87,64,92,Low,0,0,1,1.6188231485122004
22,9.19,2.19,0.84,5.9,6.41,215,43,Moderate,1,1,0,0.3297061665172833
21,3.3,4.13,2.37,3.08,8.59,31,31,Moderate,0,0,1,1.969696372819281
24,8.29,1.6,2.68,0.66,5.16,211,86,Moderate,1,0,1,0.5162846180597567
25,7.54,0.88,3.28,4.7,6.88,203,64,Low,0,1,0,0.5517240647580816
34,10.66,3.11,2.79,1.52,7.53,47,61,Moderate,1,0,1,0.5534708674042339
25,6.67,4.69,1.26,3.06,6.84,146,107,Moderate,2,0,0,0.892053839272288
33,4.04,2.06,2.4,2.22,8.89,133,72,Low,1,1,0,1.1039601227821478
33,11.45,2.52,0.05,4.21,7.52,121,127,Moderate,2,1,0,0.22445412886863506
30,6.61,3.75,0.41,5.59,8.9,36,108,Moderate,1,1,0,0.6293493752875378
25,10.54,4.49,1.11,4.42,7.12,89,179,High,1,0,0,0.5313092475038665
34,5.51,4.72,0.43,1.88,6.74,180,49,Moderate,2,0,0,0.9346640771934523
18,11.75,2.6,2.72,1.34,7.3,44,34,High,2,1,0,0.45276591891353885
27,8.96,3.2,1.05,2.39,8.37,159,19,Moderate,0,0,0,0.47433030420420713
32,5.83,2.57,1.84,0.68,7.0,240,92,Low,0,1,0,0.7564321172500656
27,9.44,3.18,0.44,4.21,7.47,195,153,Moderate,1,0,0,0.383474535648884
26,7.45,5.84,2.47,2.44,8.9,102,30,High,0,0,0,1.1154360918877728
18,9.89,3.94,1.52,2.85,8.96,125,104,Moderate,0,0,1,0.552072744987589
27,8.33,5.51,0.26,2.18,6.02,25,152,High,1,0,0,0.692676987673831
18,9.26,3.73,3.94,2.58,6.26,166,40,High,0,0,0,0.828293647052522
34,10.3,4.17,0.67,2.15,8.86,71,142,High,0,0,0,0.4699028669997216
19,5.68,3.65,3.22,3.94,8.81,203,163,Low,1,0,1,1.209506829312178
34,7.28,1.65,3.18,4.08,5.86,225,91,Low,2,0,0,0.6634614473267243
30,5.26,3.33,2.69,3.51,8.46,180,147,Low,2,0,1,1.1444864744322292
32,5.41,4.01,3.24,5.19,8.58,164,175,High,0,1,0,1.3401106580202111
25,4.35,4.27,1.2,2.89,5.93,232,31,High,1,0,1,1.2574709752940287
23,5.31,3.81,1.62,1.12,5.36,82,94,Low,2,0,1,1.0225986774767086
19,4.82,2.0,0.12,4.84,5.75,160,60,Low,0,1,0,0.4398339336444121
20,5.83,2.14,0.25,5.75,8.54,191,38,Low,2,1,0,0.4099484717069517
34,11.4,3.37,3.32,5.72,8.69,84,142,High,0,0,0,0.5868420537857847
30,10.25,4.59,3.74,1.7,4.98,74,85,High,1,0,1,0.8126828475431369
29,9.3,1.12,2.18,3.11,5.61,91,52,High,2,1,0,0.3548386715227235
19,10.57,4.14,3.76,4.3,8.05,81,79,Moderate,1,0,1,0.7473982263577836
25,10.72,2.64,3.64,2.66,8.9,85,92,Moderate,0,1,0,0.5858208408749216
32,8.68,5.34,3.07,2.73,4.65,241,35,High,1,0,0,0.968893897592869
31,10.89,5.01,3.3,4.34,6.78,110,122,High,2,0,1,0.763085329376921
18,9.86,4.03,0.73,2.94,7.38,20,117,Moderate,1,1,0,0.48275857172833964
23,5.25,4.42,3.07,4.07,5.09,172,120,High,1,0,1,1.4266663949206866
22,5.35,4.28,3.31,4.9,5.39,126,109,Moderate,1,1,0,1.4186913236090983
35,8.82,3.95,3.63,5.86,5.39,199,58,High,2,1,0,0.859410333400189
20,11.62,1.44,2.27,0.58,6.87,217,131,Moderate,1,0,1,0.319277080957222
24,4.71,5.24,3.13,2.08,6.72,53,125,High,2,0,1,1.7770696863970943
24,6.76,2.75,0.58,2.1,5.68,178,130,Low,1,1,0,0.49260347742552113
33,4.2,2.28,2.77,4.28,7.71,201,123,Low,1,0,1,1.2023806660998413
19,3.47,5.62,1.88,2.45,7.23,191,168,High,0,0,1,2.1613826624257455
30,5.72,2.67,1.48,5.82,7.02,168,60,Low,2,0,0,0.7255243486845545
22,3.81,4.41,1.73,1.93,5.91,52,142,High,1,0,0,1.6115481334519335
26,8.52,4.69,1.06,2.22,8.52,100,140,Moderate,0,1,0,0.6748825498964144
22,3.49,1.51,1.88,1.4,6.6,49,141,Low,1,0,0,0.9713464265483016
21,10.61,5.27,0.49,1.01,8.41,66,58,Moderate,1,0,1,0.5428840204633346
23,6.75,0.92,3.07,4.22,8.49,26,87,Moderate,2,0,0,0.5911110235391076
21,10.53,1.35,0.32,5.07,7.47,136,175,High,2,1,0,0.15859447686662143
32,5.92,4.52,2.94,5.77,7.06,74,27,Moderate,1,0,1,1.2601349222745062
20,7.92,3.81,0.37,1.9,5.58,217,117,Moderate,0,0,0,0.5277777111391778
27,8.82,5.75,0.62,2.14,8.1,208,94,High,2,0,1,0.7222221403376259
21,10.49,3.32,1.96,5.37,6.64,164,168,Moderate,1,0,0,0.5033364629803181
31,3.84,3.32,3.89,4.22,7.41,202,54,Low,2,0,0,1.8776036777073757
31,3.71,4.91,1.2,5.91,7.58,96,78,Moderate,1,1,0,1.6468998256334701
34,3.97,2.84,0.38,4.13,7.06,84,105,Low,0,0,1,0.8110829191226903
32,4.62,1.5,1.57,0.96,8.45,96,95,Low,1,0,0,0.6645020206705583
23,4.9,0.93,3.93,1.93,7.53,131,151,Low,1,1,0,0.9918365322782586
33,7.14,2.73,2.63,4.59,7.77,97,173,Moderate,2,0,0,0.7507001749719642
20,4.13,0.58,0.45,0.59,8.87,239,21,Low,2,0,0,0.24939461273738192
35,4.72,2.16,1.85,3.11,4.6,62,54,Low,1,1,0,0.8495760911915061
32,8.27,1.61,2.28,5.09,4.73,22,41,High,2,0,0,0.4703747919740276
35,11.99,0.7,1.6,3.32,7.76,193,139,High,0,0,1,0.19182650610287688
28,7.98,1.97,2.59,5.39,5.03,179,180,Low,2,1,0,0.5714284998209899
27,9.54,3.08,1.75,3.29,7.14,195,101,Moderate,2,0,0,0.5062892551059482
30,11.64,5.08,2.69,4.54,8.08,224,56,High,1,1,0,0.6675257158483062
23,4.8,3.83,0.4,2.79,8.97,97,75,Low,0,0,0,0.8812498164062883
29,9.09,1.46,3.44,3.27,8.13,106,125,Moderate,0,0,0,0.5390538460886859
26,11.94,4.82,3.08,4.74,7.01,249,53,Moderate,2,0,0,0.6616414856246663
32,11.66,4.66,3.9,4.8,7.24,239,41,Moderate,0,0,1,0.7341337277758382
21,10.84,5.51,0.63,2.11,6.49,149,142,High,0,0,0,0.5664206119538181
22,4.11,1.61,3.88,4.73,4.53,233,136,Low,2,0,0,1.3357660983537472
29,9.44,2.78,2.52,1.85,7.89,155,122,High,0,0,0,0.56144061849146
32,11.57,3.34,2.73,5.69,6.49,217,17,Moderate,2,0,0,0.5246326253558665
28,6.61,4.75,1.74,2.66,4.67,184,53,High,0,0,0,0.9818455398115673
35,10.86,4.47,1.25,2.39,8.22,250,150,High,0,0,1,0.5267034505797928
24,10.99,3.93,2.47,2.93,6.05,227,118,Moderate,1,0,1,0.5823475357281588
28,6.51,4.45,3.52,3.36,6.93,74,38,Moderate,1,1,0,1.2242701652426782
18,11.01,3.47,1.03,5.08,5.87,128,144,High,0,0,1,0.40871930892649333
34,6.19,0.76,2.6,1.19,5.84,208,16,Moderate,0,0,0,0.5428108977688372
27,9.0,4.98,2.29,1.27,6.2,208,78,High,2,0,0,0.8077776880247014
21,4.32,2.84,1.65,1.01,6.41,53,136,Low,0,0,1,1.0393516112612011
35,7.67,2.67,1.05,3.24,6.41,132,140,Low,1,0,1,0.48500645567060546
22,7.36,3.02,3.87,3.32,6.88,197,69,Moderate,0,1,0,0.9361411771547313
31,3.99,2.53,1.16,3.38,5.03,98,110,Low,1,1,0,0.9248117982927822
31,3.44,5.42,3.56,1.69,8.19,145,15,Moderate,1,0,0,2.610464357423152
33,8.16,3.61,3.6,4.8,6.64,204,170,High,0,0,1,0.8835783230908918
32,4.34,4.5,0.36,3.94,7.31,119,74,High,1,0,1,1.1198154101807811
26,8.81,5.26,2.83,3.65,8.08,201,94,Moderate,0,0,1,0.9182745836237703
35,8.19,0.79,2.28,1.54,6.64,249,19,Moderate,2,0,0,0.37484732907847024
24,5.21,4.38,3.55,2.94,8.13,175,97,Moderate,0,0,0,1.522072644515807
31,4.62,0.63,2.11,2.6,4.91,45,153,Low,0,1,0,0.5930734647027132
22,5.76,2.74,0.68,3.88,5.96,26,29,Low,0,0,0,0.5937498969184207
28,5.32,5.68,3.6,0.79,5.58,172,165,Moderate,2,0,0,1.7443605743683128
19,5.87,3.54,0.26,0.66,7.35,246,19,Low,2,0,1,0.6473593445725137
22,5.74,2.74,0.34,4.0,5.42,56,110,Low,0,0,1,0.5365852723719038
32,3.38,4.97,3.84,3.91,7.44,62,15,High,1,0,1,2.6065081045834004
30,11.99,5.13,0.85,5.12,5.77,61,151,High,1,0,1,0.4987489158674799
21,10.47,4.49,4.0,5.33,5.45,149,96,High,1,0,0,0.8108881747002699
25,8.96,2.27,0.84,5.77,5.98,197,49,Moderate,0,1,0,0.3470981755470786
23,6.72,5.42,2.81,4.69,6.92,221,34,Moderate,2,0,0,1.22470219870503
30,10.45,2.47,0.71,4.72,7.64,22,46,Moderate,0,1,0,0.30430619097548417
18,9.83,4.24,2.84,1.55,8.17,180,92,High,0,0,0,0.7202440772895141
19,5.53,5.47,2.83,1.65,5.38,230,178,Moderate,1,0,1,1.500903887720816
24,8.94,3.61,2.73,3.61,4.79,52,31,High,2,1,0,0.7091721801820828
18,11.93,4.31,2.13,1.89,7.02,136,15,High,2,0,0,0.5398155456986131
31,5.47,4.24,1.87,2.49,7.92,246,72,High,1,1,0,1.117001623948515
30,4.75,0.95,2.29,0.64,7.82,196,123,Low,0,0,0,0.682105119556817
27,3.57,3.94,0.11,2.88,4.61,224,175,Low,1,0,0,1.1344534637385255
25,11.63,5.08,3.29,3.36,5.57,38,168,Moderate,0,1,0,0.7196903938357357
19,11.25,2.58,3.56,4.31,8.02,35,128,Moderate,2,1,0,0.545777729264202
19,8.03,2.12,1.53,1.03,7.88,79,168,High,2,0,0,0.45454539793955206
32,10.16,5.34,2.48,2.37,8.72,220,21,Moderate,1,1,0,0.7696849636136848
18,8.36,0.87,3.16,1.56,7.08,183,145,High,1,1,0,0.48205735860557924
25,4.24,0.74,0.51,3.71,6.81,186,106,Low,2,0,0,0.2948112512237615
27,8.43,2.1,3.88,3.35,7.46,57,29,High,2,0,0,0.7093712088527631
24,11.79,4.02,0.81,0.88,5.35,141,134,High,1,0,0,0.4096691764487552
28,4.46,3.0,3.16,0.73,5.49,20,178,Low,0,1,0,1.3811656096041234
33,9.61,5.74,1.33,4.57,5.42,67,16,Moderate,0,0,1,0.735691910958178
21,4.28,2.92,2.53,5.52,6.12,27,65,Low,0,0,1,1.2733641884663107
23,6.06,3.55,0.71,0.62,8.29,45,20,Low,0,0,0,0.7029701810280229
24,5.75,1.82,3.24,4.13,8.74,224,174,Low,2,1,0,0.8799998469565484
22,10.15,1.55,1.51,2.56,7.2,182,77,High,2,1,0,0.3014778028100687
28,5.22,3.96,1.12,1.2,6.79,169,140,Low,0,1,0,0.9731798901954234
34,6.49,5.35,3.0,2.56,6.84,65,97,High,2,0,0,1.2865945629284186
26,8.23,4.01,3.16,4.07,5.43,249,66,Moderate,0,0,0,0.8712028103034253
31,11.0,3.64,3.74,2.56,6.98,54,36,Moderate,2,0,1,0.670909029917361
19,7.19,3.92,1.7,3.07,6.34,225,142,Low,1,0,0,0.7816410595770431
25,5.39,0.92,3.61,2.12,6.76,159,179,Low,1,1,0,0.8404451130899605
20,6.24,3.5,1.34,4.21,5.63,210,85,Moderate,2,1,0,0.7756409013395991
27,5.54,2.41,3.99,5.7,8.2,213,18,Low,2,1,0,1.1552344485136374
25,9.51,1.65,0.93,3.73,6.99,139,133,Moderate,0,0,0,0.271293346867156
31,4.89,2.97,2.23,2.56,7.1,52,93,Low,0,0,0,1.0633944655635041
25,6.77,4.27,1.61,4.78,6.92,103,165,Moderate,0,0,0,0.8685375378821953
30,11.82,1.62,1.56,3.44,5.35,47,99,Moderate,1,1,0,0.2690355102338824
21,9.07,1.48,3.31,3.82,4.62,70,32,Moderate,1,1,0,0.5281146055000435
27,8.94,0.88,0.23,3.35,5.27,240,120,High,0,0,0,0.12416105993724165
20,6.5,5.47,0.83,5.29,5.89,229,136,Moderate,2,0,1,0.9692306201183661
32,5.48,0.54,0.57,0.85,6.3,226,78,Low,2,0,0,0.20255470756300953
19,9.64,2.08,3.52,3.01,7.65,202,91,Moderate,0,1,0,0.5809128028098752
31,7.12,5.51,0.73,3.63,6.27,31,76,High,0,0,1,0.8764043712915209
20,9.28,4.47,0.87,3.21,8.97,161,46,High,0,0,0,0.5754309724751108
32,4.48,1.64,0.18,0.65,7.37,192,133,Low,2,0,0,0.40624990931921656
19,3.1,1.13,3.67,2.3,7.87,144,133,Low,2,1,0,1.5483865972946458
33,10.38,5.13,0.68,0.6,4.95,95,46,Moderate,1,0,1,0.5597301965577844
18,9.1,1.34,1.43,1.69,4.66,192,151,Moderate,2,0,0,0.3043955709455417
27,7.0,3.79,0.19,2.58,5.41,83,110,Low,0,0,0,0.5685713473469504
18,11.9,2.35,0.77,4.18,5.49,245,39,Moderate,2,1,0,0.26218485191723934
31,7.61,4.99,1.29,3.95,7.31,158,116,Moderate,0,1,0,0.8252298521379957
29,5.91,0.58,2.62,0.57,5.46,76,31,Low,1,1,0,0.5414550691277379
24,6.7,4.72,2.0,5.95,7.71,222,160,High,0,0,1,1.002984924927623
22,5.99,3.99,3.54,2.25,8.33,143,32,Low,2,0,1,1.257094948732062
25,7.53,4.38,0.05,0.62,7.92,51,94,Moderate,1,1,0,0.5883133348853472
22,6.37,2.13,0.61,1.62,4.67,205,168,Low,1,0,0,0.4301412197580502
28,8.79,4.68,2.08,5.88,7.42,93,21,High,2,1,0,0.7690556576728491
24,7.85,5.49,2.66,1.87,7.59,204,71,Moderate,1,0,0,1.0382164282526845
18,3.58,3.2,3.81,0.79,8.96,72,47,Low,2,0,1,1.9581000117039071
20,6.84,3.07,0.66,1.59,6.41,175,78,Low,2,0,0,0.5453215577015267
33,3.72,5.85,1.59,1.42,6.49,149,171,Moderate,0,0,0,1.9999994623657356
31,10.69,4.67,3.69,3.77,5.19,206,59,High,1,0,0,0.7820392158990443
30,8.06,3.14,1.33,4.43,5.38,68,16,High,2,0,0,0.5545905019118484
31,11.46,5.84,1.49,3.19,7.38,170,33,High,0,0,1,0.6396160000335078
23,4.75,2.9,1.02,5.52,7.75,150,140,Low,1,0,0,0.8252629841551612
25,5.18,0.69,3.25,3.97,7.54,198,180,Low,2,0,0,0.7606176137803835
25,8.42,5.73,3.37,0.57,7.97,184,113,Moderate,2,0,0,1.0807599666555863
23,10.47,1.89,1.21,5.82,7.46,117,165,Moderate,1,0,1,0.29608402138643536
29,10.33,1.98,0.84,4.62,7.65,21,58,Moderate,0,0,1,0.2729912610850667
31,7.72,4.1,2.93,1.44,6.19,200,49,High,0,0,1,0.9106216437018596
24,4.67,0.82,0.73,4.68,5.67,250,119,Low,2,1,0,0.3319057105126958
27,3.77,1.19,0.26,0.66,5.56,144,40,Low,1,1,0,0.3846152825954157
24,7.7,0.54,2.41,5.93,7.93,144,136,Moderate,2,0,0,0.3831168333614502
28,12.0,4.99,3.76,4.16,6.2,34,106,High,0,0,1,0.7291666059027829
30,9.53,5.38,0.56,3.81,8.41,91,78,High,2,0,1,0.6232947929386367
24,3.03,4.01,3.77,2.27,7.35,243,26,High,2,1,0,2.5676559182653733
33,6.6,3.87,0.33,2.85,8.69,141,40,Low,1,0,1,0.6363635399449182
34,3.29,3.24,0.35,5.08,8.98,243,134,Low,1,0,1,1.0911850786671493
35,5.17,1.66,3.01,4.13,4.9,131,22,Low,1,1,0,0.9032880264433217
26,8.99,5.73,2.68,4.16,8.65,182,140,Moderate,2,0,1,0.935483766909481
20,8.8,2.57,2.87,4.55,6.22,184,158,Moderate,1,0,0,0.6181817479338922
21,5.62,1.11,1.36,3.76,5.35,49,161,Low,1,0,0,0.43950170115628096
19,8.31,1.54,1.55,2.83,7.97,224,47,Moderate,2,0,0,0.3718411104884344
18,7.84,3.03,0.58,5.69,8.27,147,131,Low,1,0,1,0.46045912494143815
28,5.78,5.95,0.49,5.98,7.68,142,176,High,1,1,0,1.1141866584452147
28,4.37,4.44,3.39,5.64,5.51,208,28,High,0,0,0,1.7917616037158801
23,11.92,3.51,1.35,4.23,8.96,213,115,High,2,0,1,0.40771808660083164
24,9.31,3.51,0.39,2.28,8.06,241,28,High,2,0,1,0.41890435887171223
23,8.19,2.93,1.93,5.43,5.44,225,65,Moderate,0,0,1,0.5934065209515849
22,6.39,5.9,2.72,1.43,4.75,111,136,High,0,0,1,1.34898257449412
31,11.73,3.95,1.62,0.69,5.58,145,92,Moderate,0,0,0,0.4748507694074366
30,5.48,4.09,1.47,1.16,4.87,145,179,Moderate,2,0,1,1.0145983550003
33,5.46,4.6,3.18,1.5,6.68,185,126,High,0,1,0,1.4249081639362335
35,4.66,4.97,0.08,3.56,6.91,227,150,Moderate,2,0,1,1.0836907545727994
21,4.63,3.8,0.72,3.55,8.1,51,25,Low,0,0,1,0.9762416897966112
26,10.66,0.69,3.92,3.28,6.14,159,58,Moderate,2,0,0,0.4324577455480539
19,11.52,3.36,3.13,4.13,6.5,167,140,Moderate,2,0,1,0.5633680066520829
21,8.96,0.75,0.15,1.28,8.35,75,49,High,0,1,0,0.10044641736089092
31,3.67,1.9,1.53,5.47,6.3,41,80,Low,2,1,0,0.934604649971485
26,11.96,4.33,0.77,2.55,7.46,230,145,High,1,0,0,0.42642136902831357
30,3.23,3.82,0.31,1.19,4.99,160,119,Low,2,0,0,1.2786373750348683
26,4.32,4.89,1.09,1.04,8.91,76,111,High,0,0,1,1.384258938828949
33,3.86,2.42,2.29,2.05,5.72,45,27,Low,1,0,1,1.2202069377702234
35,7.97,5.35,1.61,3.76,5.67,195,146,Moderate,2,0,0,0.8732746708563776
26,3.48,4.49,3.9,4.39,5.62,175,122,High,0,0,0,2.410918847437113
34,5.58,5.74,2.08,4.45,8.66,78,93,High,0,0,0,1.401433440603326
20,8.71,0.92,0.96,1.01,7.09,41,88,High,1,0,1,0.21584383285375053
34,11.39,1.25,1.99,4.27,7.55,156,46,Moderate,2,0,1,0.2844600277032461
31,9.32,4.62,0.98,4.56,8.78,230,150,Moderate,0,0,1,0.6008583046289373
34,11.13,1.46,1.47,1.23,6.09,33,123,Moderate,0,0,0,0.2632524471471296
25,10.49,5.18,3.43,2.1,6.67,87,69,Moderate,2,0,0,0.8207816186099506
34,10.43,0.69,1.85,3.9,6.7,111,16,High,1,1,0,0.2435282604479137
18,6.15,4.47,1.61,0.55,6.44,70,36,Moderate,0,0,0,0.9886177254280121
18,4.4,4.11,0.9,2.67,5.85,129,61,High,1,0,1,1.1386361048554308
32,4.46,2.45,1.74,2.48,8.42,70,43,Low,0,0,0,0.9394616727664411
28,11.11,1.38,0.8,3.14,7.49,88,45,Moderate,2,0,0,0.19621960430066568
30,7.52,5.58,3.37,2.64,4.99,47,20,Moderate,1,1,0,1.1901594162022053
28,6.87,3.78,0.03,3.14,5.77,41,124,Low,0,0,0,0.5545850721127987
21,10.78,5.97,0.99,5.01,5.39,200,41,Moderate,2,0,1,0.6456400143191082
22,5.06,1.23,0.15,5.95,8.68,129,19,Low,0,0,0,0.2727272188286129
34,5.76,3.98,0.93,2.35,6.66,150,124,Low,1,0,0,0.8524304075641654
26,11.49,4.41,0.99,5.42,5.32,20,28,High,1,0,0,0.46997384943656667
26,11.18,1.05,0.74,5.72,6.14,97,43,High,0,0,0,0.16010732020506976
29,9.69,3.74,2.42,1.81,5.74,169,113,Moderate,0,1,0,0.6357068487402634
24,4.74,2.95,0.39,5.68,7.29,97,136,Low,0,1,0,0.7046412015524891
24,6.76,4.41,3.57,4.68,8.31,163,103,High,1,1,0,1.1804731981548524
33,6.77,5.62,2.02,0.62,7.2,198,48,Moderate,2,0,1,1.128507957384349
30,7.46,3.43,2.05,0.91,6.47,150,113,Moderate,1,1,0,0.7345843519323926
23,3.03,3.65,2.37,0.55,8.68,151,131,Low,2,1,0,1.986798024159068
27,9.37,3.54,0.68,0.75,5.57,30,178,High,1,1,0,0.45037348448522047
25,11.91,1.65,0.46,4.07,7.35,114,98,Moderate,2,0,0,0.17716203382350681
27,5.92,0.81,3.26,5.03,5.49,91,60,Low,0,0,1,0.6874998838682629
26,10.83,3.99,2.2,4.99,5.49,88,67,High,1,1,0,0.5715604273720751
31,6.32,5.46,0.37,1.5,5.33,240,60,High,1,1,0,0.9224682084702202
27,4.47,1.48,1.58,3.84,4.81,38,124,Low,2,0,1,0.6845636052430414
34,4.24,4.63,0.05,1.05,6.23,48,18,Moderate,2,1,0,1.103773324581763
20,5.41,5.66,2.4,4.86,4.54,222,42,Moderate,1,1,0,1.4898333660197105
33,9.84,5.41,3.26,2.19,6.66,82,29,Moderate,1,1,0,0.8810974714331838
21,7.9,1.06,3.55,2.78,4.51,77,21,Moderate,1,0,1,0.58354422993111
27,5.03,5.33,1.54,5.36,8.2,48,140,Moderate,0,0,0,1.3658048974542947
29,3.69,2.34,1.44,5.59,4.88,31,169,Low,1,0,1,1.024389966289982
31,4.35,4.17,1.21,5.0,6.07,46,84,High,2,0,1,1.2367813248778563
20,10.1,5.24,3.91,4.78,5.16,57,114,Moderate,1,0,1,0.9059405043623264
31,11.64,2.03,0.36,5.97,5.32,118,105,High,1,0,1,0.20532644284137086
28,4.24,5.69,3.69,2.61,6.97,157,151,High,2,1,0,2.212263629183106
31,7.74,4.77,3.25,1.71,4.89,112,15,High,0,1,0,1.0361755767215015
21,3.54,2.42,3.4,5.27,8.19,95,132,Low,2,1,0,1.6440673321843695
25,3.5,1.26,3.85,4.37,6.2,26,123,Low,2,0,0,1.459999582857262
23,3.27,2.51,0.32,0.92,7.06,228,121,Low,0,0,1,0.8654431604149355
34,9.29,2.15,1.65,2.36,8.02,197,18,Moderate,0,0,1,0.4090419365939789
23,7.53,0.56,3.33,4.24,8.44,161,81,Low,2,0,0,0.5166001969986458
23,5.45,1.01,1.51,5.73,7.84,122,173,Low,1,0,1,0.46238523625958966
32,7.3,4.09,1.62,2.59,4.75,115,180,Moderate,1,1,0,0.7821916736723735
29,8.43,5.16,0.11,2.05,6.94,36,69,Moderate,1,0,1,0.6251482057949935
19,5.16,0.97,2.28,0.75,8.94,143,26,Low,0,0,0,0.6298448391773567
27,11.63,3.25,1.26,2.65,6.1,53,39,Moderate,2,1,0,0.38779016442045017
30,7.29,5.28,0.15,1.39,7.57,40,175,Moderate,2,0,1,0.7448558649031736
22,9.92,1.39,3.85,3.34,7.78,186,148,Moderate,1,0,0,0.5282257532030491
27,6.24,5.21,1.72,5.4,7.98,119,76,Moderate,2,0,1,1.1105767450998805
33,3.88,0.58,3.07,2.2,8.4,224,37,Low,1,0,0,0.9407214070305652
23,3.61,3.67,1.41,0.89,7.7,137,81,Low,1,1,0,1.407201826259882
33,3.36,5.22,1.6,5.21,8.63,53,127,High,2,1,0,2.0297613006662796
31,7.55,1.95,3.5,4.25,7.29,184,29,Low,0,1,0,0.7218542090259326
27,6.38,3.64,3.42,1.73,8.43,191,38,Low,1,1,0,1.1065828986547182
23,9.59,5.55,3.69,4.73,5.4,104,31,Moderate,2,0,1,0.9635035491654277
33,4.03,3.0,2.18,5.72,5.15,74,96,Low,2,0,0,1.2853594825410712
31,11.81,1.67,0.85,0.63,7.91,128,84,Moderate,0,1,0,0.21337847473509952
26,6.65,2.14,2.85,5.29,6.86,191,81,Moderate,0,0,0,0.7503758270111538
27,4.48,2.42,1.68,3.12,7.6,61,126,Low,2,0,1,0.9151783671476857
24,3.7,4.17,2.47,2.28,8.94,207,96,High,1,0,0,1.7945941095691595
21,10.13,4.21,1.05,4.47,8.95,233,47,Moderate,2,1,0,0.5192497019496839
24,6.78,3.5,0.66,2.58,6.07,68,162,Low,1,0,0,0.6135692310369866
27,7.52,5.27,2.8,4.07,6.55,125,105,High,2,1,0,1.0731381551677985
23,7.13,2.55,2.21,1.39,6.46,92,126,Low,2,1,0,0.6676015893966915
20,8.85,3.89,1.65,3.23,7.88,159,40,High,2,0,0,0.6259886298317934
24,5.01,3.0,1.52,1.58,6.61,51,104,Low,1,1,0,0.9021954287035072
29,10.04,3.29,1.07,4.12,5.88,223,121,Moderate,0,1,0,0.434262904953894
18,4.38,2.56,3.27,5.01,7.2,105,58,Low,1,1,0,1.3310499244178255
30,10.46,4.91,2.31,1.21,7.36,206,59,High,1,1,0,0.6902484999762429
21,9.39,1.19,0.47,3.67,6.26,215,175,High,2,1,0,0.17678379373974507
20,3.84,2.91,2.52,3.76,4.63,201,154,Low,0,0,1,1.4140621317546531
22,11.85,3.99,3.11,1.53,7.44,76,91,High,0,0,1,0.5991560675817664
19,5.47,5.64,2.51,4.01,7.11,46,43,Moderate,2,1,0,1.4899448830082478
27,5.36,1.49,0.31,5.15,8.61,73,115,Low,0,0,0,0.3358208328692476
20,4.89,2.81,3.56,3.98,6.53,61,61,Low,0,0,0,1.3026582203152925
29,7.36,3.88,2.19,1.37,7.84,51,64,Low,2,1,0,0.8247281488141102
29,4.03,1.69,1.31,1.71,7.77,52,83,Low,0,0,1,0.7444166887303502
35,8.87,3.07,3.24,2.9,8.76,69,79,High,2,1,0,0.7113866165291303
27,4.49,1.63,2.89,2.88,6.51,172,84,Low,2,0,0,1.0066812902714273
24,8.1,2.56,2.53,0.85,5.25,28,145,High,1,0,0,0.6283949841487675
18,4.03,4.95,1.72,1.52,5.6,75,110,Moderate,1,0,0,1.6550864379438117
18,9.45,1.68,2.27,2.27,5.55,36,113,Moderate,0,0,1,0.4179893737577383
26,9.45,5.7,3.23,4.19,7.08,185,122,High,1,1,0,0.9449734449763552
24,3.45,3.22,0.19,2.01,5.04,135,58,Low,2,0,1,0.9884055106070984
18,5.57,4.04,3.42,5.93,8.6,92,48,Moderate,1,0,0,1.3393175333361698
18,3.63,1.02,3.21,4.48,5.74,212,103,Low,2,0,1,1.1652889351821116
19,6.54,4.33,1.82,5.17,8.85,51,110,Moderate,0,1,0,0.9403668286900874
18,4.25,5.96,3.45,4.48,5.52,42,63,Moderate,1,0,0,2.214117126090088
19,4.0,5.71,0.3,2.31,7.26,227,112,High,0,1,0,1.5024996243750939
22,5.87,1.31,2.34,5.18,8.53,183,129,Low,2,0,1,0.6218056862341249
33,11.79,2.27,2.92,1.74,5.69,95,36,Moderate,0,1,0,0.44020352500394194
33,3.54,0.57,0.86,5.0,5.35,46,102,Low,2,0,1,0.40395468814839314
32,8.9,5.16,0.42,1.22,8.63,118,130,High,2,1,0,0.6269662216891886
20,5.5,1.4,1.23,5.28,7.42,57,133,Low,2,1,0,0.4781817312396852
32,4.68,0.66,2.65,2.99,5.7,160,36,Low,0,0,1,0.7072648061399988
31,7.57,0.79,1.09,1.04,7.42,207,123,Low,0,0,1,0.24834871223927182
26,7.77,3.21,1.73,4.25,7.41,48,71,Low,0,1,0,0.635778553953854
35,3.91,1.75,2.48,4.44,6.26,45,71,Low,2,1,0,1.0818411555393463
23,10.07,2.41,1.15,3.78,7.8,44,62,High,2,0,1,0.353525287634033
25,4.53,4.25,0.67,2.33,6.55,23,136,High,0,1,0,1.0860924754762746
23,9.11,5.19,2.38,5.83,7.12,145,78,High,0,1,0,0.8309549032980349
34,7.53,4.65,3.1,1.05,8.12,105,130,High,1,0,0,1.0292163307813638
29,7.13,5.05,1.2,2.34,6.83,189,167,Moderate,1,0,0,0.8765777171700256
25,8.93,1.28,1.99,1.84,7.83,130,107,High,0,0,1,0.36618136996849165
21,11.69,5.32,2.72,5.45,6.52,244,149,High,2,0,0,0.6877672636640495
31,11.51,2.02,0.76,3.69,7.66,233,171,High,1,1,0,0.2415290841416956
18,7.49,4.27,1.87,1.33,8.85,179,157,High,1,1,0,0.819759570125558
27,3.14,0.73,1.13,3.76,4.74,98,16,Low,2,0,0,0.5923564992495225
22,6.15,2.06,3.44,4.16,7.96,59,37,Moderate,0,0,1,0.8943087976733661
20,5.62,0.68,3.73,1.87,7.55,118,123,Low,0,0,1,0.7846973692709307
27,4.56,2.9,3.5,4.92,5.13,216,66,Low,1,0,0,1.4035084641428808
20,5.68,5.6,1.84,1.51,8.02,233,126,High,2,0,1,1.3098589243206118
29,7.22,2.85,1.68,2.76,4.62,163,21,Low,1,0,1,0.627423735813887
27,10.08,3.69,1.49,3.91,8.55,244,90,High,1,0,1,0.5138888379078533
18,7.17,4.7,2.07,5.12,4.88,89,42,High,0,0,1,0.9442118627319577
28,10.78,1.17,2.34,3.31,7.73,199,67,Moderate,2,1,0,0.32560293825575715
22,5.71,2.21,3.96,0.54,6.68,196,66,Low,0,0,1,1.080560231075266
21,5.22,1.07,0.1,3.28,6.26,51,91,Low,0,0,1,0.22413788809619006
32,10.73,3.89,1.73,4.0,5.33,229,76,High,2,0,0,0.52376509564165
27,5.61,1.05,2.36,2.52,5.74,118,42,Low,1,0,0,0.6078430289049859
32,4.08,2.64,2.32,0.69,7.43,188,173,Low,1,0,1,1.2156859765475547
32,5.49,5.9,1.43,5.21,6.76,109,149,Moderate,0,0,0,1.3351545837605494
28,7.14,5.22,0.56,4.82,7.46,120,32,High,2,0,0,0.8095236961451405
23,8.18,5.6,3.1,3.39,5.08,102,165,Moderate,1,1,0,1.0635695521308617
18,10.67,1.38,0.39,1.08,8.7,141,97,Moderate,2,1,0,0.16588564518410076
30,9.8,2.81,0.26,3.87,5.02,236,33,Moderate,1,0,0,0.3132652741566047
21,9.29,2.58,3.96,3.66,5.4,84,140,Moderate,1,0,1,0.7039827014012163
23,6.91,3.41,3.16,0.97,4.61,191,39,Moderate,0,0,0,0.9507958103045137
35,10.78,2.37,2.73,5.77,7.78,155,142,High,0,0,0,0.4730982863545189
35,10.68,4.91,1.76,3.94,8.43,165,35,Moderate,2,1,0,0.6245317767292344
33,5.08,3.81,1.32,1.73,8.73,232,79,Low,1,0,0,1.009842320897181
20,7.81,1.83,2.07,3.86,5.91,178,29,Moderate,0,0,1,0.49935973119593713
18,3.29,2.82,0.8,5.38,4.77,72,155,Low,1,0,0,1.1003036169289917
20,10.25,3.6,2.44,5.09,8.13,108,33,High,2,1,0,0.5892682351933429
26,9.51,1.07,1.99,1.74,6.08,142,92,Moderate,0,1,0,0.32176652767965014
24,7.81,5.23,2.73,4.56,6.99,33,114,High,2,0,1,1.0192060154665794
31,7.95,1.14,0.47,3.89,8.57,110,64,Low,0,1,0,0.20251569779676754
18,5.04,4.61,3.55,4.86,7.06,225,18,Moderate,0,1,0,1.6190472978080759
22,6.95,2.05,1.26,3.81,8.51,94,48,Low,1,1,0,0.4762589242792914
26,11.45,1.63,2.82,4.97,8.54,239,71,High,1,0,1,0.3886462542667027
25,7.74,1.97,2.79,3.27,4.74,250,120,Moderate,2,1,0,0.6149870006476743
24,11.21,5.13,2.08,2.18,6.99,51,110,Moderate,0,0,1,0.6431756785748726
32,8.85,3.0,0.46,3.24,4.65,91,165,High,0,0,1,0.39096040780108393
30,7.46,5.25,1.54,0.74,5.43,67,125,Moderate,2,0,1,0.9101875455512674
29,11.44,5.51,3.02,2.35,8.23,87,166,High,0,0,0,0.7456293054519838
19,10.27,3.54,3.81,5.63,5.79,156,133,Moderate,2,0,0,0.7156766586488161
32,9.71,5.59,0.53,0.58,8.1,90,36,High,2,0,1,0.6302779989415037
30,3.35,2.01,1.07,1.88,7.44,217,170,Low,1,1,0,0.9194027106260565
32,7.16,2.92,1.87,5.81,6.66,236,157,Moderate,0,0,1,0.6689943199728603
35,5.83,0.85,0.72,4.71,5.74,242,141,Low,2,0,1,0.2692966948033113
19,5.09,4.1,0.74,3.29,6.48,101,25,High,0,0,0,0.9508838996298822
18,9.11,5.22,1.41,4.45,7.2,109,42,Moderate,1,1,0,0.7277715995859936
24,5.93,2.54,3.29,2.79,7.39,244,87,Low,1,0,0,0.9831364278016143
29,7.24,5.85,2.49,1.38,4.7,58,166,High,2,0,1,1.1519335425506156
34,10.05,4.42,3.76,2.58,7.12,188,53,Moderate,2,1,0,0.8139302672706201
34,11.98,3.97,2.94,3.46,5.05,244,150,High,2,0,0,0.5767946096164767
26,4.76,3.66,3.64,2.31,8.1,112,74,Low,2,0,0,1.5336131231905206
31,6.26,2.44,2.02,5.53,7.44,174,73,Low,1,0,1,0.7124599500862699
25,9.99,2.74,2.34,1.26,5.67,93,102,High,0,0,1,0.508508457606761
22,8.18,3.98,3.09,5.45,8.44,23,57,Moderate,1,1,0,0.8643030728235854
19,10.5,0.63,0.67,0.9,6.82,155,114,High,1,0,1,0.12380951201814172
35,5.17,2.11,1.35,5.04,6.01,175,172,Low,2,0,1,0.6692455185211763
29,11.55,5.51,2.52,4.57,6.46,213,137,Moderate,2,1,0,0.6952380350443259
18,8.34,2.53,2.6,2.59,6.47,150,165,High,0,0,0,0.6151078399151272
28,3.43,3.35,2.1,3.3,8.68,93,97,Low,0,0,1,1.5889208195566122
24,6.87,2.03,3.52,2.23,6.06,62,45,Low,1,1,0,0.8078601444162817
27,11.45,1.93,2.42,1.08,5.54,91,51,Moderate,2,0,1,0.3799126305753161
19,11.64,3.47,3.2,0.54,8.25,26,109,High,2,0,1,0.5730240057539514
22,10.48,2.12,0.44,4.38,8.3,133,125,High,0,0,1,0.24427478585164258
21,11.72,4.92,2.98,1.72,4.83,60,144,High,1,1,0,0.6740613759333297
31,3.9,4.38,2.09,1.55,7.01,234,175,Moderate,2,1,0,1.6589739335964273
30,10.85,1.71,0.78,3.09,6.68,67,142,Moderate,0,1,0,0.22949306640616904
31,3.61,3.57,0.83,1.48,6.38,87,172,Low,2,0,0,1.2188362274691888
34,8.91,1.49,1.2,1.78,5.81,144,140,High,1,0,0,0.3019079346904675
21,4.97,5.8,3.59,4.7,6.39,134,98,Moderate,1,0,0,1.8893356359485642
28,8.95,2.41,1.59,1.2,8.47,235,140,Moderate,2,0,0,0.4469273243656622
26,7.57,5.39,3.13,0.83,7.97,86,96,High,1,0,0,1.1254952278077637
19,5.41,4.51,1.36,5.0,5.89,124,71,Moderate,0,0,1,1.0850275258729156
28,4.16,3.47,3.8,0.62,6.21,219,100,Low,2,0,1,1.7475957337510253
24,6.26,1.59,0.63,3.45,8.37,78,89,Moderate,1,1,0,0.35463253120886085
35,9.6,5.67,0.14,0.61,8.73,46,143,Moderate,1,0,0,0.6052082702908053
27,3.22,3.97,2.75,0.69,7.87,228,111,Low,0,1,0,2.0869558736161884
20,7.54,4.37,2.93,0.61,7.84,158,169,Moderate,0,0,1,0.968169632868749
27,10.06,2.84,2.97,2.16,6.57,45,82,High,2,0,0,0.5775347338434659
31,3.84,5.82,2.24,3.16,8.58,156,144,High,0,0,0,2.098957786729743
35,9.43,2.99,2.31,0.64,7.97,134,109,High,0,1,0,0.5620359955423124
20,3.86,1.43,3.46,3.19,5.62,56,118,Low,1,0,0,1.2668390500416968
26,6.71,4.57,3.34,0.7,7.6,173,119,High,1,0,1,1.178837380203073
33,5.82,4.09,1.29,4.4,6.81,239,35,High,1,1,0,0.9243984665982016
18,4.46,4.61,0.66,2.91,8.87,29,123,Moderate,2,0,1,1.1816140848398913
35,6.76,0.55,0.47,5.98,7.74,245,84,Low,2,1,0,0.1508875516438533
27,7.71,1.62,2.46,4.43,6.84,84,135,Low,1,0,1,0.5291828107415291
33,3.09,2.79,0.6,0.87,8.9,99,63,Low,0,1,0,1.0970870235964325
19,8.62,3.77,0.27,4.0,8.48,108,175,High,0,0,0,0.4686774398286034
27,6.31,4.72,3.74,3.59,7.39,71,34,High,0,1,0,1.3407287891079576
26,8.07,1.2,2.09,4.05,6.22,167,166,Moderate,2,1,0,0.40768272519421006
18,10.05,5.94,0.37,4.92,5.16,62,136,Moderate,1,1,0,0.6278606340437181
34,10.27,2.84,1.89,2.16,7.92,81,158,High,1,0,0,0.46056470685835377
34,5.85,0.93,2.42,1.68,5.25,182,86,Low,1,0,1,0.5726494747607735
26,9.17,3.57,1.74,2.41,4.61,113,134,Moderate,1,0,1,0.5790620960673832
35,10.89,5.56,0.76,2.56,8.7,22,65,Moderate,2,0,1,0.5803488906933985
27,5.96,5.51,3.66,3.27,4.56,89,23,High,2,1,0,1.538590345874103
26,5.47,0.81,2.29,0.67,7.73,140,170,Low,1,0,1,0.5667275015123397
35,10.27,0.71,0.12,5.42,5.19,208,60,High,0,1,0,0.08081790839163502
19,6.99,4.41,1.26,5.22,5.75,238,64,High,2,0,1,0.8111586822376706
28,11.08,1.43,3.95,4.47,6.15,23,118,Moderate,2,1,0,0.485559522963942
34,4.33,1.97,0.69,0.74,7.24,196,144,Low,2,0,0,0.6143185648225024
35,6.16,2.38,2.27,4.33,7.05,138,37,Low,0,1,0,0.7548700073262975
28,8.32,5.81,3.07,4.84,5.48,115,132,High,2,0,1,1.0673075640255332
24,9.73,4.56,1.24,2.59,5.79,91,50,Moderate,1,0,0,0.5960944916655199
24,4.59,2.12,2.79,1.95,6.7,168,108,Low,2,1,0,1.0697165425454156
30,4.4,3.63,3.98,2.89,7.41,194,88,Low,2,0,1,1.7295450614670311
24,5.32,3.07,0.13,1.13,7.46,67,136,Low,2,0,1,0.601503646333901
30,8.92,5.46,1.29,1.08,6.11,250,17,High,1,0,1,0.7567263725643081
21,4.68,2.47,0.65,3.51,7.88,132,172,Low,2,0,0,0.6666665242165547
25,5.27,2.55,1.35,4.23,5.85,244,74,Low,2,0,0,0.7400378102395048
26,11.59,2.7,0.11,3.32,8.65,246,167,Moderate,2,1,0,0.24245036734681907
28,10.1,0.8,0.36,4.86,5.14,108,132,Moderate,1,1,0,0.11485147377708183
23,5.71,0.94,0.94,1.62,4.91,82,54,Low,1,1,0,0.32924687753995135
29,3.9,3.52,1.58,1.67,6.63,116,133,Low,0,0,0,1.3076919723866736
22,6.6,2.3,1.13,4.21,8.43,172,115,Low,1,1,0,0.5196968909550165
23,9.91,2.53,1.36,5.03,7.25,212,116,Moderate,2,0,0,0.39253275554664424
24,3.4,2.16,0.37,2.61,5.31,58,87,Low,2,0,0,0.7441174282007564
31,4.62,2.69,2.07,1.09,8.13,108,40,Low,1,0,0,1.0303028072937646
22,8.17,2.61,1.82,3.17,8.82,122,123,High,1,0,1,0.5422275958105758
21,8.43,4.91,1.8,2.55,6.63,105,151,High,0,0,1,0.7959666908699062
30,10.83,0.94,0.03,5.72,7.68,86,65,High,2,1,0,0.0895660120437662
32,5.54,1.17,1.96,2.52,8.5,195,109,Low,1,0,1,0.5649818474762007
26,4.61,2.46,0.07,2.29,7.36,172,43,Low,0,1,0,0.5488068223846372
20,7.81,1.19,0.58,3.21,8.52,108,132,Low,0,1,0,0.2266324933889253
28,6.36,1.31,3.91,4.01,8.47,117,146,Moderate,0,0,0,0.8207545879316686
30,3.2,5.73,1.03,4.09,8.47,234,125,High,0,0,1,2.112499339843956
34,7.85,4.87,2.78,0.77,7.08,75,126,High,2,0,1,0.9745221688506792
19,8.44,5.5,2.71,2.0,6.33,24,121,High,1,0,1,0.9727486999112918
28,3.87,1.74,2.84,1.72,7.25,206,170,Low,2,0,1,1.1834622264955486
30,7.28,3.57,1.37,2.26,8.2,58,133,Low,1,0,1,0.6785713353610802
30,5.3,0.68,3.41,5.82,7.34,163,103,Low,2,0,0,0.771697967604157
28,7.06,3.07,0.62,3.72,7.31,164,125,Moderate,0,1,0,0.5226628154868533
30,11.29,1.22,2.43,5.17,4.94,75,69,Moderate,2,1,0,0.32329492264881116
30,7.95,2.44,0.87,5.45,5.75,217,107,Moderate,2,1,0,0.41635214888652217
30,7.45,3.05,3.3,2.97,8.66,65,117,Moderate,2,0,1,0.8523488788793451
23,9.15,1.04,2.32,2.8,6.38,68,177,Moderate,0,0,1,0.3672130746215219
31,11.51,2.29,1.0,3.63,6.62,43,109,Moderate,2,1,0,0.2858383765561793
32,6.32,5.31,0.7,5.65,8.65,102,48,High,0,0,0,0.9509492166219593
25,9.15,2.94,0.97,1.47,6.58,184,43,Moderate,1,0,0,0.42732235766968774
20,3.06,0.68,2.71,5.27,8.98,240,113,Low,1,0,1,1.1078427752147793
35,9.43,2.91,3.31,0.83,8.15,232,25,High,2,1,0,0.659596960806261
21,4.31,1.94,3.3,4.64,5.0,63,108,Low,1,0,0,1.2157769800981486
24,5.38,2.32,2.77,3.02,7.69,212,77,Low,1,0,0,0.9460964784207289
32,9.3,3.63,2.38,4.69,5.17,93,21,High,1,0,0,0.6462364896519903
23,8.11,2.18,2.85,4.2,5.19,226,47,High,1,0,1,0.6202218717358976
25,3.25,1.66,1.21,3.71,5.67,204,145,Low,2,0,1,0.8830766513610303
23,11.75,4.04,2.35,3.26,6.86,116,139,Moderate,2,0,0,0.5438297409506604
30,3.13,5.71,1.37,2.2,5.51,91,170,High,0,0,0,2.2619801079935757
32,8.12,4.01,0.05,4.6,8.19,221,149,High,2,0,1,0.4999999384236529
19,6.59,1.04,1.32,0.87,6.99,156,152,Low,0,1,0,0.35811830681057566
26,10.18,1.5,3.75,5.22,5.53,203,131,High,2,1,0,0.5157170416780903
24,9.6,5.55,3.62,1.23,5.86,73,73,High,2,1,0,0.9552082338324758
35,10.93,0.78,3.16,0.9,6.65,133,36,High,0,0,0,0.36047572182289833
18,8.24,5.24,0.45,5.38,8.0,69,165,Moderate,2,0,0,0.690533896779867
31,8.41,3.21,0.71,3.29,6.81,185,91,High,2,0,0,0.46611171627684705
35,7.53,3.94,0.45,4.66,5.32,21,96,Moderate,2,1,0,0.5830012505974435
23,3.59,2.88,1.22,5.59,6.49,183,152,Low,0,1,0,1.1420609632142162
27,7.52,2.26,2.12,1.07,5.85,176,68,Low,0,1,0,0.5824467310576156
30,10.07,5.19,2.44,1.36,8.81,141,167,Moderate,2,0,0,0.7576960518673237
33,11.41,5.09,1.48,2.18,7.77,232,95,High,1,1,0,0.5758106419096721
30,3.5,2.75,2.58,1.27,6.56,90,19,Low,0,0,0,1.5228567077552264
29,3.21,2.85,1.53,3.57,7.83,224,70,Low,1,1,0,1.364485556235029
25,4.44,4.48,3.77,3.76,8.78,31,114,Moderate,2,0,0,1.858107689615385
30,3.53,0.81,1.37,3.46,6.47,92,43,Low,2,0,1,0.6175635644295852
31,10.42,5.31,2.36,3.66,7.03,132,77,High,2,0,1,0.7360843823335526
18,4.26,4.73,3.48,4.35,7.83,238,107,Moderate,1,0,0,1.9272295945470437
32,5.05,2.49,0.8,5.84,5.67,174,20,Low,2,0,0,0.6514850195079169
33,10.18,5.07,0.24,5.94,6.18,164,126,High,2,0,0,0.52161095072584
28,8.71,4.54,2.26,5.86,8.01,156,55,Moderate,0,1,0,0.7807117358539912
31,10.36,3.06,3.56,5.97,5.18,104,33,High,2,0,1,0.638996077316981
31,11.0,2.71,1.18,3.93,6.25,22,72,Moderate,0,0,1,0.3536363314876062
28,7.79,4.09,0.8,5.02,8.66,248,162,High,0,1,0,0.6277277756447014
21,3.24,3.81,3.38,4.79,6.93,37,98,Low,0,0,0,2.219135117550889
23,6.82,1.99,3.75,1.69,6.1,55,127,Moderate,1,0,1,0.8416421053310695
24,6.42,2.96,1.6,1.63,6.21,228,46,Low,0,1,0,0.7102802631962207
21,11.47,4.57,1.43,5.97,6.37,73,38,High,1,0,1,0.5231037033039492
21,11.5,0.59,1.52,2.81,8.83,45,105,High,1,0,1,0.18347824491493522
27,5.06,4.36,2.6,4.96,8.44,24,85,Moderate,1,1,0,1.375493799309526
23,8.08,1.2,0.62,4.32,7.93,35,167,High,2,0,1,0.2252474968753098
31,10.41,2.81,0.7,3.35,5.18,227,61,Moderate,0,0,0,0.3371757601176023
24,5.75,3.94,3.64,1.96,5.94,220,21,Low,1,0,0,1.3182606403024972
19,7.86,4.69,2.89,1.43,4.95,109,72,High,0,0,0,0.9643764676365817
31,10.71,3.45,0.54,3.82,7.37,99,136,High,1,0,1,0.3725489848226905
35,6.29,3.87,2.87,3.13,7.87,238,161,Low,0,1,0,1.0715419600092273
20,9.69,4.44,1.13,3.88,5.62,84,62,High,1,0,1,0.574819342123907
34,7.65,5.93,1.07,5.45,5.98,115,52,Moderate,0,1,0,0.9150325601264627
23,3.13,3.99,3.34,1.81,6.29,22,161,Low,1,0,0,2.3418522869481513
24,7.08,1.95,1.76,4.6,7.45,151,101,Moderate,0,0,0,0.5240112254221433
35,7.11,1.03,3.42,4.7,5.68,220,108,Low,0,1,0,0.6258789555725801
32,10.47,1.16,2.85,1.19,6.06,135,126,High,0,0,1,0.3829990083095503
24,4.28,4.24,3.1,1.59,7.85,154,168,High,2,0,1,1.7149528703381143
25,9.24,5.98,0.67,1.37,7.56,182,177,High,0,1,0,0.7196968918076958
26,3.44,5.83,1.6,2.64,6.85,127,136,Moderate,0,1,0,2.1598830930572404
26,9.38,4.17,0.84,4.53,7.17,37,30,High,0,1,0,0.5341150816508442
25,6.52,1.38,1.68,3.75,5.62,109,33,Moderate,1,1,0,0.46932508139185863
22,4.85,1.28,1.1,2.3,7.37,153,94,Low,2,0,1,0.4907215483048354
32,5.69,1.19,2.97,3.0,4.82,213,102,Low,0,1,0,0.7311070771340813
32,6.83,1.43,2.84,5.26,6.69,94,72,Low,0,0,1,0.625182924570582
33,10.53,5.8,1.69,4.01,8.39,91,85,High,2,0,1,0.7113009770844277
26,11.85,0.96,0.4,4.93,5.59,146,71,Moderate,2,0,1,0.1147679228043947
33,8.05,5.11,1.5,3.35,8.66,117,25,Moderate,2,1,0,0.8211179104201354
25,6.25,4.2,3.62,2.82,6.27,210,25,Moderate,1,0,0,1.251199799808032
31,9.02,0.64,2.27,0.63,8.76,45,89,High,0,0,0,0.32261637221547984
29,6.17,5.81,1.11,4.81,5.96,198,177,High,0,0,1,1.121555733945586
30,9.78,4.8,0.69,3.25,4.9,110,172,High,0,1,0,0.5613496358538206
20,8.76,2.22,1.99,1.52,6.22,87,139,Moderate,1,1,0,0.4805935524436584
28,3.14,1.54,1.24,3.28,7.39,95,158,Low,1,1,0,0.8853500365127273
20,9.4,5.53,2.65,5.19,5.16,107,151,Moderate,0,0,1,0.8702126733816306
27,8.52,5.84,1.3,1.74,8.22,82,155,High,1,1,0,0.8380280706539824
25,5.21,1.74,2.59,1.69,4.56,82,20,Low,1,0,1,0.8310938903850498
35,11.99,1.56,0.74,3.35,6.3,167,114,High,2,0,0,0.19182650610287688
29,6.28,5.59,0.94,3.47,4.85,197,49,Moderate,2,1,0,1.03980875162281
34,9.38,3.44,0.42,5.04,5.53,109,180,High,0,0,1,0.4115138154036444
19,7.14,2.91,2.36,0.86,8.98,25,158,Moderate,2,0,0,0.7380951347205693
22,3.57,2.45,3.82,2.02,5.63,249,22,Low,1,0,0,1.7563020290470506
24,8.96,2.2,2.79,2.18,5.55,224,145,Moderate,0,0,1,0.5569195807009397
19,9.41,2.47,0.48,5.88,7.26,155,120,Moderate,2,0,1,0.3134962472373808
23,10.52,0.66,3.72,4.51,5.99,44,118,High,2,0,0,0.41634977030895726
33,4.25,2.39,0.38,2.45,7.68,245,79,Low,0,1,0,0.6517645525259876
25,6.16,4.06,0.33,2.98,4.92,85,20,High,0,1,0,0.7126622219704184
23,3.02,5.92,0.05,2.3,5.88,224,160,Moderate,0,0,1,1.976820537476643
33,4.64,1.7,1.38,5.3,8.61,173,110,Low,1,0,0,0.6637929603894482
18,8.6,5.64,3.55,4.87,5.04,99,89,Moderate,2,1,0,1.0686045269064504
33,4.74,1.35,2.45,2.36,6.55,188,155,Low,1,0,0,0.8016875945806763
25,6.29,1.82,3.27,1.54,6.32,111,30,Low,1,0,1,0.8092208570396093
28,11.21,3.6,2.81,3.37,7.91,184,66,Moderate,0,0,0,0.5718108321310587
31,6.64,2.57,1.96,3.2,5.95,143,171,Low,1,0,1,0.6822288129173474
19,4.69,0.99,3.57,4.61,7.07,64,179,Low,0,0,0,0.9722812425839567
30,4.69,5.8,0.21,5.04,8.43,209,145,Moderate,0,1,0,1.2814496201599954
21,7.12,1.52,0.89,2.26,7.71,146,67,Low,2,0,0,0.33848309852765474
24,11.1,1.14,1.16,5.47,7.47,232,99,High,1,0,0,0.20720718853989292
19,4.4,3.79,2.49,1.92,8.65,194,161,Low,2,0,1,1.4272724028926356
26,6.68,0.56,3.29,2.57,8.29,68,139,Low,0,0,1,0.5763472191096978
32,4.16,4.29,0.28,1.13,5.22,222,140,Moderate,2,0,1,1.0985574282313875
26,11.6,4.43,2.78,2.07,5.79,239,160,Moderate,0,1,0,0.6215516705558904
35,10.62,1.6,2.07,0.7,6.65,48,73,Moderate,1,0,1,0.3455743554073112
20,5.18,3.88,1.75,1.29,7.19,30,143,Low,0,1,0,1.0868723770516646
18,11.54,2.38,3.8,5.57,6.08,71,179,High,1,0,1,0.5355285497808883
20,5.03,3.95,1.34,4.47,4.61,132,32,Low,2,1,0,1.0516896517515602
35,11.68,0.81,2.74,2.75,6.9,178,58,Moderate,1,1,0,0.3039383301422663
21,9.16,0.53,0.01,0.82,6.24,165,45,Moderate,2,1,0,0.05895195862969885
33,11.43,4.05,1.13,3.89,6.52,211,75,High,2,0,1,0.4531933111816876
32,7.31,5.44,1.82,5.34,5.51,93,178,Moderate,1,0,0,0.9931599188563723
18,6.89,2.15,0.17,2.76,8.46,238,73,Low,0,0,0,0.33671983501889186
31,10.95,3.03,1.81,5.74,6.59,106,98,Moderate,0,1,0,0.4420090920539642
24,8.12,5.71,2.92,4.81,6.14,138,155,High,1,1,0,1.062807750885745
30,4.27,1.1,2.61,2.15,8.25,218,174,Low,0,0,1,0.8688522555381135
23,8.94,5.65,1.73,5.69,4.61,72,113,Moderate,0,0,1,0.8255032633665256
30,8.18,4.9,0.6,2.24,5.61,209,48,Moderate,1,0,1,0.6723715559447977
21,10.08,0.97,0.03,5.24,4.74,238,38,Moderate,1,1,0,0.09920633936445046
27,10.57,2.5,3.64,3.71,8.23,141,101,Moderate,1,0,1,0.5808892544097206
23,11.11,1.34,1.66,3.43,7.28,60,158,Moderate,1,1,0,0.2700269783954115
22,11.18,1.03,0.16,5.34,6.63,142,58,High,2,0,1,0.10644006203577264
23,7.03,0.61,1.97,4.19,6.05,106,36,Low,0,0,1,0.36699852532026667
27,9.1,5.54,0.44,5.64,8.82,70,177,High,2,0,1,0.6571427849293644
33,3.14,5.4,1.67,1.43,8.33,69,146,High,2,0,0,2.251591639620497
23,3.47,1.81,1.23,2.97,6.45,30,84,Low,2,0,0,0.8760804391699022
35,3.28,5.3,3.71,0.56,7.08,97,112,High,1,1,0,2.7469503820273227
26,9.27,2.35,3.21,5.19,8.03,124,102,Moderate,1,0,0,0.5997841855680491
27,5.4,5.52,3.68,0.97,7.5,101,145,Moderate,0,1,0,1.7037033882030759
20,4.59,0.86,2.29,1.8,4.89,39,17,Low,2,1,0,0.6862743602888104
32,8.68,2.32,2.66,3.87,4.75,55,66,Moderate,0,0,1,0.5737326527957775
20,3.03,4.85,0.93,0.77,4.86,102,175,High,1,0,1,1.9075901295082078
23,7.22,4.52,2.37,5.23,6.49,149,16,Moderate,0,0,1,0.9542934966352498
24,9.3,4.37,0.3,1.53,5.95,78,56,High,2,0,1,0.5021504836397329
27,4.96,1.88,1.38,1.82,4.53,247,79,Low,0,1,0,0.6572579320044492
33,6.1,4.53,2.48,5.0,4.86,215,129,High,2,0,1,1.1491801394786656
29,9.28,3.83,3.84,3.63,7.77,101,130,High,1,0,0,0.8265085316262359
33,5.82,6.0,0.76,3.73,4.69,110,119,High,1,0,0,1.1615118279189298
32,7.07,1.28,3.0,2.81,4.61,55,96,Moderate,2,0,0,0.6053747375707584
18,6.91,5.0,3.62,1.33,8.76,75,39,High,1,0,0,1.2474672579642174
24,3.2,2.66,1.21,5.75,6.97,78,63,Low,2,0,0,1.2093746220704304
23,7.39,4.16,1.41,1.08,8.79,200,137,High,0,1,0,0.7537211429335395
31,7.41,5.76,2.53,2.36,5.9,178,124,High,2,0,0,1.1187582835683827
29,10.26,5.25,1.48,5.84,4.78,134,109,Moderate,0,0,0,0.6559453551710182
33,10.08,3.55,2.31,2.32,5.37,52,97,Moderate,2,1,0,0.5813491486756797
33,8.07,5.4,1.25,5.34,6.23,57,174,High,2,0,1,0.8240395509244671
26,3.6,2.64,0.77,4.73,7.7,113,30,Low,0,0,0,0.9472219591050114
33,8.06,4.81,3.83,3.17,5.91,246,152,Moderate,2,0,0,1.0719601647692105
19,9.62,1.57,3.2,2.05,8.06,128,17,High,0,1,0,0.49584194429917433
18,8.86,4.69,0.31,3.06,8.59,57,129,High,2,0,0,0.5643340220841963
21,11.43,3.01,0.79,3.84,5.78,170,47,Moderate,0,0,0,0.3324584136081878
35,7.29,1.28,3.33,2.56,4.61,131,180,Low,0,0,1,0.6323730271093242
27,5.92,4.66,0.16,3.31,7.75,202,48,Moderate,0,1,0,0.8141890516572549
34,4.47,4.43,0.37,2.48,6.11,40,120,High,0,0,1,1.0738252631263394
19,7.72,4.03,1.58,1.35,8.2,228,68,Moderate,0,1,0,0.7266838436938027
19,8.8,3.57,0.21,5.14,5.51,30,25,Moderate,0,0,1,0.4295454057334766
28,5.91,4.66,2.68,0.61,7.94,146,21,Moderate,2,1,0,1.2419625648117487
24,8.31,1.65,2.33,0.54,7.66,168,109,Moderate,0,1,0,0.47894097726342033
35,3.07,3.95,2.49,1.96,6.18,119,55,Low,2,1,0,2.0977191864106888
28,11.08,2.66,2.6,2.98,6.5,186,146,Moderate,0,1,0,0.4747291990316607
30,10.24,4.59,3.5,1.6,7.07,211,91,High,2,0,0,0.7900389853477554
32,3.49,3.94,2.27,5.36,5.64,150,21,Low,0,1,0,1.7793691176592785
33,11.52,2.64,1.31,5.91,7.21,62,140,Moderate,2,1,0,0.3428819146803894
21,10.96,5.19,2.48,5.21,8.76,20,92,Moderate,2,1,0,0.6998174543962177
29,4.94,1.55,1.69,5.32,4.84,126,20,Low,0,1,0,0.6558703125768598
26,7.11,5.63,3.93,5.53,5.04,182,22,Moderate,1,1,0,1.3445849023087337
20,9.52,3.0,3.55,4.32,5.73,25,159,Moderate,2,1,0,0.6880251378124856
30,9.1,0.66,1.99,5.07,6.36,23,162,High,2,0,1,0.2912087592078287
27,9.47,1.61,1.07,4.19,8.83,68,75,High,0,0,1,0.2829989141500619
33,10.13,4.44,2.97,2.08,4.9,114,131,High,2,0,1,0.7314905497047829
29,9.54,3.47,1.28,4.02,6.33,168,117,Moderate,1,0,1,0.49790351175015607
33,9.08,2.74,3.85,0.98,5.64,55,100,High,2,0,1,0.7257708451794224
23,11.01,2.39,3.67,5.9,5.15,107,153,Moderate,2,1,0,0.5504086693543444
30,3.74,2.8,0.45,3.26,4.69,46,162,Low,2,0,1,0.8689837248706617
28,7.4,2.29,3.35,2.55,8.72,153,115,Low,1,1,0,0.7621620591672893
32,4.4,4.32,3.01,4.44,8.52,149,42,Moderate,0,0,0,1.6659087122934744
27,10.43,3.48,0.39,4.98,4.61,27,90,Moderate,0,0,0,0.3710450267454433
32,11.56,2.82,1.43,2.72,7.64,96,102,High,0,0,1,0.3676470270201534
33,8.72,3.76,2.72,5.87,6.75,109,22,Moderate,1,0,0,0.7431191808349564
29,11.54,4.27,3.98,2.59,8.83,214,37,Moderate,2,1,0,0.7149046174259431
21,7.09,4.62,0.97,5.91,4.65,99,156,High,1,1,0,0.7884343034648373
18,9.15,3.76,2.7,0.66,6.78,37,143,Moderate,1,0,0,0.7060108518020928
21,9.28,3.2,3.61,2.11,5.23,94,168,Moderate,0,1,0,0.7338361278193829
33,7.38,0.53,3.1,4.94,8.57,217,111,Moderate,0,0,1,0.49186985205015554
33,5.06,2.95,2.8,5.51,4.96,55,48,Low,2,0,0,1.136363411785887
29,10.15,2.86,2.83,5.44,6.16,159,42,High,0,0,1,0.5605910777742781
31,3.6,0.98,3.51,4.16,6.64,149,77,Low,0,1,0,1.247221875771701
20,8.13,4.16,1.78,5.98,6.18,87,137,High,2,1,0,0.7306272164050165
35,3.36,1.61,1.2,4.61,6.26,115,30,Low,0,0,1,0.8363092749079539
34,3.08,5.34,0.55,5.56,8.37,225,69,High,1,1,0,1.9123370414490122
21,4.55,3.54,2.51,5.22,4.82,190,47,Low,0,0,1,1.3296700374351567
20,8.1,1.86,3.01,5.12,6.13,77,82,High,1,0,0,0.601234493674754
18,4.73,4.5,1.49,2.97,8.26,77,47,Moderate,2,1,0,1.2663845102781162
34,5.59,4.75,1.73,0.67,4.8,41,52,High,0,0,0,1.1592126727705416
26,7.18,4.94,3.67,2.17,6.91,103,93,High,1,0,1,1.19916417838939
35,11.31,3.83,2.64,3.66,6.61,43,140,High,2,0,1,0.5720600732042376
26,11.41,5.31,2.38,1.75,8.67,102,76,Moderate,1,0,0,0.67397014250919
34,9.08,2.03,2.39,4.18,5.35,176,50,Moderate,2,0,1,0.4867840873585807
29,9.41,3.54,0.82,3.04,6.84,50,89,Moderate,0,0,1,0.463336826425417
33,6.37,2.65,2.87,5.63,6.57,107,52,Low,0,0,0,0.8665618733811815
35,11.85,0.52,0.76,5.64,8.68,136,155,Moderate,1,0,0,0.10801686852178326
19,11.83,3.95,1.96,1.09,6.47,100,45,Moderate,0,1,0,0.49957730350149593
20,5.5,3.52,1.07,4.81,8.67,195,123,Low,2,1,0,0.8345453028099449
28,11.79,4.46,1.14,1.82,5.49,174,161,Moderate,2,1,0,0.47497875530290457
18,7.98,2.24,0.88,4.93,8.21,72,153,Moderate,0,0,0,0.39097739461436154
21,3.86,5.15,0.88,3.03,5.25,64,71,High,0,0,0,1.5621757610943625
30,7.02,1.78,3.39,2.75,6.5,58,113,Moderate,1,1,0,0.7364671315573886
33,6.93,5.31,1.37,0.61,6.78,119,128,Moderate,1,0,1,0.9639248248304726
30,4.52,2.72,0.87,2.44,5.73,203,89,Low,1,0,1,0.7942476118921213
25,8.81,0.86,2.85,0.62,7.07,112,112,High,1,1,0,0.421112324504844
31,5.29,1.76,1.47,5.98,6.65,63,71,Low,2,0,0,0.6105858959194903
29,3.43,1.76,2.83,1.37,7.27,161,27,Low,2,1,0,1.3381920296816239
27,4.27,2.9,3.48,1.52,6.34,62,148,Low,0,0,0,1.4941448491464053
35,7.23,2.83,0.67,0.59,8.83,174,34,Low,0,0,1,0.48409398560249156
21,10.01,3.54,1.48,1.48,6.9,67,77,High,1,0,1,0.5014984513987562
18,7.51,5.42,1.58,1.42,6.61,236,48,High,2,0,0,0.9320904218255097
25,7.09,4.41,2.85,1.39,7.23,30,32,High,0,0,0,1.0239772885786618
34,10.19,4.23,1.58,3.48,6.32,154,134,High,2,0,0,0.5701667742721518
34,11.43,1.42,3.43,1.19,4.66,38,168,High,1,0,0,0.4243219226315028
30,5.7,0.63,1.95,4.63,5.47,218,178,Low,1,0,0,0.4526314995383334
25,4.28,5.45,3.61,1.89,6.3,202,134,Moderate,0,0,0,2.1168219353219775
19,5.21,1.3,2.56,1.06,6.18,109,134,Low,2,0,1,0.7408827752624232
27,6.19,3.32,1.91,5.64,8.41,142,32,Low,0,1,0,0.8449110105151839
21,4.31,4.41,1.08,0.64,5.48,153,110,High,1,0,0,1.2737816070112282
28,5.56,0.78,2.07,1.18,6.47,144,125,Low,0,0,0,0.5125898358651374
28,8.95,2.92,2.89,1.97,5.14,70,38,Moderate,1,1,0,0.6491619386411244
19,5.73,5.74,0.78,3.63,6.38,231,53,Moderate,2,1,0,1.1378706565670755
20,4.47,0.71,2.91,4.83,5.49,62,141,Low,2,0,1,0.8098432192744476
29,10.66,5.76,1.03,3.57,8.5,228,99,High,1,0,1,0.6369605406228386
25,5.04,0.62,1.93,2.3,6.79,147,118,Low,2,1,0,0.5059522805650236
22,8.0,5.14,0.88,5.76,6.59,59,40,High,2,0,1,0.7524999059375118
30,6.77,2.32,0.32,1.39,6.67,189,31,Moderate,0,0,0,0.3899556292532305
22,6.73,5.88,1.34,2.54,5.89,144,140,High,1,0,0,1.0728081615441065
25,5.58,3.86,0.66,1.38,5.97,116,36,Low,0,0,1,0.810035697126219
31,7.43,1.01,3.88,4.94,7.42,33,15,Moderate,0,0,0,0.6581425762930584
29,8.99,0.98,0.66,2.2,4.95,169,36,Moderate,2,1,0,0.18242489628199154
30,10.42,3.2,1.07,2.1,8.27,38,171,High,0,1,0,0.40978882823523727
34,3.87,3.84,2.76,0.68,8.33,190,56,Low,1,0,0,1.7054259159106158
30,6.76,5.62,3.18,5.16,7.5,73,76,Moderate,2,1,0,1.3017749553587346
19,8.29,1.15,0.43,2.97,5.17,38,87,Moderate,2,0,1,0.19059105059215314
33,6.92,1.17,2.58,5.68,6.98,170,92,Low,0,0,0,0.5419074361405439
23,6.52,2.4,0.2,5.13,8.12,119,62,Moderate,1,0,0,0.3987729449734747
22,10.34,4.6,2.83,4.12,8.81,212,160,Moderate,0,0,0,0.7185685958831145
31,3.84,5.32,1.34,0.73,5.13,151,169,Moderate,1,0,0,1.7343745483399613
19,9.94,3.97,2.85,4.9,6.18,20,41,Moderate,2,1,0,0.6861166311753893
28,9.12,5.22,2.98,2.0,6.26,155,166,High,2,0,1,0.8991227084295277
19,7.09,4.46,2.19,3.46,7.9,31,87,High,1,0,0,0.9379406293454684
32,11.23,3.85,0.92,2.23,7.16,135,82,Moderate,2,0,1,0.42475508239046467
26,6.55,0.52,0.92,1.72,8.2,81,116,Moderate,0,0,1,0.21984729467980232
35,11.46,0.59,3.47,4.53,7.95,221,93,High,2,0,1,0.35427571079618586
24,7.81,3.54,3.12,5.2,8.67,119,158,Low,0,0,1,0.8527527717346003
31,3.72,4.06,3.79,0.61,5.08,211,81,High,1,1,0,2.110214486501482
31,4.84,1.4,0.39,5.62,5.89,158,155,Low,0,1,0,0.3698346343316871
25,3.59,4.74,3.03,1.99,5.31,215,130,Moderate,2,0,0,2.164344801018161
26,10.07,2.46,0.37,1.47,8.13,159,79,Moderate,2,1,0,0.28103274269784084
22,6.08,3.37,2.76,1.57,8.96,213,176,Moderate,1,1,0,1.0082235183842896
34,9.98,2.71,0.67,3.92,6.68,170,32,High,2,0,1,0.33867732077381557
32,6.49,4.03,0.8,0.73,6.54,20,161,High,2,0,0,0.7442217651430254
18,11.73,5.24,0.34,5.14,7.18,163,44,High,1,1,0,0.47570328425376945
19,10.08,4.01,0.98,3.45,6.42,29,42,High,1,0,0,0.49503963342860785
22,5.53,5.17,3.93,5.86,6.14,147,93,Moderate,1,0,0,1.6455693226818582
28,4.66,1.01,0.55,3.39,7.2,45,107,Low,1,1,0,0.3347638766601123
23,8.19,3.7,0.32,0.77,5.9,214,155,High,0,1,0,0.4908424309105702
30,9.77,0.72,3.68,2.81,7.46,88,28,Moderate,0,0,0,0.4503581934126722
19,7.22,2.49,2.17,1.95,7.16,163,78,Low,0,0,1,0.6454292734862502
18,7.23,4.51,0.51,4.56,8.2,194,145,High,1,0,1,0.6943290879212879
24,7.43,1.81,1.72,3.87,6.25,231,150,Moderate,0,0,1,0.47510087818292357
27,5.42,3.89,3.56,4.39,5.65,174,142,Low,0,0,1,1.374538491782566
26,9.22,3.67,3.26,3.69,8.85,83,48,Moderate,0,0,1,0.7516268165263756
20,9.16,1.23,0.87,5.78,7.09,186,68,High,2,1,0,0.22925761689327329
28,4.86,1.29,2.9,4.82,8.41,103,120,Low,2,0,1,0.8621397403004648
24,10.72,1.3,1.56,1.53,7.5,189,77,Moderate,1,0,0,0.2667910198888974
18,6.9,1.37,3.13,5.09,7.87,154,89,Low,0,0,0,0.6521738185255335
26,4.59,4.73,1.89,4.69,4.79,136,104,Moderate,0,0,1,1.4422654809879127
26,10.56,5.8,1.08,3.14,6.47,54,19,High,2,1,0,0.6515150898186468
35,7.59,5.64,0.44,4.47,6.85,196,40,High,2,1,0,0.8010539129046228
20,8.1,5.37,0.96,2.06,8.14,213,157,High,2,0,1,0.7814813850022982
18,4.34,0.61,3.07,4.73,6.39,107,15,Low,0,0,1,0.847926071906435
31,5.26,4.93,2.34,3.96,7.51,174,159,High,0,0,1,1.3821290148043697
24,11.01,2.29,3.43,2.46,7.92,156,100,Moderate,1,1,0,0.5195276549021205
22,5.08,5.27,0.82,2.77,8.98,38,41,Moderate,2,1,0,1.1988186616498697
24,4.97,1.03,1.03,5.55,6.34,91,179,Low,1,0,0,0.4144868381314209
25,8.51,1.01,1.0,3.79,7.86,214,76,Moderate,2,0,1,0.23619268669886173
18,11.34,3.19,3.97,4.88,8.49,45,37,Moderate,0,0,0,0.6313932423815484
29,11.41,4.64,2.23,1.4,7.83,180,161,Moderate,1,1,0,0.6021033652845429
25,9.64,4.53,0.78,1.65,5.1,137,30,Moderate,0,1,0,0.5508298183786496
24,6.3,4.66,3.04,5.09,6.44,196,31,High,0,1,0,1.2222220282187257
23,6.37,3.43,2.74,5.41,4.99,215,55,Low,0,0,0,0.9686026736887482
25,9.3,1.41,2.85,4.43,8.48,155,166,High,2,1,0,0.45806446687478847
35,8.94,1.69,1.8,1.45,8.27,133,86,Moderate,2,1,0,0.3903802695324084
30,5.66,4.75,1.86,1.0,7.12,223,47,High,0,0,0,1.1678443166352797
22,3.48,1.49,3.5,4.89,5.58,32,145,Low,2,0,1,1.433907633934588
35,3.75,3.39,0.37,1.94,6.97,231,60,Low,1,1,0,1.0026663992889602
20,7.66,3.94,0.29,4.47,6.96,208,97,Moderate,2,1,0,0.5522192490575392
19,9.89,4.79,3.1,4.3,8.38,205,22,Moderate,0,0,1,0.7977754501743731
24,7.33,4.93,1.76,5.42,7.41,34,176,Moderate,2,0,0,0.9126874607520516
28,6.41,1.13,3.66,4.05,7.89,86,55,Moderate,0,0,0,0.7472697742168839
34,11.19,0.92,0.7,4.7,6.76,221,25,High,1,0,0,0.14477210502483426
18,3.4,0.77,2.65,5.37,6.2,182,102,Low,2,0,0,1.0058820570935125
30,8.07,1.8,0.6,1.98,5.53,102,109,Moderate,1,0,1,0.29739773266446934
30,9.57,3.54,0.16,3.08,6.33,81,120,High,2,1,0,0.38662482898382144
34,4.66,0.85,1.07,0.76,5.05,120,79,Low,0,0,1,0.412017078966292
26,11.66,4.04,2.19,3.11,8.46,83,147,Moderate,2,0,0,0.5343052715004056
26,5.18,4.2,0.57,2.7,7.55,205,58,High,2,0,0,0.9208492430792968
23,3.19,5.34,3.03,1.22,7.75,236,150,High,0,1,0,2.6238236288954138
32,10.86,5.02,1.17,5.9,6.25,110,110,High,0,1,0,0.5699815313092513
29,6.06,4.26,1.18,5.78,8.6,25,36,High,1,0,0,0.8976896208432968
34,8.18,4.98,2.02,5.55,7.97,207,42,High,2,0,0,0.8557456166570152
22,7.19,5.07,0.25,4.29,4.67,195,178,Moderate,1,1,0,0.7399164478558486
24,11.73,5.03,0.78,3.39,7.14,246,46,Moderate,0,1,0,0.4953111257194267
21,9.4,3.0,1.87,5.33,5.06,32,170,Moderate,0,0,0,0.5180850512675478
24,4.21,4.04,4.0,0.72,6.33,28,34,High,2,0,0,1.9097382637201272
21,7.16,3.25,1.63,3.54,8.39,248,17,Low,0,1,0,0.681564150619532
21,6.01,2.78,2.2,5.11,6.86,23,77,Moderate,1,0,0,0.8286188305126738
27,10.41,3.78,3.84,5.49,8.63,245,173,High,1,1,0,0.7319884023065896
19,3.69,3.82,3.23,5.29,7.38,167,88,Low,1,0,0,1.9105685879217917
34,7.3,5.11,2.35,4.66,6.33,63,55,Moderate,2,1,0,1.0219176682304565
32,5.48,2.36,0.31,1.9,4.66,210,90,Low,2,0,0,0.4872261884623743
18,10.0,2.36,1.97,2.68,6.46,222,26,Moderate,0,0,0,0.43299995670000435
18,11.45,5.69,3.5,0.8,8.48,112,114,Moderate,2,0,0,0.8026200172384267
22,9.16,0.9,3.76,1.67,8.79,216,70,Moderate,1,0,0,0.5087335689155493
34,7.95,2.9,0.44,3.95,6.68,215,158,Moderate,0,0,0,0.4201257333175178
19,4.04,2.17,2.22,4.87,8.93,219,64,Low,0,0,0,1.0866333943976747
19,4.91,4.05,2.46,1.18,4.96,114,130,High,0,0,1,1.325865310414397
20,10.23,2.07,0.73,0.59,8.98,85,164,High,1,0,1,0.2737047630787133
27,10.47,4.03,3.04,4.6,7.54,214,131,Moderate,2,0,1,0.6752625907103543
29,8.21,4.0,2.28,1.31,7.04,95,20,Moderate,1,1,0,0.7649207350888263
21,4.66,4.79,3.28,2.12,5.14,130,118,Moderate,0,0,1,1.7317592850301964
33,4.4,4.02,1.83,2.8,8.51,184,128,Moderate,0,0,1,1.3295451523761015
25,5.93,4.14,3.63,4.08,8.54,153,50,High,2,1,0,1.3102864569500072
29,11.64,5.38,0.47,1.28,7.63,176,126,High,2,0,1,0.5025772764108869
29,7.9,1.31,2.64,1.01,6.98,166,111,Low,2,1,0,0.4999999367088688
35,7.34,2.84,2.69,4.27,5.16,68,150,Moderate,1,1,0,0.7534058919065542
26,6.59,1.32,2.35,4.75,8.32,89,175,Moderate,0,1,0,0.5569043160994968
18,3.06,5.19,1.74,2.65,8.48,36,29,Moderate,1,1,0,2.2647051422532214
24,10.33,2.34,3.88,5.2,4.72,36,111,Moderate,2,0,0,0.6021296609748634
20,10.72,2.27,1.81,4.76,8.38,153,65,Moderate,1,1,0,0.38059697942192355
29,4.98,2.04,0.07,3.22,6.49,92,115,Low,2,0,1,0.42369469403720994
30,9.87,2.76,0.52,1.25,4.59,224,38,High,1,1,0,0.332320128437677
23,8.09,5.63,0.27,4.78,4.6,154,151,Moderate,0,0,0,0.7292953363046557
25,3.8,1.23,3.73,2.47,8.69,71,103,Low,1,0,1,1.3052628144045226
20,7.18,1.63,3.98,5.49,7.55,40,169,Low,1,0,0,0.7813369385324598
25,10.43,5.89,1.27,3.07,6.96,108,111,Moderate,0,0,1,0.6864812381130165
35,5.67,1.96,0.2,5.79,8.39,102,27,Low,1,1,0,0.38095231376502403
31,5.48,5.97,0.95,1.63,5.63,46,116,High,0,0,1,1.262773492194618
33,9.01,1.44,0.75,0.58,5.23,43,140,Moderate,2,0,1,0.24306323606401378
24,5.35,5.62,1.68,3.65,6.03,232,140,Moderate,2,0,0,1.3644857262643502
25,10.87,3.47,3.51,5.16,5.3,194,96,High,1,0,1,0.6421342555534265
18,7.44,4.37,2.18,4.0,6.31,50,131,High,0,1,0,0.8803762257558837
30,7.66,4.94,3.44,0.59,7.94,116,153,Moderate,2,1,0,1.0939946352487422
29,5.95,1.38,3.97,4.23,7.47,23,100,Low,1,0,0,0.8991595127463002
22,9.59,3.38,3.08,1.46,8.92,55,98,High,1,1,0,0.6736182822087298
31,8.61,3.48,3.13,5.27,8.79,52,24,High,0,0,1,0.767711873668772
26,7.57,2.11,0.52,5.35,6.02,208,171,Low,2,0,0,0.34742399637727917
29,7.07,3.5,1.83,4.96,8.61,197,127,Moderate,0,0,0,0.753889568049566
30,7.3,3.47,3.89,1.53,8.7,135,85,Moderate,0,0,0,1.0082190399699946
35,7.43,3.48,3.43,3.66,6.46,147,54,Low,0,0,0,0.9300133337801705
19,10.11,3.43,2.73,0.5,7.4,194,175,High,1,1,0,0.6092976647578967
29,9.8,2.65,2.91,2.33,6.55,29,22,Moderate,0,0,1,0.5673468808829714
28,10.67,1.98,0.73,3.38,6.57,120,65,Moderate,2,0,1,0.25398310646831246
25,8.71,1.23,2.13,3.67,5.71,120,71,High,0,0,0,0.3857634459513839
23,5.35,4.26,3.66,1.53,7.93,204,138,Moderate,1,0,1,1.4803735550703636
23,6.63,3.74,3.47,1.72,6.88,220,109,Moderate,2,0,0,1.087480982280395
29,3.23,4.05,2.08,5.76,8.77,163,98,High,1,0,0,1.8978322297733035
25,3.07,2.19,2.49,5.33,8.52,231,162,Low,0,1,0,1.5244294708698791
19,4.79,5.08,1.33,1.8,8.07,42,108,High,1,0,0,1.3382043135272832
32,3.97,5.05,0.81,1.69,5.28,178,69,Moderate,1,0,0,1.4760701571611692
32,10.66,0.75,3.84,1.96,8.31,198,179,Moderate,1,0,0,0.4305815731161751
23,7.11,3.89,3.79,1.17,7.16,141,158,Moderate,2,1,0,1.0801686244488573
26,6.25,1.79,2.06,3.57,7.95,122,56,Moderate,1,1,0,0.6159999014400158
28,10.78,3.71,1.66,4.65,6.93,91,91,High,0,0,1,0.4981446662203464
28,11.85,5.41,1.12,3.98,7.8,128,108,Moderate,1,0,1,0.5510548058181599
22,5.74,3.88,0.47,0.96,7.62,105,21,Low,0,1,0,0.7578395892265523
27,6.35,1.76,2.59,1.78,8.81,53,179,Moderate,0,1,0,0.6850392621985414
24,3.05,2.37,0.14,1.62,7.35,162,61,Low,1,0,1,0.8229505498522788
34,8.55,2.62,2.48,4.44,5.15,237,71,High,2,0,1,0.5964911583051277
31,4.35,0.54,1.47,3.33,7.82,62,109,Low,0,0,1,0.4620688592945151
35,10.27,1.08,0.53,5.1,5.07,175,51,High,2,0,1,0.1567672680849788
20,3.53,4.56,3.54,3.36,6.37,145,55,High,2,1,0,2.294616913706257
35,4.49,3.09,2.07,0.98,6.55,221,61,Low,1,0,0,1.149220234026674
29,8.06,1.96,0.54,1.35,7.07,28,98,High,0,0,1,0.31017365878738723
35,5.17,1.06,0.21,5.28,7.73,50,180,Low,0,1,0,0.24564792153811962
32,10.08,4.51,3.7,4.1,8.85,234,22,Moderate,0,0,1,0.8144840461821384
31,10.93,5.75,2.93,4.9,7.46,169,34,Moderate,0,1,0,0.7941444836098369
28,8.88,4.36,0.98,3.68,8.53,72,96,High,1,1,0,0.6013512836316122
33,9.52,3.05,2.97,3.21,5.23,120,89,High,0,0,0,0.6323528747528493
33,8.5,4.49,0.72,2.96,8.21,240,164,High,0,1,0,0.6129411043598701
23,3.5,1.86,3.6,3.08,6.87,147,43,Low,2,0,1,1.5599995542858416
35,11.51,3.35,0.52,0.65,7.54,45,49,Moderate,1,1,0,0.33622933655696474
19,10.95,1.96,2.22,3.84,8.73,246,134,High,2,0,1,0.3817351249556964
24,9.24,4.47,3.51,4.17,6.11,80,178,Moderate,0,1,0,0.8636362701692348
26,11.8,1.8,1.55,0.95,7.08,223,161,High,1,1,0,0.2838982810255694
24,10.85,3.64,3.71,1.01,8.01,184,162,Moderate,2,1,0,0.6774192924037519
27,4.79,2.02,3.47,3.31,4.76,230,65,Low,2,1,0,1.1461375477792175
24,9.18,3.25,2.43,1.13,6.29,182,53,Moderate,0,1,0,0.6187363160417957
32,6.69,4.64,0.56,1.13,7.97,192,37,Moderate,1,1,0,0.777279405488878
23,3.38,3.9,0.13,1.25,6.04,210,150,Low,0,1,0,1.1923073395540416
27,8.15,2.87,1.35,3.45,7.47,136,92,High,0,1,0,0.5177913475102642
21,3.81,0.62,2.23,2.67,6.86,106,17,Low,1,0,1,0.7480312997293176
27,6.38,0.59,3.29,1.57,8.31,109,112,Low,0,0,1,0.6081503748980603
29,4.15,4.32,1.99,0.59,4.94,136,45,High,0,0,1,1.5204815613297442
28,7.86,2.63,3.05,1.22,8.31,86,34,Low,0,0,0,0.7226462184928475
19,6.8,2.49,0.65,1.77,6.73,35,57,Low,0,0,0,0.46176463797578854
31,10.76,0.62,0.91,1.2,5.77,186,42,Moderate,1,1,0,0.14219329533519562
27,3.29,0.82,0.07,2.5,8.57,147,159,Low,2,0,0,0.2705166351013267
27,8.61,2.54,2.36,4.78,6.07,92,123,High,0,1,0,0.5691056249586964
22,10.53,1.88,1.74,1.11,7.0,216,45,Moderate,2,1,0,0.34377964446537096
18,10.25,4.55,1.65,1.76,6.52,90,38,Moderate,1,0,1,0.604877989768001
21,10.31,4.19,1.79,1.31,4.64,204,42,High,2,1,0,0.580019342384157
24,7.58,2.75,0.41,0.8,7.71,105,35,Moderate,1,0,0,0.41688648853740257
27,4.8,2.7,0.46,1.58,4.58,131,61,Low,2,0,0,0.6583331961805842
31,8.37,3.23,0.82,3.59,6.0,191,66,High,0,0,0,0.483870909931791
30,6.93,1.32,1.41,0.85,5.58,55,136,Moderate,0,0,0,0.3939393370938908
31,3.9,5.81,2.51,0.64,4.81,49,27,Moderate,1,0,0,2.1333327863249267
19,3.18,4.1,2.34,3.49,8.74,37,159,Moderate,2,0,0,2.0251565958627054
25,9.01,4.39,1.27,1.45,5.65,175,143,High,2,0,0,0.6281908292795972
34,11.91,4.01,2.59,1.59,7.16,195,45,Moderate,1,0,0,0.5541561247559929
30,11.6,1.32,1.94,5.74,6.68,166,83,High,0,1,0,0.2810344585315122
24,9.63,5.82,2.68,3.77,7.12,49,171,High,0,1,0,0.8826582676367323
31,10.63,5.76,0.56,1.68,4.73,137,153,High,0,1,0,0.5945436881896813
23,8.95,4.13,2.52,4.13,5.67,237,154,High,0,0,1,0.7430166767579134
34,8.36,5.37,3.12,2.97,5.16,48,36,Moderate,0,1,0,1.015550117757163
35,11.35,5.42,1.22,1.26,7.91,135,106,High,2,0,1,0.5850219748879317
29,6.94,0.56,0.69,4.97,5.67,31,122,Low,1,1,0,0.18011524782201038
30,8.07,2.15,1.61,4.71,7.51,60,145,Moderate,2,0,1,0.4659231145076686
31,8.04,3.28,1.85,4.64,7.1,191,137,Moderate,0,0,1,0.6380596221318879
29,5.06,1.15,3.62,0.99,7.11,48,105,Low,1,0,0,0.9426875607336836
27,9.07,4.95,2.21,1.73,7.75,110,42,Moderate,1,0,0,0.7894155689729252
19,10.96,5.59,2.81,2.06,7.24,118,154,Moderate,1,0,0,0.7664232877351015
32,7.61,1.33,1.78,1.34,6.02,118,51,Moderate,1,0,0,0.4086727452466826
35,7.92,0.5,3.87,5.78,8.0,88,151,Low,2,0,0,0.5517676071000496
22,11.87,2.67,0.61,5.93,6.87,174,162,Moderate,0,0,0,0.2763268511940311
20,4.93,5.06,2.35,4.66,7.76,111,168,High,0,1,0,1.503042291472152
25,4.92,4.46,3.58,2.38,8.91,31,80,High,2,0,0,1.6341460093199167
18,11.19,2.48,3.82,4.63,6.73,87,46,Moderate,1,1,0,0.5630026306521332
27,5.46,4.83,1.67,5.15,6.62,209,138,Moderate,2,0,1,1.190475972440298
26,8.35,3.65,2.19,0.73,6.93,206,15,Moderate,1,0,0,0.699401113844178
20,6.99,2.78,3.39,1.08,5.52,103,174,Moderate,1,0,1,0.8826894302304105
31,8.55,3.46,3.22,1.87,8.89,121,173,High,1,0,1,0.7812864583290692
20,5.95,3.74,3.92,4.92,4.72,51,172,Low,2,0,1,1.287394741614329
33,11.95,1.86,3.71,5.39,4.7,49,33,Moderate,1,0,1,0.4661087476059626
35,9.77,3.55,1.58,2.82,5.62,201,180,High,2,0,0,0.5250767118652291
19,6.41,0.54,0.1,4.11,7.08,226,49,Low,2,1,0,0.09984397818346674
27,11.28,5.99,2.73,2.01,8.56,240,157,High,1,1,0,0.7730495768573071
28,10.1,1.94,0.06,4.85,5.9,128,108,Moderate,1,0,1,0.198019782374279
32,10.04,2.2,1.28,1.71,8.02,226,170,High,0,0,0,0.34661351129347506
30,10.88,4.81,3.42,1.51,6.38,199,89,High,1,1,0,0.7564337540042506
19,3.08,5.63,1.7,5.21,5.03,58,90,High,1,0,1,2.3798693571852736
33,5.8,1.24,1.26,0.87,4.62,40,60,Low,0,0,1,0.43103440844234336
26,7.8,3.34,1.55,0.83,7.92,157,18,Moderate,2,0,1,0.6269229965483337
33,11.92,1.2,3.5,1.45,7.18,111,128,High,0,1,0,0.3942952689349607
31,10.13,5.19,2.55,2.84,5.16,48,57,Moderate,2,0,1,0.7640670519183562
33,6.08,2.87,2.79,4.51,8.4,156,27,Moderate,1,0,0,0.9309208995195889
34,4.57,1.2,2.69,4.32,5.55,103,79,Low,1,0,1,0.8512033148351608
31,5.29,4.09,1.14,3.07,7.83,242,65,Moderate,0,1,0,0.9886576580987413
22,11.41,5.92,1.14,3.45,7.94,207,140,High,2,0,0,0.6187554234219611
30,9.88,1.84,1.17,4.03,7.84,145,58,Moderate,2,1,0,0.3046558396097328
33,6.18,0.57,2.17,4.91,4.8,220,114,Moderate,0,0,1,0.4433656240508699
24,3.3,3.85,3.17,1.76,7.74,148,52,Low,0,0,0,2.1272720826448235
18,3.32,5.56,2.8,3.99,4.97,37,116,Moderate,2,0,0,2.518071530701346
29,11.9,2.03,1.02,4.19,6.12,87,124,High,2,0,1,0.2563024994703782
20,7.28,3.91,1.8,4.81,4.98,184,97,Low,2,0,1,0.7843405516015726
32,11.64,3.32,1.02,3.46,6.24,179,160,Moderate,2,0,0,0.3728522016449998
28,7.33,4.37,3.35,1.08,8.28,194,50,Moderate,0,0,1,1.0532058590442213
35,9.73,2.6,1.01,1.97,8.57,232,157,Moderate,2,0,1,0.3710174336056081
25,5.14,4.86,0.6,1.12,7.41,160,142,Moderate,0,0,1,1.0622566026738127
34,11.32,4.41,2.23,1.67,5.16,31,44,Moderate,0,1,0,0.5865723863451956
20,9.22,2.62,1.74,1.13,8.6,150,176,High,2,1,0,0.4728849812489175
18,7.93,5.0,0.76,2.61,4.92,35,75,Moderate,1,0,1,0.7263555200056091
20,8.31,4.65,3.14,2.02,8.02,216,155,High,0,0,0,0.9374246766035288
28,10.49,4.85,0.14,1.59,7.98,24,132,Moderate,1,0,0,0.4756910890666264
26,11.49,5.74,2.35,2.91,4.84,25,26,High,2,0,0,0.704090452211449
20,3.66,5.48,1.57,2.54,8.4,201,38,Moderate,0,0,0,1.9262289819046499
35,5.92,2.69,3.27,5.54,5.71,178,135,Low,2,0,1,1.0067565866965225
24,6.87,3.52,1.18,1.27,6.9,165,159,Moderate,0,1,0,0.6841338159921665
34,5.11,2.88,2.22,5.44,7.05,140,150,Low,2,0,0,0.9980428575258594
18,6.34,3.75,0.72,2.99,4.85,136,111,Low,2,1,0,0.7050472074058032
20,4.19,5.35,3.06,2.47,8.32,181,148,Moderate,0,0,0,2.0071594254989438
20,7.98,0.53,3.77,5.44,6.16,55,33,Moderate,1,1,0,0.5388470502697932
32,7.38,2.1,0.36,4.61,6.7,118,169,Low,0,0,0,0.3333332881662211
20,8.48,3.76,3.76,2.9,5.3,56,169,High,1,1,0,0.8867923482556193
26,9.49,2.52,3.66,1.08,6.99,194,90,High,0,0,1,0.6512117332758974
22,3.03,3.68,0.51,5.28,6.74,20,162,Low,2,0,1,1.3828378274462618
30,4.98,4.37,1.37,2.01,4.74,63,69,Moderate,1,0,1,1.1526102103192348
23,11.28,3.86,3.55,5.37,5.76,34,37,Moderate,2,0,1,0.6569148353798906
26,9.45,1.82,0.54,2.81,6.25,158,110,High,0,0,1,0.24973542330842088
19,3.82,3.66,3.9,3.86,8.3,246,42,Low,2,1,0,1.9790570735452688
31,3.73,5.34,2.98,1.75,8.18,223,127,Moderate,2,1,0,2.2305624046749584
19,7.16,4.95,2.37,4.24,4.52,143,80,High,2,0,1,1.0223462259292981
28,9.29,1.75,2.58,4.89,6.85,125,166,High,0,1,0,0.46609252248734967
26,5.51,3.1,0.46,5.1,4.9,179,146,Low,1,0,1,0.6460978863706196
20,4.92,4.74,3.09,0.7,6.0,59,105,Moderate,2,0,1,1.5914630911660383
23,3.62,5.41,0.85,5.35,8.06,112,127,Moderate,0,0,0,1.729281290253787
34,3.54,5.24,3.92,2.89,7.85,134,64,High,0,0,1,2.58756989051698
34,4.76,2.17,0.71,4.9,6.22,224,176,Low,1,0,1,0.605041889697082
19,5.98,0.79,3.27,5.6,7.67,120,107,Low,1,0,0,0.6789296523529009
30,4.44,3.61,2.92,0.55,4.65,105,98,Low,1,0,1,1.4707203894773895
21,11.01,1.05,0.33,1.05,8.01,119,39,Moderate,2,0,0,0.1253405880707913
27,9.34,2.95,1.56,4.28,5.3,182,21,Moderate,2,0,0,0.48286932731591786
26,9.29,0.96,0.71,0.5,4.87,54,61,Moderate,1,1,0,0.1797631668715644
23,10.74,4.68,2.8,0.78,5.94,106,69,High,0,0,0,0.6964617601059814
28,3.29,2.05,3.82,3.21,7.94,200,63,Low,1,0,1,1.784193986567177
29,8.8,5.52,2.67,5.06,4.72,120,88,High,2,0,1,0.9306817124225326
18,4.83,5.43,0.47,2.03,5.07,28,69,Moderate,2,1,0,1.2215318381921658
35,5.7,3.87,0.38,1.72,7.44,245,172,Low,0,1,0,0.7456139042782624
29,9.17,2.37,0.18,2.63,4.65,124,139,Moderate,2,0,0,0.27808066760298067
31,11.49,5.5,2.19,0.91,6.24,132,137,High,2,0,1,0.6692775744754069
26,9.25,1.19,3.56,1.7,5.37,237,88,Moderate,2,1,0,0.5135134579985451
18,6.53,3.02,3.04,5.16,6.0,22,70,Low,1,0,0,0.9280243601800368
24,11.87,2.22,0.52,2.65,5.79,137,152,Moderate,2,0,1,0.23083401593647723
22,4.97,1.72,1.32,1.02,4.57,221,23,Low,2,0,0,0.6116698970483104
25,3.05,4.7,2.16,5.52,6.8,82,18,High,0,0,0,2.2491795904329215
32,4.98,1.25,3.71,2.05,7.55,136,100,Low,2,0,1,0.9959837357462377
23,3.79,3.76,2.37,2.83,5.25,31,74,Low,0,1,0,1.617413821262844
22,7.12,2.45,0.75,1.91,8.92,247,21,Moderate,0,1,0,0.4494381391238569
20,10.21,5.13,0.9,4.64,4.53,68,125,Moderate,0,1,0,0.5905973956319887
29,11.16,3.38,0.5,3.65,6.7,21,108,Moderate,1,0,1,0.34767021974281187
31,4.9,2.54,2.2,0.95,7.15,100,160,Low,2,0,1,0.9673467413578078
21,6.44,3.34,2.84,4.63,7.98,80,137,Low,2,0,1,0.9596271801821148
30,8.48,1.35,3.63,3.14,5.28,150,85,Moderate,1,0,1,0.5872640816905564
22,4.51,4.65,0.65,0.8,6.98,177,90,Moderate,2,0,1,1.1751660365485508
22,3.53,0.99,1.11,5.93,7.45,207,48,Low,2,0,0,0.5949006813312517
29,8.2,4.41,2.8,4.2,7.81,208,18,Moderate,2,0,0,0.8792681854550994
22,4.97,1.22,2.87,3.24,8.33,52,41,Low,2,1,0,0.8229374601735493
34,3.84,2.35,0.19,1.89,5.39,194,29,Low,2,0,0,0.6614581610786039
32,6.2,5.47,0.38,3.45,5.09,38,20,High,2,0,1,0.9435482349115749
20,7.23,2.58,2.43,5.23,5.22,211,150,Low,0,0,1,0.6929459622481379
35,10.39,0.87,1.55,1.39,7.05,225,66,Moderate,1,0,1,0.23291624322269075
19,6.3,3.56,1.47,5.13,8.29,120,132,Low,0,0,1,0.7984125716805442
30,11.37,0.96,2.05,2.67,6.13,97,163,Moderate,1,0,0,0.2647317269365236
31,6.52,1.58,1.22,4.74,7.73,165,121,Low,1,0,0,0.4294477868945112
24,4.17,1.43,0.54,5.35,5.03,95,52,Low,1,0,1,0.47242194905948465
35,9.26,1.97,0.61,4.24,8.33,182,25,High,1,1,0,0.27861768049485097
25,9.52,5.49,2.84,4.12,7.07,117,82,Moderate,2,1,0,0.874999908088245
27,11.53,5.86,0.75,2.51,4.76,156,75,Moderate,1,0,1,0.5732870274686014
25,3.7,4.39,1.46,4.18,6.75,27,110,High,1,0,1,1.5810806537619853
30,11.25,3.6,1.07,2.32,6.54,170,83,Moderate,2,0,0,0.415111074212349
25,6.93,3.6,3.96,1.99,6.24,206,167,Moderate,1,1,0,1.0909089334907744
26,4.14,1.47,1.14,0.62,7.64,22,161,Low,2,0,0,0.6304346303297994
23,9.84,3.78,1.29,5.67,7.09,121,92,Moderate,0,1,0,0.5152438500768446
32,10.83,2.02,0.96,4.77,7.15,50,83,Moderate,0,0,1,0.27516156277363224
26,8.86,3.71,0.99,5.43,8.73,229,44,Moderate,1,0,1,0.5304739807591445
19,7.08,2.77,2.63,3.02,4.97,194,19,Moderate,2,0,1,0.7627117566791305
29,11.28,1.28,0.48,2.53,6.97,43,157,High,0,0,1,0.1560283549620253
26,9.65,1.47,3.56,3.28,6.57,88,142,Moderate,1,0,1,0.5212434693011949
18,9.22,2.76,1.37,4.58,5.16,133,133,High,2,0,1,0.4479392138894562
28,6.66,1.57,0.01,2.03,4.78,231,26,Low,2,0,0,0.2372372016160358
35,3.57,5.6,1.47,4.07,7.46,31,24,Moderate,0,0,1,1.9803916021312038
22,3.59,1.52,1.85,5.16,5.38,128,21,Low,0,0,0,0.9387184014711973
34,10.26,4.32,1.98,1.4,4.66,51,65,Moderate,1,0,1,0.6140350278718297
30,4.58,4.46,2.4,1.53,7.77,239,139,High,1,0,1,1.4978162668523434
29,10.45,5.23,2.73,5.5,5.17,58,178,Moderate,1,0,1,0.7617224151461806
23,3.01,2.5,1.89,4.31,8.52,232,71,Low,0,0,0,1.45847127625539
31,3.78,2.43,0.14,2.68,8.58,161,132,Low,0,1,0,0.6798940000280425
34,10.26,5.06,0.8,0.71,4.56,51,54,Moderate,1,0,1,0.5711500417982416
20,11.67,3.21,3.18,3.97,8.65,215,82,High,1,1,0,0.5475577936968472
28,6.98,1.94,0.58,5.89,8.84,196,54,Low,0,0,1,0.36103146690093596
27,5.28,1.35,2.24,4.19,7.83,59,176,Low,0,1,0,0.679924113650736
30,4.65,5.39,3.97,2.36,6.17,32,114,Moderate,2,1,0,2.0129027929241303
21,7.78,1.99,2.73,3.2,4.97,80,16,Moderate,1,1,0,0.6066837266473358
35,5.92,0.57,2.64,1.71,6.23,122,29,Low,1,0,1,0.5422296381368854
33,8.91,2.62,1.26,2.02,6.64,112,96,Moderate,0,0,0,0.435465719925284
20,6.85,4.46,0.29,3.61,8.63,107,99,High,0,0,1,0.6934305557035685
24,8.32,2.98,1.99,4.93,4.77,225,15,Moderate,0,0,0,0.5973556974332095
23,9.0,0.89,3.47,3.23,5.11,189,37,Moderate,0,0,1,0.48444439061729
31,11.15,3.91,1.85,3.62,6.54,29,159,Moderate,1,1,0,0.5165918819200106
31,7.41,3.16,0.32,3.81,7.97,53,127,Moderate,2,0,0,0.46963556415174573
34,7.81,3.11,2.18,2.44,8.28,73,176,Low,2,1,0,0.6773366610324378
20,8.67,2.6,1.24,0.67,6.81,205,163,Moderate,0,1,0,0.4429065233095129
19,4.43,3.72,1.41,0.63,6.07,226,111,Low,1,0,0,1.1580132826155118
18,9.4,0.51,1.68,3.59,6.28,99,154,High,1,0,0,0.23297869861928738
32,8.34,5.58,3.54,0.99,8.17,118,103,High,0,1,0,1.093525048738004
18,6.66,2.44,2.8,3.09,4.67,209,113,Low,2,0,0,0.7867866686506504
32,3.71,5.36,2.26,2.47,7.06,117,72,High,0,0,1,2.053907802181185
18,4.61,2.42,0.65,1.39,6.36,72,124,Low,0,0,1,0.6659434564113976
35,10.56,4.7,2.45,2.42,5.77,188,126,High,1,0,1,0.6770832692155996
25,5.77,1.92,0.29,5.43,7.25,121,160,Low,2,0,1,0.38301553153976925
26,5.48,2.98,0.91,5.35,8.45,87,19,Low,2,1,0,0.7098538850631596
19,8.34,3.25,0.51,4.48,7.76,75,162,Moderate,2,1,0,0.45083927447970334
23,3.93,0.54,3.58,3.64,5.08,196,59,Low,1,0,0,1.0483457892249899
27,11.09,3.35,0.77,3.97,8.03,114,101,Moderate,2,1,0,0.3715058276369858
25,3.09,2.16,2.27,5.17,6.22,36,52,Low,0,1,0,1.4336564939622995
29,3.96,4.78,0.82,5.25,6.0,120,106,Moderate,2,0,0,1.4141410570350867
28,8.65,5.12,3.86,3.55,6.44,226,35,Moderate,2,0,0,1.0381501689999806
29,7.97,1.54,2.78,2.68,5.5,38,72,Low,2,1,0,0.5420325543246481
27,11.01,1.55,1.63,5.63,7.83,28,78,Moderate,1,0,0,0.2888283116413886
31,4.87,1.09,1.21,4.15,7.71,126,144,Low,2,1,0,0.4722791638030464
35,10.12,5.94,2.6,4.41,8.54,165,86,Moderate,2,0,1,0.8438734343998585
20,8.82,5.85,1.75,2.07,6.6,68,24,Moderate,1,1,0,0.8616779068392396
35,10.15,5.09,3.79,1.4,8.17,176,86,High,1,0,0,0.8748767610958855
23,4.79,1.23,3.98,3.93,5.55,54,19,Low,1,1,0,1.0876824451602412
18,5.07,1.71,1.01,3.08,4.8,197,46,Low,1,1,0,0.5364890460573872
32,10.7,1.28,1.91,3.85,7.88,100,78,High,0,0,1,0.29813081325880253
29,4.9,0.93,3.61,5.51,7.81,162,81,Low,0,1,0,0.9265304231570564
26,9.45,5.73,0.53,1.2,5.83,37,163,High,0,0,1,0.6624337923350486
23,11.62,4.14,0.53,0.79,6.18,132,120,Moderate,1,0,0,0.4018932528491177
33,5.89,1.93,0.42,4.83,7.2,240,61,Low,0,0,1,0.3989812565396848
35,5.05,5.3,1.76,4.84,6.61,57,101,Moderate,0,0,0,1.3980195251446483
19,10.22,3.72,2.75,2.62,7.91,92,80,Moderate,2,0,0,0.6330723451005534
25,8.64,2.98,3.08,0.92,5.34,53,36,High,0,0,1,0.7013888077096289
19,5.12,2.41,2.75,2.79,8.63,177,27,Low,0,0,0,1.0078123031616595
27,9.24,4.89,3.73,3.79,6.09,170,173,Moderate,2,0,1,0.9329003319371935
28,9.62,5.44,0.44,1.06,5.29,146,114,High,0,1,0,0.6112265476895482
23,3.19,5.21,0.6,1.12,5.29,193,97,Moderate,1,1,0,1.8213160434745943
18,9.23,4.99,0.81,2.09,5.86,244,19,High,2,1,0,0.6283856307274507
26,7.18,4.92,0.04,2.56,7.57,216,144,Moderate,0,0,1,0.6908077032301249
32,7.47,3.93,3.62,2.68,7.36,73,55,Moderate,2,1,0,1.0107093693829494
26,4.66,5.57,1.9,4.87,5.22,111,160,High,1,0,0,1.60300394785323
35,3.75,4.95,0.54,4.1,7.08,60,53,High,0,0,0,1.463999609600104
24,3.38,3.75,1.26,4.16,7.12,79,126,Low,2,1,0,1.4822480821751236
27,8.98,5.75,0.17,2.57,6.01,86,174,Moderate,2,1,0,0.6592426882803243
24,9.51,1.73,2.15,5.18,4.7,166,151,Moderate,0,0,1,0.40799154490099426
20,4.59,1.34,3.8,1.45,4.84,211,90,Low,0,0,0,1.1198254640903127
35,6.75,3.25,1.61,5.41,4.97,169,43,Moderate,1,0,0,0.7199998933333491
27,9.75,5.1,2.69,0.73,6.25,165,143,High,1,1,0,0.7989742770282793
28,7.69,4.77,3.84,4.01,5.77,242,117,High,2,0,1,1.1196357451709043
22,4.96,4.12,0.45,1.28,8.69,227,52,Moderate,0,0,0,0.9213707819816972
20,3.41,1.4,1.01,1.69,8.88,92,139,Low,2,0,0,0.7067446607786918
32,4.38,4.68,2.35,3.77,7.26,167,149,Moderate,0,0,1,1.605022464606743
35,3.18,1.71,1.73,2.75,7.82,210,58,Low,0,1,0,1.081760666112998
23,7.85,1.56,1.58,5.3,4.52,181,26,Low,0,0,1,0.3999999490445925
25,7.95,0.51,1.42,4.29,8.66,235,172,Low,2,0,0,0.24276726506072135
30,7.81,2.88,3.29,4.66,8.7,239,73,Moderate,2,0,1,0.7900127029433159
24,4.93,3.16,3.6,0.96,6.01,49,176,Low,1,0,0,1.371196476430735
21,5.23,3.54,3.86,1.1,8.88,68,54,Low,0,0,1,1.4149136873970005
22,3.89,3.47,2.03,5.84,6.07,67,133,Low,2,0,0,1.4138813846063278
18,6.65,5.43,1.97,1.02,4.7,213,176,Moderate,2,0,1,1.1127817875516108
35,7.7,5.21,3.25,1.86,4.84,52,134,High,1,0,1,1.098701156012837
21,6.17,3.76,2.32,3.43,5.61,197,91,Low,1,0,1,0.9854131304030583
22,9.31,2.57,2.78,5.02,6.9,215,58,Moderate,1,0,0,0.5746508512727334
32,4.84,3.89,2.37,5.4,5.23,103,72,Low,2,0,0,1.293388162523107
27,10.98,3.69,2.43,2.95,7.32,56,173,Moderate,2,0,0,0.5573769984173954
30,7.36,3.59,2.21,3.77,5.88,194,142,Moderate,1,0,0,0.7880433711897593
20,11.58,1.56,2.43,3.27,5.86,125,133,Moderate,1,0,0,0.3445595557375168
35,10.28,1.09,1.52,4.77,6.9,87,89,High,2,1,0,0.25389102588608703
28,11.68,1.15,3.55,0.67,6.29,137,25,Moderate,1,0,1,0.4023972258221553
23,5.44,5.08,1.43,1.07,5.5,162,153,High,0,0,0,1.196690956490633
27,9.0,3.47,0.95,3.77,6.63,233,42,Moderate,1,1,0,0.49111105654321596
32,10.09,5.53,0.19,1.67,7.56,204,114,High,1,0,1,0.5668978625472882
24,3.16,5.83,1.43,2.11,7.01,216,159,High,1,0,0,2.297467627383662
19,7.52,3.14,2.88,0.61,5.03,140,56,Low,2,1,0,0.8005318084399191
24,6.85,5.39,0.49,1.77,8.64,97,79,High,2,0,0,0.8583940352709438
26,8.99,5.75,2.23,5.61,8.18,115,57,Moderate,0,1,0,0.8876528489818857
21,5.91,2.39,2.39,5.3,5.12,128,60,Low,0,0,0,0.8087985095095584
25,4.94,3.99,2.64,2.92,4.63,147,93,Low,1,0,1,1.3421049914767225
28,6.35,1.73,1.75,1.44,8.32,229,74,Moderate,1,1,0,0.5480314097588331
22,5.59,4.51,0.87,1.41,8.23,250,167,High,2,1,0,0.9624327437508509
23,11.52,5.62,0.27,4.44,6.63,219,178,Moderate,1,0,0,0.5112846778398719
26,7.82,3.5,0.99,2.41,5.94,192,97,Moderate,0,1,0,0.5741687245308537
29,4.26,5.23,0.41,1.14,6.76,145,109,Moderate,1,0,0,1.323943351187007
19,7.76,4.0,1.45,3.8,5.66,136,93,Low,0,0,0,0.7023194971237762
22,5.68,5.31,2.93,5.19,5.83,233,133,High,2,1,0,1.4507039699464843
26,5.6,5.46,0.81,2.33,6.7,156,22,High,0,1,0,1.1196426572066682
20,9.2,1.82,2.58,5.55,8.91,129,24,Moderate,2,0,0,0.47826081758034605
23,7.32,3.11,0.04,5.05,6.46,100,31,Moderate,0,0,0,0.43032781006450677
28,10.49,1.67,1.31,1.75,8.15,220,146,High,2,0,0,0.28408004918207347
33,4.69,2.04,1.53,0.98,6.66,210,111,Low,2,0,0,0.761193867549282
25,4.89,2.68,2.35,3.67,8.5,181,125,Low,1,0,1,1.0286296464970048
19,4.01,3.43,2.22,3.14,7.1,156,74,Low,2,1,0,1.4089772047438394
20,7.86,2.75,2.09,5.48,5.27,95,114,Moderate,2,0,1,0.6157760030819334
29,6.94,3.59,3.51,5.03,8.5,104,177,Low,1,0,1,1.023054607629019
19,4.61,0.89,2.98,3.05,6.92,189,176,Low,0,0,1,0.839479210525117
32,11.09,3.04,3.7,4.63,6.88,87,99,High,1,0,0,0.6077546791925448
23,7.71,2.65,2.09,0.96,7.77,183,22,Moderate,2,0,1,0.6147859124791294
21,9.98,3.68,2.44,5.92,8.25,40,85,Moderate,1,0,1,0.6132263914602815
23,10.5,2.95,2.31,2.54,5.17,240,123,Moderate,2,0,0,0.500952333242635
20,8.65,4.11,2.98,3.46,4.59,204,133,Moderate,0,1,0,0.8196530844331694
30,3.18,4.59,0.49,1.83,7.13,22,78,High,2,0,0,1.5974837743761714
22,8.82,2.23,0.49,4.48,4.69,35,150,Moderate,2,1,0,0.3083899877108857
27,5.95,5.34,1.2,4.43,5.43,37,102,Moderate,2,0,0,1.0991594791328605
30,4.26,2.92,0.87,2.42,7.74,122,160,Low,1,0,1,0.8896711526593538
18,8.64,3.5,3.9,5.87,8.29,130,38,Moderate,1,1,0,0.8564813823516919
28,10.75,5.01,0.96,3.18,5.34,108,44,High,1,0,1,0.5553487855489502
19,8.94,5.11,3.64,3.09,5.32,27,55,High,1,1,0,0.9787470940998777
28,11.23,2.12,2.08,2.58,5.65,37,120,High,0,0,1,0.3739981857526104
24,6.01,5.3,2.54,2.15,8.23,30,110,Moderate,0,1,0,1.3044922954255749
33,11.82,0.55,0.57,2.81,6.4,239,145,High,1,0,0,0.09475464511382023
21,7.76,3.68,2.37,4.87,8.67,167,120,Moderate,0,0,0,0.7796390747887791
26,9.26,5.23,2.64,3.84,8.84,20,160,High,2,0,0,0.8498919168583245
28,9.79,2.43,3.42,1.8,8.24,104,152,High,1,1,0,0.5975484578602188
32,5.39,1.58,2.57,2.84,6.99,163,45,Low,1,1,0,0.7699441985261228
27,11.52,3.75,3.04,5.46,6.78,72,155,Moderate,2,0,1,0.5894096710581883
25,4.93,2.06,1.9,0.58,5.63,79,17,Low,2,1,0,0.803245273175401
34,10.43,5.3,3.88,1.52,5.07,54,104,High,0,1,0,0.8801533192566329
23,10.76,1.78,0.34,0.69,7.44,135,133,Moderate,1,1,0,0.19702600399386583
19,9.37,3.22,2.37,4.37,4.95,75,55,Moderate,0,0,1,0.5965847815811334
33,9.43,2.2,3.82,5.58,5.15,90,154,Moderate,0,0,1,0.638388055314098
30,11.85,5.26,2.3,1.63,5.3,40,141,High,0,1,0,0.6379746297067823
26,10.49,4.32,2.69,1.45,4.95,156,174,High,0,0,1,0.6682554177068238
31,3.89,2.6,0.2,0.57,6.96,134,58,Low,0,0,1,0.7197941594359487
28,10.01,1.8,3.57,2.78,5.11,166,107,Moderate,2,0,0,0.5364634828707809
32,7.28,2.22,0.24,3.22,5.11,224,159,Low,0,0,1,0.33791204149559867
32,3.81,4.64,0.14,2.98,5.22,47,67,High,1,1,0,1.2545928465635572
30,7.46,1.52,0.1,5.03,5.92,201,86,Low,0,0,1,0.21715814783402845
23,7.92,5.96,0.27,5.09,6.55,98,77,High,0,0,0,0.7866160622959518
22,4.65,1.29,2.59,0.58,6.04,74,165,Low,0,0,1,0.834408422707866
26,5.75,5.03,3.19,3.11,5.31,177,20,High,0,0,0,1.42956496877131
21,5.02,1.22,1.64,4.08,7.21,96,157,Low,2,0,0,0.5697210020476091
29,8.26,2.43,1.53,1.22,4.98,190,43,Moderate,2,0,0,0.4794188281575269
35,10.93,5.96,2.81,4.53,8.11,246,120,High,2,1,0,0.8023787006057914
24,7.17,6.0,3.63,3.25,5.71,136,81,High,2,0,1,1.343096046987999
35,11.79,5.87,0.44,0.68,5.81,236,160,Moderate,1,1,0,0.5351992760645229
30,8.14,4.49,2.12,5.03,8.52,71,115,Moderate,2,0,0,0.8120392122801952
25,5.51,1.98,1.75,2.97,8.78,149,55,Low,2,0,0,0.6769508753265199
31,4.69,4.43,0.04,0.86,5.25,210,140,Moderate,2,0,0,0.953091481217168
28,3.01,1.64,0.87,0.84,4.58,152,111,Low,1,1,0,0.833886766150576
21,8.51,0.52,2.08,4.72,7.06,43,46,Moderate,1,0,1,0.3055228783169356
20,6.46,4.64,2.51,5.01,5.12,146,66,Moderate,2,0,0,1.1068109741778678
18,7.88,4.53,1.2,5.94,8.78,238,155,Moderate,1,1,0,0.7271572681272502
19,3.21,3.78,3.36,3.74,5.75,76,78,Low,0,1,0,2.2242983724927186
21,7.71,0.97,0.37,3.82,7.41,197,81,Low,0,1,0,0.17380023686118845
24,8.72,4.93,2.66,0.88,5.42,215,76,High,1,0,0,0.870412744218722
30,11.49,3.84,1.0,3.7,7.67,240,118,Moderate,0,1,0,0.42123582060610787
35,4.24,5.35,2.88,4.96,7.68,158,38,Moderate,0,0,1,1.9410372780572456
32,8.37,4.72,3.87,1.32,8.51,56,23,High,2,0,0,1.0262842262503913
28,11.14,3.07,3.16,2.47,8.87,125,94,High,0,1,0,0.5592459103010853
18,5.65,1.38,0.38,4.74,8.78,161,99,Low,0,0,1,0.31150436964524425
23,10.08,5.86,1.38,0.6,7.5,248,116,High,0,0,1,0.7182538969986214
23,4.97,1.95,1.63,0.8,5.08,82,148,Low,0,0,1,0.7203217866555761
23,4.8,5.47,2.27,5.95,7.32,37,104,High,0,1,0,1.61249966406257
33,9.62,2.89,1.3,5.76,7.97,207,81,High,2,0,1,0.43555089027537536
23,11.04,5.88,1.68,1.7,7.35,118,21,Moderate,0,1,0,0.6847825466682477
29,7.49,4.59,2.5,1.63,7.79,145,53,Moderate,1,0,0,0.9465953342329326
31,7.81,1.4,1.27,1.06,7.56,231,132,Moderate,0,1,0,0.34186935443414157
34,6.53,2.8,3.24,5.64,8.69,220,117,Low,0,0,1,0.9249615735127759
32,10.95,2.75,2.18,3.31,8.3,222,174,Moderate,1,0,1,0.4502282693855462
19,8.75,2.49,0.15,5.86,4.99,150,92,Moderate,1,1,0,0.30171425123265705
25,5.82,2.0,0.84,0.8,7.77,244,111,Low,0,0,0,0.487972424747006
31,10.59,3.83,3.0,1.4,5.66,221,59,High,1,0,1,0.6449480033099148
20,9.9,1.06,2.84,3.21,5.38,160,35,Moderate,1,0,1,0.39393935414754
31,5.1,1.74,2.71,4.84,6.75,241,143,Low,2,0,1,0.8725488485198337
31,7.83,5.96,1.62,5.26,4.58,236,40,Moderate,0,1,0,0.968071396159464
29,5.8,4.11,1.12,4.91,5.34,240,22,High,1,0,1,0.9017239824613824
34,6.81,5.03,0.96,1.28,7.71,184,144,Moderate,0,1,0,0.8795887107799251
24,3.95,2.96,3.31,3.93,8.61,32,35,Low,1,1,0,1.5873413702933237
27,11.27,3.11,0.47,1.09,7.6,211,40,Moderate,1,0,1,0.31765746959561053
21,10.96,4.67,3.54,1.36,8.94,110,172,Moderate,0,0,1,0.7490875228934742
27,10.61,4.0,3.29,2.31,6.14,22,175,High,0,1,0,0.6870875883989078
28,7.77,4.38,0.09,5.57,7.01,193,128,Moderate,0,0,0,0.5752895012497424
19,9.44,3.07,3.78,1.08,4.62,196,146,Moderate,2,1,0,0.7256355163521699
24,9.09,5.34,2.35,5.93,5.63,145,45,Moderate,1,1,0,0.8459845053922437
32,10.9,3.58,0.42,5.47,5.32,93,155,High,2,0,0,0.36697244339702356
34,3.28,1.43,1.03,5.27,5.37,216,49,Low,1,1,0,0.7499997713415332
30,8.27,4.84,1.54,4.18,6.22,110,131,Moderate,2,0,0,0.771463026425269
32,9.14,2.46,1.75,4.3,5.61,237,108,High,0,1,0,0.460612641070827
21,10.55,5.42,3.29,2.64,4.52,22,70,Moderate,0,0,0,0.8255923388064135
24,9.33,4.32,2.48,5.26,7.1,93,153,Moderate,2,1,0,0.7288316474992876
18,5.71,1.09,1.7,4.95,4.84,23,95,Low,0,0,0,0.4886163767747151
20,6.39,4.46,3.05,4.43,8.95,198,89,High,0,1,0,1.1752736814908167
27,7.95,1.01,1.3,5.01,8.46,90,142,Moderate,0,1,0,0.29056600118666653
28,7.25,3.53,1.28,4.71,8.39,55,154,Moderate,1,1,0,0.6634481843519745
22,5.11,2.55,2.25,3.29,6.04,86,54,Low,2,1,0,0.9393344541419854
25,9.61,0.6,1.18,2.11,7.91,235,109,High,1,1,0,0.18522370601210136
19,6.22,2.93,0.11,1.62,8.22,138,46,Low,1,0,0,0.4887459021308839
19,4.95,3.18,1.23,1.76,4.57,67,128,Low,0,0,1,0.8909089109274927
32,9.05,2.61,0.65,1.45,5.67,212,115,High,1,1,0,0.3602209546717177
35,7.65,2.15,0.18,2.79,5.63,22,129,Low,1,0,0,0.30457512358495115
20,10.74,4.39,3.77,1.65,6.97,122,136,Moderate,0,1,0,0.7597764655701615
34,6.88,3.27,1.9,0.79,8.53,197,22,Low,2,1,0,0.7514533791492182
19,9.25,4.79,3.11,1.93,6.06,26,149,High,2,1,0,0.8540539617238961
31,9.68,5.76,1.31,5.2,6.43,85,17,High,2,0,0,0.7303718253748115
19,9.63,3.25,3.53,3.25,6.03,85,55,Moderate,0,0,1,0.7040497711267112
26,4.32,1.5,0.84,2.71,8.27,136,67,Low,2,0,1,0.5416665412808931
22,7.34,1.09,0.3,3.06,6.17,247,140,Low,0,0,0,0.18937327120255162
23,3.51,2.12,2.47,3.49,5.01,88,156,Low,2,0,0,1.3076919351305027
23,11.46,5.1,3.82,0.54,7.13,226,60,Moderate,0,1,0,0.7783594434241323
26,4.66,2.69,1.98,0.93,6.4,26,33,Low,0,0,0,1.002145707694054
24,7.01,4.78,3.55,4.27,8.74,94,164,High,0,1,0,1.1883022555916896
26,11.25,2.57,0.9,1.12,8.14,60,159,Moderate,1,0,1,0.3084444170271629
18,7.86,5.77,0.13,2.69,8.68,86,30,Moderate,1,0,1,0.7506360368147534
25,9.64,1.74,1.85,1.37,7.91,66,153,High,0,1,0,0.3724066003727593
29,8.87,2.14,3.09,4.99,4.77,232,125,High,1,1,0,0.5896278929393584
32,10.77,3.54,1.21,5.87,7.15,87,174,Moderate,2,0,0,0.44103988476881295
18,7.55,3.5,1.21,0.52,7.87,113,120,Low,0,0,1,0.6238409769747051
18,8.99,5.57,2.26,5.13,5.27,31,57,High,0,1,0,0.8709676450536546
19,5.52,3.48,3.66,3.72,5.28,60,104,Low,0,1,0,1.293478026543836
23,5.2,0.87,0.62,2.56,7.43,104,103,Low,0,0,0,0.28653840643492184
27,5.96,4.45,3.59,1.74,6.32,149,156,Moderate,1,1,0,1.3489930622494861
24,10.88,2.12,0.99,5.56,7.16,53,16,Moderate,0,1,0,0.2858455619627241
22,10.48,4.84,3.01,1.0,8.46,34,128,High,2,0,1,0.7490457300528883
22,11.56,1.15,0.97,3.23,5.39,143,132,Moderate,1,1,0,0.18339098759593533
18,6.46,3.77,3.47,4.03,7.05,250,129,Low,0,0,0,1.1207428605661207
32,3.68,1.76,1.93,1.78,6.3,128,85,Low,0,0,0,1.0027171188268698
21,11.08,1.28,0.1,3.91,5.04,227,73,High,2,0,0,0.12454872522123421
22,5.43,1.55,2.82,0.85,7.61,240,99,Low,1,1,0,0.8047880654165626
22,3.9,4.02,1.2,4.16,4.72,237,128,Moderate,2,0,0,1.33846119526636
32,8.45,1.2,2.77,1.88,5.09,43,143,High,2,0,1,0.46982242960681314
35,10.12,3.75,2.94,5.83,5.86,158,138,High,1,0,1,0.6610671283530506
24,11.65,5.34,3.03,3.74,8.94,130,105,Moderate,2,0,0,0.7184548739523713
32,9.45,4.16,3.84,2.01,8.48,105,177,Moderate,1,0,0,0.8465607569776978
31,9.4,3.13,1.62,1.45,7.83,88,116,High,2,0,0,0.5053190951788197
24,10.76,4.01,1.28,2.55,8.04,120,58,High,0,1,0,0.4916356420412973
21,7.8,2.44,3.18,5.64,6.33,213,91,Low,2,0,1,0.7205127281393938
26,10.93,4.05,0.36,5.7,8.07,82,85,Moderate,2,1,0,0.403476632801772
31,6.55,5.07,1.77,1.24,6.29,87,102,High,0,1,0,1.0442746497290611
23,3.6,5.1,2.59,0.6,5.54,39,27,Moderate,0,0,0,2.136110517747078
24,7.85,1.48,0.64,5.1,4.92,171,71,Moderate,0,1,0,0.2700636598645019
34,4.29,3.17,0.15,2.7,6.3,195,122,Low,0,1,0,0.7738925934982299
30,5.53,4.4,2.85,2.45,4.57,103,73,High,0,1,0,1.3110305043344477
32,10.44,4.12,3.43,4.2,5.43,242,65,High,0,0,0,0.723180007358237
20,11.68,2.15,3.75,4.43,6.25,90,88,High,2,1,0,0.505136943053344
32,7.23,5.42,2.09,3.12,6.39,212,23,High,2,0,1,1.0387273805356319
27,4.62,5.86,3.28,5.34,8.14,141,98,Moderate,0,1,0,1.9783545501397077
33,8.58,3.61,0.69,4.34,4.69,63,88,High,1,0,0,0.5011654427546104
20,9.92,1.43,1.07,2.86,6.01,70,143,High,2,0,1,0.25201610362740895
18,4.49,5.31,3.09,2.53,5.51,235,50,High,2,0,1,1.8708236367876083
32,4.56,3.34,2.94,1.96,7.44,20,167,Low,2,0,0,1.3771926804402015
26,4.57,2.65,1.11,2.27,7.15,24,23,Low,0,0,0,0.8227569315630345
31,3.45,3.19,2.59,2.76,4.92,76,131,Low,2,1,0,1.675361833228454
32,3.46,4.5,0.33,4.64,8.29,239,104,High,1,1,0,1.395953353770707
30,9.8,2.72,3.7,5.46,8.02,114,91,Moderate,0,1,0,0.6551019739691863
22,7.08,5.58,0.67,5.14,4.55,152,93,High,2,1,0,0.8827682368971417
27,11.79,2.5,3.01,2.86,6.02,29,73,High,1,0,1,0.4673451681641079
34,5.21,0.65,1.93,2.92,5.45,229,118,Low,0,0,1,0.4952014404603761
23,6.79,5.38,1.9,3.66,5.77,40,172,High,2,0,0,1.0721647905501044
24,7.52,2.31,2.39,5.05,6.24,212,67,Low,0,0,1,0.624999916888309
34,9.24,5.28,2.01,3.15,6.3,209,95,Moderate,2,0,1,0.7889609535756544
27,8.14,1.26,0.47,3.0,5.68,239,158,High,2,0,1,0.2125306864212916
32,3.27,2.65,0.75,0.84,4.81,215,56,Low,2,1,0,1.0397550337140569
23,9.9,3.3,2.46,4.2,7.05,157,55,High,2,0,1,0.5818181230486744
28,11.69,4.73,3.09,1.78,4.91,208,16,Moderate,1,0,0,0.6689477614244859
27,4.42,1.63,2.78,3.45,8.79,80,37,Low,0,0,1,0.9977373308286582
18,4.02,2.47,2.26,5.88,6.52,117,168,Low,2,1,0,1.1766166227321835
18,6.31,5.98,2.12,5.77,5.72,163,146,Moderate,1,0,1,1.2836765002097468
22,10.05,4.32,3.29,0.91,7.76,48,121,High,0,0,1,0.7572138550035965
26,8.97,4.23,1.37,4.05,7.11,213,28,Moderate,2,0,1,0.6243031633998704
34,3.84,0.51,3.76,4.76,5.01,33,168,Low,1,0,0,1.111978877088834
19,4.83,3.32,2.16,3.35,8.54,239,31,Low,1,0,1,1.1345753344564524
31,7.95,4.08,3.08,5.08,8.29,103,22,Moderate,0,0,1,0.9006288175309664
34,8.94,5.81,3.81,1.51,7.41,181,85,High,1,0,1,1.076062519456094
21,9.47,5.37,1.54,1.11,8.1,123,115,Moderate,2,1,0,0.7296725734242266
25,8.62,3.01,2.54,4.92,8.97,127,64,High,1,1,0,0.6438514334279081
28,10.23,2.6,2.6,4.03,6.0,153,139,Moderate,0,0,1,0.5083088457176104
27,10.29,5.62,0.57,1.39,8.45,75,119,Moderate,2,1,0,0.6015548492172159
32,6.28,0.55,2.21,1.96,6.53,230,30,Low,1,1,0,0.43949037587732864
27,5.18,2.25,3.38,5.4,5.89,110,105,Low,1,0,1,1.0868723770516646
35,10.34,4.84,3.12,2.03,4.57,82,117,Moderate,1,0,0,0.7698258443108469
32,11.98,1.87,1.48,5.66,6.3,58,65,Moderate,0,0,0,0.2796326978603758
30,10.26,3.82,2.5,3.41,5.78,38,48,Moderate,1,1,0,0.6159843454206292
19,11.56,1.52,2.1,1.51,8.83,164,173,High,1,1,0,0.3131487618383424
32,11.54,3.63,1.63,1.54,6.05,176,166,Moderate,2,1,0,0.4558058530497528
28,9.76,4.54,3.46,2.7,6.82,201,141,High,0,1,0,0.8196720471647494
27,4.09,1.9,0.69,3.38,8.4,84,170,Low,0,0,1,0.6332516789115699
34,9.71,5.87,2.4,1.35,5.07,22,22,High,0,1,0,0.8516991913801039
32,11.37,1.31,2.47,4.61,4.8,222,93,Moderate,2,0,0,0.33245379661795993
20,4.96,1.15,0.82,4.96,6.73,58,177,Low,1,0,1,0.3971773392787622
35,6.91,2.3,2.69,2.13,7.84,190,49,Low,0,1,0,0.7221417189375225
34,4.64,2.35,0.93,3.64,6.68,129,124,Low,0,1,0,0.7068963993757761
35,11.29,5.88,0.14,5.93,6.17,156,48,High,0,1,0,0.5332151874920118
18,7.04,2.75,0.4,3.39,7.07,142,54,Low,2,0,0,0.4474431182609207
25,10.16,2.19,1.03,4.41,5.93,38,64,High,2,1,0,0.3169291026644584
18,3.47,3.2,0.79,1.43,6.73,109,30,Low,0,1,0,1.1498555764104967
28,10.5,4.59,2.34,4.47,7.16,152,138,Moderate,1,0,0,0.6599999371428632
23,10.29,5.18,1.24,5.16,5.79,175,15,Moderate,1,0,0,0.6239066449070317
35,6.74,1.21,0.9,5.93,8.65,246,16,Moderate,1,1,0,0.31305633337443123
20,10.08,3.96,3.91,4.28,8.34,111,37,High,0,1,0,0.7807538907982252
26,6.17,1.56,1.02,3.83,4.83,223,105,Low,1,0,1,0.4181522823091925
21,5.89,5.09,1.04,4.45,7.29,191,108,High,2,1,0,1.0407468521652203
33,10.39,0.51,1.14,3.73,8.52,225,18,Moderate,1,0,1,0.15880652947001642
26,11.86,5.97,0.99,5.58,7.7,58,60,Moderate,2,0,1,0.5868464935205318
30,6.54,1.38,3.76,4.52,5.57,115,154,Low,2,0,1,0.7859326015393575
32,7.81,0.57,1.57,1.37,7.64,43,112,Low,1,0,1,0.2740076473741809
25,6.08,2.8,0.8,5.63,7.22,139,91,Moderate,0,0,0,0.5921051657721766
19,7.55,5.81,2.23,5.96,4.69,63,25,Moderate,2,0,1,1.064900521205229
27,10.79,0.93,0.8,5.21,5.15,119,111,High,1,0,1,0.1603336274018881
19,6.09,4.9,0.96,4.12,5.0,187,118,Moderate,1,1,0,0.9622330111275844
28,5.03,5.48,2.71,3.12,8.78,113,86,Moderate,2,0,1,1.6282302925983514
24,3.72,4.63,1.16,4.6,8.2,166,101,High,2,0,0,1.556451194502367
30,11.98,1.23,1.63,1.87,7.66,167,111,Moderate,1,1,0,0.23873119877035068
30,3.66,3.44,0.07,2.56,8.16,134,16,Low,1,0,0,0.9590161314163574
19,6.54,0.73,1.58,2.89,4.54,31,48,Moderate,2,0,0,0.3532109551665206
18,8.61,3.73,0.04,1.69,4.7,50,57,Moderate,2,1,0,0.4378628992029154
29,4.22,3.85,1.36,4.29,7.95,137,109,Low,2,1,0,1.2345968638396057
23,11.72,0.73,2.49,3.43,4.69,240,133,High,1,0,0,0.27474400386143316
26,11.83,3.75,0.55,2.25,7.86,174,87,Moderate,1,1,0,0.363482640449481
35,3.15,3.59,2.87,3.77,6.07,109,150,Low,1,0,0,2.050792999748254
23,10.8,3.78,2.74,1.32,6.72,146,28,Moderate,1,1,0,0.6037036478052178
31,3.92,2.81,0.56,3.48,4.64,22,90,Low,2,0,0,0.8596936582414137
18,4.18,2.44,3.98,2.51,6.14,38,110,Low,2,0,0,1.5358848000275598
25,9.11,3.99,0.36,3.23,4.92,128,28,High,1,1,0,0.4774972033482764
23,5.3,0.91,0.98,2.3,6.49,87,29,Low,1,1,0,0.35660370630118754
28,9.25,5.93,1.87,0.8,7.75,51,161,High,0,0,1,0.8432431520818214
27,10.63,2.73,0.86,2.32,8.48,161,75,High,1,0,1,0.3377233925001512
35,7.14,3.51,0.03,4.28,4.72,67,77,Moderate,2,0,1,0.49579824988820026
20,7.88,1.84,0.02,4.03,7.04,61,21,Low,1,1,0,0.23604057918266763
24,10.65,1.29,2.83,4.34,5.46,194,49,High,1,1,0,0.3868544237695377
23,10.82,5.57,1.29,4.7,8.17,225,132,High,2,1,0,0.6340110319767993
32,7.26,1.8,3.73,1.38,7.74,242,101,Low,0,0,1,0.761707884062275
23,3.2,1.02,2.75,0.5,6.4,68,73,Low,0,1,0,1.1781246318360525
24,11.65,3.22,0.28,3.75,5.17,175,17,High,1,1,0,0.3004291587614456
28,10.58,4.3,0.51,2.64,8.62,133,97,Moderate,2,0,1,0.454631336991367
25,4.12,0.52,3.33,4.84,8.93,74,54,Low,1,0,0,0.9344657926053901
32,7.21,1.7,3.76,2.78,7.77,199,23,Moderate,1,1,0,0.7572814483659572
32,3.03,3.57,0.21,2.58,4.66,177,95,Low,2,0,1,1.2475243407510426
27,3.76,5.03,2.56,4.85,5.84,33,48,High,1,0,0,2.0186164844105097
29,7.56,2.85,1.68,2.54,8.67,235,125,Low,0,0,1,0.5992062699462607
30,4.72,3.3,3.93,3.99,8.07,123,82,Low,2,0,1,1.5317793364874288
32,5.41,3.77,2.58,1.65,6.85,75,165,Low,2,0,1,1.1737520935763226
20,5.32,5.53,2.02,0.69,7.83,247,95,Moderate,0,1,0,1.4191726655690478
31,9.98,2.9,0.87,1.22,5.5,171,80,Moderate,0,1,0,0.3777554731707943
35,8.27,5.64,2.13,4.08,7.47,46,99,Moderate,2,0,0,0.9395403942514639
18,3.04,0.9,2.74,2.9,7.65,244,56,Low,0,0,0,1.1973680271815699
23,10.44,5.61,0.65,2.69,6.57,149,140,Moderate,2,1,0,0.5996168008029885
32,7.73,3.5,1.93,2.31,6.96,237,89,Moderate,2,0,1,0.7024578651412852
20,11.89,1.6,2.89,3.67,6.17,98,134,High,2,1,0,0.37762822728105744
28,7.64,4.28,2.49,3.62,8.09,69,153,Moderate,0,1,0,0.8861255384652438
30,10.24,0.78,2.17,3.66,5.13,41,113,High,0,0,0,0.28808590936661044
29,11.11,4.53,2.74,2.73,5.75,147,148,High,1,0,0,0.6543653776448806
29,3.9,5.81,1.02,2.87,4.53,33,113,Moderate,1,0,0,1.7512816022354867
19,6.22,2.78,1.41,2.29,5.19,248,80,Moderate,1,0,0,0.6736333322132906
18,4.29,5.16,0.81,3.41,8.6,129,19,High,0,1,0,1.3916080672242268
20,7.07,5.77,1.63,0.75,7.3,227,83,Moderate,0,1,0,1.046675948136358
19,10.18,2.33,0.19,3.86,6.91,27,170,Moderate,1,0,0,0.24754418000548334
18,8.25,2.88,0.26,3.84,7.18,242,162,High,0,1,0,0.38060601447199827
35,5.42,1.65,1.56,1.99,4.56,101,25,Low,1,0,0,0.5922508132378573
34,11.76,0.58,1.29,4.02,8.79,166,79,Moderate,1,0,1,0.15901359192061296
31,3.01,4.44,1.0,1.31,8.42,239,26,Moderate,0,0,0,1.8073083696649936
34,5.52,5.13,0.07,1.55,5.9,30,73,High,2,0,0,0.9420288148498525
27,7.79,3.03,2.44,5.76,5.01,99,32,Low,1,1,0,0.7021821948418234
18,7.51,4.65,0.52,3.84,8.04,153,116,High,1,1,0,0.6884153544054122
25,8.82,1.71,3.88,2.86,7.82,112,155,Moderate,2,0,0,0.6337867762146513
31,10.55,2.11,2.07,1.04,8.92,69,15,Moderate,0,0,0,0.39620849325037977
20,11.84,3.41,3.57,4.7,6.61,148,53,High,0,0,0,0.5895269772358973
27,6.73,3.52,3.34,5.63,8.68,80,49,Moderate,0,1,0,1.0193163418549267
32,8.62,5.7,0.11,1.33,5.27,140,161,High,2,0,0,0.6740138429218282
35,8.65,2.96,2.68,3.54,8.14,134,163,High,1,0,0,0.6520230460088965
33,5.83,1.61,2.1,5.94,8.45,159,153,Low,0,0,0,0.6363635272103727
34,3.6,3.71,1.28,3.81,7.01,97,109,Low,2,0,0,1.3861107260803538
35,4.89,1.95,2.05,2.76,6.86,240,54,Low,2,1,0,0.8179957427411569
22,5.14,2.7,0.44,1.13,7.34,190,169,Low,1,1,0,0.6108948227831085
35,7.71,2.63,2.62,4.69,6.8,54,21,Moderate,1,0,0,0.6809337638218205
19,10.86,0.76,2.34,1.71,8.01,170,157,Moderate,2,0,0,0.2854511707687688
34,8.96,5.17,2.65,3.84,6.54,31,77,High,0,0,0,0.8727677597357412
32,7.6,2.78,2.07,4.51,5.51,68,101,Moderate,1,0,0,0.638157810768709
25,9.66,4.71,3.36,4.12,8.46,45,97,High,2,0,0,0.8354036402273666
19,6.22,4.04,2.1,3.9,7.54,209,71,High,2,1,0,0.9871381049617196
27,6.31,3.3,0.84,5.85,5.9,98,138,Low,2,1,0,0.6561013223294259
28,10.66,1.59,2.14,2.94,5.96,212,115,Moderate,2,0,1,0.3499061585453886
32,10.91,2.98,1.79,0.79,8.47,79,178,High,2,0,0,0.43721352546163833
34,5.63,2.77,1.89,4.96,4.61,214,74,Low,1,1,0,0.8277085563572725
20,6.89,5.66,2.45,3.14,7.91,149,68,High,1,0,0,1.1770680439669021
23,8.41,4.37,0.59,2.92,4.97,120,158,Moderate,0,0,1,0.5897740083502964
20,5.98,2.53,2.82,2.17,5.24,230,73,Low,1,0,1,0.8946486798246354
29,3.62,2.41,2.96,3.46,7.12,224,114,Low,1,0,0,1.4834250045787278
30,10.62,4.4,1.56,4.5,6.05,181,161,High,1,0,0,0.5612052202254973
21,6.82,2.93,1.35,5.72,8.54,39,146,Moderate,1,1,0,0.6275658903862331
25,10.09,2.15,1.09,3.14,7.65,34,166,High,2,0,0,0.3211099780862262
27,3.23,5.98,2.37,4.45,5.06,123,88,Moderate,0,1,0,2.585138518532967
31,11.66,3.99,3.88,4.62,7.09,185,164,Moderate,0,0,0,0.6749570604668045
30,7.07,1.18,2.99,5.94,6.36,39,15,Low,1,0,0,0.5898160410444072
23,10.3,5.57,0.54,5.17,5.08,194,71,Moderate,2,1,0,0.5932038259025412
32,11.75,3.55,3.56,3.19,7.28,24,39,High,1,1,0,0.6051063314803122
27,5.48,2.72,1.1,0.65,5.24,82,104,Low,1,0,0,0.6970801647663932
27,4.26,4.95,3.25,1.11,6.23,145,47,High,0,0,1,1.9248821772577047
28,6.2,4.67,2.56,3.17,6.47,237,82,Moderate,1,1,0,1.166128844172767
35,5.91,5.85,2.97,2.34,4.79,204,68,High,1,0,1,1.4923855342833274
30,7.33,1.49,3.64,1.76,4.5,140,76,Moderate,0,0,0,0.6998634788726495
30,9.58,4.33,1.5,3.15,7.11,70,53,High,0,0,1,0.6085594354322093
34,7.2,5.03,0.85,1.24,7.6,94,18,High,1,0,0,0.8166665532407564
31,6.82,3.33,0.21,3.41,6.18,33,30,Low,2,1,0,0.5190615074689872
27,4.86,0.96,0.37,0.86,5.53,143,151,Low,2,0,0,0.27366249513117386
35,3.7,3.01,0.18,4.19,7.34,101,123,Low,1,0,0,0.8621619291454244
35,8.87,0.51,3.45,5.02,7.45,82,33,Moderate,1,1,0,0.4464486531624969
30,3.3,1.52,0.22,5.77,6.44,105,180,Low,1,1,0,0.5272725674931613
23,5.59,1.03,1.16,1.34,6.32,142,24,Low,0,0,1,0.3917709495937478
22,3.17,5.91,1.61,5.41,5.43,209,147,High,0,1,0,2.372238999293691
19,11.92,1.78,3.91,1.22,7.49,32,110,Moderate,2,0,1,0.47734895324253757
19,10.65,1.13,0.83,3.44,5.44,167,40,High,2,1,0,0.1840375414049257
34,6.41,5.85,3.19,1.37,7.8,85,100,High,1,1,0,1.4102961918414676
24,5.74,3.25,1.19,4.92,7.24,129,16,Low,2,1,0,0.7735190290036533
26,4.56,0.8,3.24,5.73,5.61,212,131,Low,1,0,1,0.8859647179901935
35,8.73,2.48,2.49,5.07,6.1,233,38,High,0,0,0,0.5693011948108598
28,8.06,0.86,1.95,5.43,8.82,114,78,High,2,0,0,0.3486351924770233
27,3.95,3.1,3.97,1.71,6.32,168,109,Low,1,0,0,1.789872964589123
28,9.0,2.36,2.24,4.34,7.65,124,47,Moderate,2,1,0,0.511111054320994
27,4.82,5.51,3.02,2.64,8.66,58,91,Moderate,1,0,1,1.7697091764088844
32,10.77,4.34,1.67,1.58,7.31,77,97,High,2,0,1,0.5580315173601191
28,7.5,2.86,2.68,0.64,8.03,120,152,Low,2,0,1,0.7386665681777909
35,10.09,0.92,0.38,5.23,7.53,148,36,High,2,1,0,0.12884042330620188
18,5.2,3.23,0.83,1.22,4.77,196,57,Low,0,0,1,0.7807690806213305
31,10.33,5.77,3.62,0.61,8.53,118,85,Moderate,0,0,0,0.9090028161662328
30,10.05,3.76,1.19,4.75,6.29,102,179,High,0,0,1,0.49253726442415274
27,6.1,2.73,3.67,1.55,4.99,55,164,Low,2,1,0,1.0491801558721057
30,10.39,1.94,3.39,0.94,7.5,66,179,High,1,1,0,0.5129932133789015
31,7.06,4.2,1.65,5.39,5.51,104,71,High,0,1,0,0.8286117806498894
23,6.15,4.75,0.11,2.71,7.73,165,169,Moderate,2,1,0,0.7902437739441018
25,5.08,5.85,0.86,5.55,6.39,143,67,High,1,1,0,1.3208658817193146
35,10.17,1.96,2.91,5.75,8.39,146,168,Moderate,0,1,0,0.47885934327833407
30,3.09,2.06,2.62,3.75,7.46,217,21,Low,1,1,0,1.5145626166464023
34,8.06,5.35,3.41,5.59,6.32,159,23,Moderate,0,0,0,1.086848500391005
22,4.1,5.15,0.8,3.26,7.84,104,92,Moderate,0,0,0,1.4512191582392298
24,3.67,0.84,1.91,5.91,4.93,234,166,Low,2,1,0,0.7493185969159136
28,10.08,1.04,2.81,0.98,6.73,72,49,Moderate,0,1,0,0.38194440655313433
27,11.16,4.18,0.02,5.84,6.84,225,37,High,0,0,1,0.37634405229892
27,5.85,5.5,3.74,0.91,8.68,74,126,High,2,0,0,1.5794869094894173
27,10.74,1.53,0.29,3.55,8.84,29,178,High,2,1,0,0.1694599469776586
27,4.52,4.03,0.48,2.06,4.72,201,75,High,1,1,0,0.9977873898700466
31,8.37,2.88,2.65,2.64,6.33,84,103,High,1,0,1,0.6606928720797047
27,11.04,0.51,2.53,2.06,7.74,36,134,High,2,0,0,0.275362293898343
30,8.44,3.29,3.93,3.79,8.92,27,109,High,2,0,0,0.8554501356101737
29,11.45,5.54,0.83,2.5,6.77,246,52,Moderate,0,0,0,0.5563318291413251
22,6.51,1.23,2.61,2.73,4.62,117,17,Low,2,0,0,0.5898616605435237
26,4.0,1.72,3.95,2.58,7.42,127,61,Low,2,1,0,1.4174996456250886
18,11.72,5.89,1.65,3.48,4.77,89,40,Moderate,2,0,0,0.6433446550047222
31,4.52,3.26,0.45,2.43,8.07,61,50,Low,2,1,0,0.8207962785848941
35,4.4,0.57,1.11,2.3,5.2,69,106,Low,2,1,0,0.381818095041342
26,3.83,4.49,2.22,2.99,8.11,78,110,Moderate,0,0,0,1.7519577671128546
18,10.43,5.7,1.26,2.25,8.01,133,52,Moderate,2,0,0,0.6673057845344407
27,4.06,4.35,2.66,5.76,7.0,30,168,Moderate,2,1,0,1.7266005599506011
35,3.15,0.9,3.58,1.06,5.79,241,99,Low,0,0,1,1.4222217707232474
21,11.37,1.94,1.88,2.75,6.54,207,175,Moderate,0,0,1,0.3359718262118007
34,9.07,5.59,0.89,2.62,7.9,147,158,High,0,0,1,0.7144431406347144
21,9.01,1.04,3.3,3.91,8.57,133,79,Moderate,0,0,0,0.481686960967041
28,7.97,5.77,3.66,4.81,7.17,98,20,Moderate,1,0,0,1.1831868026114425
31,8.1,0.77,1.19,5.42,6.84,225,154,Moderate,1,0,0,0.24197527876848413
28,6.78,1.82,1.81,2.0,6.5,31,36,Moderate,0,1,0,0.5353981511212166
25,6.76,3.58,1.2,5.44,4.76,111,71,Low,2,0,0,0.7071004871153126
30,8.54,1.38,2.45,2.69,5.71,137,142,Moderate,0,0,1,0.4484776992414873
27,9.08,1.82,0.56,1.88,5.46,151,16,High,1,0,1,0.2621145085776973
22,5.77,4.46,1.37,5.68,6.29,47,98,High,1,0,1,1.0103984384058167
18,6.46,5.09,2.25,2.58,5.23,62,109,Moderate,0,0,1,1.136222734330846
22,8.59,2.36,2.4,2.47,8.69,237,36,High,2,1,0,0.5541326479473053
19,5.52,5.51,0.56,2.89,5.33,245,173,Moderate,1,0,0,1.0996374819497317
27,11.56,3.8,3.32,0.65,4.89,138,153,High,0,0,1,0.6159169017372922
25,8.31,5.45,1.53,1.65,8.36,233,16,Moderate,0,1,0,0.8399517641453955
21,10.55,3.73,2.0,2.16,8.01,230,106,High,0,1,0,0.5431279106039896
19,3.96,1.82,0.97,2.56,5.52,174,139,Low,0,0,1,0.7045452766299807
18,4.65,3.7,1.37,1.05,5.16,235,102,Low,2,1,0,1.0903223461672373
34,9.66,2.45,2.4,0.51,6.52,179,51,Moderate,1,1,0,0.5020703414005858
25,3.75,2.62,2.51,3.06,8.02,216,34,Low,1,0,1,1.3679996352000972
27,10.54,2.94,3.13,1.15,5.83,213,105,Moderate,2,0,1,0.5759012736336554
32,11.77,2.85,1.68,2.85,4.76,65,135,Moderate,1,1,0,0.3848767727377424
23,7.98,5.02,2.59,3.12,4.75,189,33,Moderate,2,1,0,0.9536339657100292
25,3.62,1.13,1.91,3.51,8.67,26,113,Low,1,0,0,0.8397787735417752
25,4.22,1.59,1.95,3.47,7.14,38,50,Low,2,0,0,0.8388623604591563
25,11.2,0.96,1.14,1.34,5.9,25,25,High,2,0,0,0.18749998325893005
25,8.13,3.46,3.63,1.32,5.59,198,33,High,1,0,1,0.8720786135204657
34,10.66,2.59,0.83,5.84,7.9,157,81,High,2,0,0,0.32082548585126774
28,8.13,5.35,1.36,1.66,6.86,30,39,High,1,0,0,0.825338151864926
23,9.3,2.66,0.74,2.95,8.07,76,109,Moderate,0,0,0,0.3655913585385636
28,11.49,1.71,3.23,1.87,8.78,113,115,High,1,0,0,0.42993904004011835
34,6.97,2.11,1.7,1.41,8.16,167,88,Moderate,0,0,0,0.546628329034673
22,5.83,5.77,2.31,5.84,6.38,118,151,Moderate,0,0,0,1.3859345821724558
22,9.76,5.32,2.84,1.49,8.75,209,96,Moderate,2,0,0,0.8360654881080444
26,10.8,0.9,2.3,2.16,8.41,188,110,Moderate,0,0,0,0.29629626886145655
33,7.15,5.91,2.76,5.2,7.51,198,16,High,1,1,0,1.212587242994791
29,4.05,3.36,2.79,0.79,4.61,78,171,Low,0,0,1,1.518518143575767
22,9.97,1.56,2.58,5.34,7.62,165,84,High,2,0,0,0.4152456955621169
32,3.11,1.58,2.52,4.19,8.32,220,148,Low,0,1,0,1.3183275503769933
22,3.24,5.72,0.2,5.38,7.54,94,143,High,0,0,1,1.8271599298889103
24,4.84,4.64,1.69,2.98,7.09,25,145,High,2,0,1,1.307850969452279
20,9.28,2.6,3.41,4.02,5.64,93,126,Moderate,2,0,1,0.647629240557194
29,11.26,2.04,2.86,0.79,8.4,57,81,High,0,1,0,0.43516870025144766
18,3.7,5.44,1.17,1.1,6.05,250,150,Moderate,2,1,0,1.7864860036524315
34,9.6,3.67,3.03,4.54,5.79,183,32,Moderate,0,1,0,0.6979165939670214
29,6.65,5.41,1.36,4.28,8.25,68,148,Moderate,0,0,0,1.0180449596924872
27,7.12,2.44,0.2,0.73,7.38,46,118,Moderate,1,0,0,0.3707864647771819
21,7.38,4.99,2.2,0.7,8.83,175,24,High,1,0,1,0.9742546105346057
34,9.25,4.05,0.82,4.36,6.46,47,108,High,1,1,0,0.5264864295690347
20,8.12,3.09,3.33,2.91,7.11,202,148,High,0,1,0,0.7906402967191755
33,10.83,4.46,3.46,2.33,8.91,73,110,High,1,0,0,0.7313018715326065
28,6.96,1.32,1.48,2.51,5.58,83,163,Moderate,2,1,0,0.40229879277316194
30,6.6,1.28,1.87,4.77,6.67,163,26,Moderate,1,0,0,0.4772726549586887
35,7.36,5.28,0.02,5.31,5.41,58,146,Moderate,0,0,0,0.7201085978113317
30,6.87,3.58,2.59,1.9,4.81,114,30,Moderate,0,0,0,0.8981075839726952
21,11.71,0.52,2.18,5.0,8.74,21,152,Moderate,1,0,1,0.23057214085635006
32,9.89,1.73,3.46,5.15,8.78,223,136,Moderate,2,0,1,0.5247724444112796
27,4.26,1.21,2.93,4.09,8.65,70,15,Low,0,1,0,0.9718307577862072
22,3.66,5.05,2.87,2.03,5.37,192,89,High,2,0,1,2.1639338349907553
33,10.64,4.3,1.79,3.08,7.91,233,124,Moderate,2,0,0,0.5723683672586121
29,9.39,2.89,3.09,2.71,6.55,95,25,Moderate,2,1,0,0.6368476425082383
27,10.01,0.59,2.46,2.52,5.23,230,87,High,2,1,0,0.30469527425621634
32,8.62,5.76,0.73,5.11,7.11,214,81,High,2,1,0,0.7529001446751574
29,9.24,3.13,0.97,0.78,5.01,146,178,Moderate,0,0,1,0.4437228957009853
21,3.39,2.68,3.32,1.33,4.54,149,23,Low,1,0,0,1.7699109823271437
28,8.38,5.25,3.67,1.62,5.93,149,143,Moderate,1,0,1,1.0644390137900939
23,3.97,3.64,1.89,1.0,5.63,82,144,Low,2,0,1,1.3929467524063595
25,10.31,0.63,0.83,5.68,8.77,197,50,High,1,1,0,0.14161007355867375
34,4.28,2.66,1.33,5.22,7.17,62,142,Low,1,1,0,0.9322427728404736
22,3.19,2.65,0.2,2.17,7.86,222,19,Low,2,0,0,0.8934166478317719
24,10.42,3.23,0.46,5.75,5.41,34,180,High,0,0,0,0.35412664547728934
24,6.43,4.42,3.33,1.6,4.56,34,29,Moderate,2,1,0,1.205287526393853
35,6.99,1.13,0.01,5.67,8.34,156,26,Moderate,2,0,1,0.16309010542344698
26,3.58,3.49,3.77,4.66,7.31,32,174,Low,0,0,1,2.027932394432292
32,6.75,0.99,3.08,2.67,6.9,184,21,Low,0,0,1,0.6029628736351299
31,7.68,2.42,3.94,4.69,5.86,137,80,Low,0,1,0,0.828124892171238
20,3.33,2.42,2.19,1.67,8.01,82,17,Low,1,0,1,1.3843839686534627
32,8.57,2.1,0.56,3.57,8.94,211,93,High,1,0,0,0.31038502795974005
29,8.83,4.67,0.42,4.97,6.42,196,40,Moderate,1,0,1,0.5764438758274206
34,7.88,5.77,1.64,1.8,6.95,190,106,Moderate,2,0,0,0.9403552106148209
30,4.55,1.37,1.7,2.89,6.82,196,146,Low,2,0,1,0.6747251264340383
30,3.77,2.67,3.27,1.43,6.98,184,169,Low,2,0,0,1.5755963990460478
25,10.28,3.61,0.42,2.28,7.3,142,134,High,1,0,0,0.392023308168939
18,7.94,1.53,2.23,5.78,6.89,101,22,Low,2,0,0,0.47355157763834027
21,11.03,4.79,1.32,3.53,5.35,37,50,High,1,1,0,0.5539437394429975
35,7.8,0.94,0.46,5.87,6.87,30,29,Low,1,0,1,0.17948715647600558
23,5.36,3.77,2.55,3.38,6.51,233,140,Low,1,0,1,1.1791042576298025
18,9.97,3.74,0.07,1.06,8.45,107,177,Moderate,2,0,0,0.38214640098832486
26,4.54,4.65,0.09,4.14,7.2,58,61,Moderate,0,1,0,1.044052633468583
35,3.14,1.42,0.17,4.8,6.74,70,20,Low,1,0,1,0.506369265487495
31,4.25,4.36,2.3,2.5,6.61,222,177,High,0,0,1,1.5670584548097752
20,10.26,4.69,1.22,5.7,8.82,114,119,Moderate,1,0,1,0.5760233356702402
30,7.88,3.21,0.83,4.05,5.64,115,71,Moderate,2,0,0,0.5126902902677296
31,11.07,5.86,2.65,2.8,8.67,151,65,High,1,0,1,0.7687442846662796
25,8.95,5.6,2.62,5.7,7.33,238,121,High,0,0,0,0.9184356515714356
34,5.82,1.35,3.44,4.96,6.63,154,135,Low,2,1,0,0.8230239135697742
31,9.94,3.86,0.87,5.06,5.63,82,125,Moderate,2,0,0,0.4758550829119635
18,9.87,4.85,1.28,0.83,8.98,28,167,High,1,1,0,0.6210738985740731
18,3.46,1.58,0.69,5.92,7.22,70,160,Low,1,0,1,0.6560691745464813
33,11.16,5.14,2.36,1.98,8.05,108,175,Moderate,0,1,0,0.6720429505337858
31,4.24,3.58,1.4,2.45,7.54,196,177,Low,1,0,1,1.174528024875466
21,5.8,2.39,3.54,1.27,6.59,87,74,Low,1,1,0,1.0224136168252385
21,4.01,1.81,1.41,0.66,8.97,62,117,Low,1,0,1,0.8029923184557809
31,10.56,2.59,0.73,4.17,5.0,33,149,High,0,0,0,0.31439390962178887
27,6.08,0.94,2.53,2.87,4.68,174,175,Low,0,1,0,0.5707235903415147
33,8.99,5.58,1.38,2.47,7.9,76,131,High,1,1,0,0.7741934622699153
35,10.61,2.79,0.8,2.93,6.23,235,50,High,2,0,0,0.33836000580961306
31,9.47,4.69,2.99,4.69,5.66,45,59,Moderate,0,0,1,0.8109819629374908
32,6.53,0.58,2.49,0.83,7.07,41,169,Low,0,0,1,0.47013775342454006
28,11.55,2.9,1.98,0.83,6.01,202,99,Moderate,2,0,1,0.42251078592980207
31,6.97,4.22,0.4,1.45,7.92,91,73,High,2,0,1,0.6628406509554303
29,10.65,1.0,1.17,1.34,5.15,175,77,Moderate,1,0,1,0.2037558494125963
23,10.07,1.81,0.99,1.23,6.13,114,128,Moderate,0,0,1,0.27805359701553156
28,5.64,0.63,1.14,1.92,8.53,153,66,Low,0,1,0,0.3138297315904731
20,10.98,4.27,3.42,4.15,7.13,143,45,Moderate,0,0,0,0.700364234939505
22,9.15,1.13,2.69,3.07,5.07,220,101,Moderate,1,0,1,0.4174862931708969
21,10.58,1.28,2.46,4.59,7.79,145,73,Moderate,0,0,1,0.35349713104942054
35,5.22,3.62,0.3,2.27,5.48,137,126,Low,0,1,0,0.7509577105444999
34,9.14,3.18,1.77,2.11,8.33,209,173,Moderate,0,1,0,0.541575433088027
26,5.47,0.78,3.24,1.48,5.09,185,111,Low,2,0,1,0.7349175987353568
19,10.98,4.6,1.24,2.4,4.75,172,95,Moderate,1,1,0,0.5318760899930701
19,5.45,3.83,2.88,1.63,6.34,196,132,Low,1,1,0,1.2311924346435899
31,7.88,1.03,0.3,1.84,6.97,53,129,Low,0,1,0,0.16878170446932686
25,5.53,0.83,2.18,1.38,4.51,80,152,Low,0,1,0,0.5443036990409225
19,9.94,4.57,2.74,0.92,7.89,119,148,Moderate,2,0,0,0.7354124008639438
18,5.14,3.61,2.67,0.97,8.72,142,77,Low,2,0,1,1.2217896455662167
34,8.33,2.18,1.94,3.15,4.71,25,105,Moderate,1,0,0,0.49459777976017055
18,7.11,2.89,1.08,2.51,8.07,223,151,Low,1,1,0,0.5583684165445265
32,3.06,2.54,3.06,5.35,7.13,40,174,Low,2,0,0,1.8300647614167445
29,6.78,3.1,2.47,2.39,6.25,49,168,Low,1,1,0,0.8215338021336575
32,7.02,4.26,0.47,4.65,6.75,126,51,High,0,1,0,0.6737890778078236
22,9.68,4.71,1.53,4.77,6.95,26,110,Moderate,0,1,0,0.6446280325797488
35,10.61,3.39,2.99,5.03,4.71,206,50,High,2,1,0,0.6013194532215408
27,5.67,2.65,1.53,3.22,5.42,75,15,Low,2,0,0,0.7372132738600927
31,10.01,4.26,0.7,4.19,6.19,95,145,High,2,1,0,0.49550444600355187
31,5.36,0.65,1.0,2.22,6.92,164,114,Low,1,0,0,0.3078357634634769
35,8.03,5.79,0.01,2.03,5.49,194,169,Moderate,0,0,1,0.7222913172738087
20,9.89,3.67,0.72,5.74,8.01,200,167,High,2,1,0,0.4438826649259186
30,5.97,1.73,0.26,5.49,4.72,210,52,Low,0,1,0,0.33333327749861347
34,4.41,3.14,2.07,0.61,6.91,134,164,Low,1,0,0,1.1814056277991773
32,7.73,4.51,3.35,3.36,5.63,167,137,Moderate,2,0,0,1.0168174622487112
23,11.37,1.24,1.96,1.11,6.96,124,100,Moderate,1,1,0,0.28144236750726764
31,3.69,1.66,3.2,5.2,8.39,100,119,Low,0,1,0,1.3170728138014056
23,8.37,5.9,1.47,2.44,8.18,210,121,High,2,1,0,0.880525581777111
33,11.22,3.29,0.35,5.12,5.45,238,166,High,2,0,1,0.3244206484473576
23,9.28,1.13,0.83,5.03,6.75,129,141,Moderate,2,0,0,0.21120687379236278
25,10.22,4.3,1.69,1.16,8.27,39,135,High,2,0,1,0.5861056177978848
19,9.79,0.75,2.76,5.09,5.59,192,56,High,2,0,1,0.3585290747161313
28,7.53,2.38,1.68,5.82,8.4,194,168,Low,2,0,0,0.539176555222237
26,11.99,1.7,2.53,1.3,5.95,248,102,Moderate,1,0,0,0.3527939655718127
35,10.93,0.87,2.96,5.9,8.77,85,141,Moderate,0,0,1,0.3504116788278428
24,6.65,0.71,2.78,2.67,7.07,86,106,Moderate,0,1,0,0.5248119511560975
21,5.83,1.7,0.21,1.83,8.53,225,135,Low,2,0,1,0.3276157242511622
31,9.26,2.18,3.53,3.69,6.59,181,86,Moderate,0,0,0,0.6166306029556585
33,8.72,5.41,1.31,5.7,8.67,127,117,Moderate,0,0,1,0.7706421134584733
33,4.73,2.86,0.12,4.31,5.04,188,72,Low,0,1,0,0.630021008452218
23,8.82,4.54,3.78,1.02,7.28,245,73,Moderate,0,1,0,0.9433105506450624
25,6.9,2.2,0.06,5.4,4.95,222,94,Moderate,0,1,0,0.32753618441504573
18,4.42,2.04,3.23,4.65,4.53,173,93,Low,1,0,1,1.1923074225548818
34,6.83,0.86,1.35,5.94,4.54,225,162,Moderate,1,1,0,0.3235724270025729
35,8.58,0.86,0.77,0.71,5.9,182,49,Moderate,1,0,1,0.1899766678348872
23,6.47,0.92,3.61,4.79,4.62,71,96,Low,2,0,1,0.700154451289884
23,3.32,5.76,0.97,2.6,6.22,169,123,Moderate,0,1,0,2.027107823160294
35,6.45,3.63,0.37,0.86,8.2,220,64,Moderate,0,1,0,0.6201549426116367
26,8.88,5.22,1.18,2.58,7.53,151,63,High,0,0,1,0.7207206395584864
34,7.85,1.77,0.95,1.65,6.17,208,149,Low,2,0,1,0.34649677114690813
31,9.98,2.49,1.15,2.06,7.77,65,113,High,0,1,0,0.3647294223718014
32,5.42,2.37,3.33,3.68,6.06,214,158,Low,2,0,0,1.0516603225718961
18,5.24,2.85,3.62,5.3,6.4,103,68,Low,0,0,0,1.2347325887914908
19,5.33,1.19,2.2,1.61,4.67,171,165,Low,0,0,0,0.6360223947425151
27,9.66,3.86,1.61,2.58,8.83,130,130,High,2,1,0,0.5662525293734442
31,9.31,3.02,3.41,4.03,8.42,241,125,High,0,1,0,0.6906551352679768
20,3.24,4.67,3.19,1.93,8.78,203,129,High,1,0,0,2.425925177183587
31,9.55,0.5,1.35,3.49,6.77,25,39,High,2,0,1,0.19371725720238145
23,4.84,4.32,3.88,2.52,8.49,131,162,High,0,1,0,1.6942145259887342
28,10.03,2.75,2.83,4.85,5.53,107,94,Moderate,2,0,1,0.5563309515123678
31,3.65,5.07,2.15,1.42,5.99,134,46,High,0,1,0,1.978081649840644
25,7.85,5.29,4.0,2.85,5.28,116,92,Moderate,0,0,1,1.183439339689256
27,8.16,4.67,1.63,3.58,4.73,118,65,Moderate,1,0,1,0.7720587289143714
20,3.2,0.94,3.06,2.92,7.1,173,100,Low,2,0,0,1.249999609375122
34,10.74,1.31,3.47,4.39,6.57,154,111,High,0,0,0,0.4450651354687956
31,4.32,5.7,2.99,1.69,5.87,92,69,High,1,0,1,2.0115736084320353
25,5.09,3.45,2.7,1.33,5.5,132,122,Low,2,1,0,1.2082512360999538
21,10.97,2.16,3.47,3.04,8.49,64,120,High,1,0,0,0.5132178201259964
35,5.82,0.73,2.46,5.5,8.62,174,140,Low,1,0,1,0.5481098714587849
26,9.16,4.08,3.76,5.12,7.71,55,165,High,0,0,0,0.8558951030682203
18,11.66,4.81,1.9,3.06,7.01,92,21,High,0,0,0,0.5754716487588637
32,6.19,2.19,1.78,1.6,4.9,101,135,Low,2,0,1,0.64135692385187
19,10.1,4.04,0.19,5.18,7.82,223,119,Moderate,1,0,1,0.41881183972160013
27,9.5,2.39,2.1,5.77,6.0,188,123,Moderate,1,0,1,0.4726315291966812
22,11.47,2.86,0.13,4.26,8.62,215,18,High,0,1,0,0.26068001214646797
20,3.63,4.55,3.26,3.72,7.89,112,122,High,2,1,0,2.1515145588114164
20,7.93,4.26,1.27,1.68,8.83,221,85,High,0,0,0,0.6973517405609406
32,6.83,1.01,2.57,4.06,6.8,191,15,Moderate,1,0,1,0.5241580491715887
30,7.93,1.31,2.46,4.57,7.7,114,118,Low,2,0,1,0.47540977611478236
20,5.49,1.4,0.93,1.77,7.78,167,62,Low,1,0,0,0.42440793726631376
33,9.12,3.93,1.69,5.53,4.8,34,105,High,0,1,0,0.6162280026065787
27,7.36,2.98,0.97,3.53,8.27,84,131,Low,2,0,0,0.5366847096895775
32,5.69,2.16,0.51,1.53,7.23,92,41,Low,2,0,1,0.46924420575673004
33,8.81,5.11,3.97,3.45,7.86,199,119,High,1,1,0,1.0306468750684592
24,3.81,1.62,1.47,3.28,5.35,56,105,Low,0,0,0,0.8110234091802074
35,10.33,2.42,3.8,5.65,7.99,113,178,High,0,0,0,0.6021296609748634
19,10.28,3.37,2.82,4.23,8.88,63,156,Moderate,1,0,0,0.6021400192470798
32,6.11,3.91,0.86,1.63,8.34,170,71,Low,2,0,1,0.7806872699366171
19,11.93,5.78,0.26,1.92,6.23,86,47,Moderate,0,1,0,0.5062866298167117
29,8.17,4.6,0.97,4.7,4.73,170,41,Moderate,2,0,0,0.681762462452575
24,5.66,5.95,1.18,2.71,5.38,41,100,Moderate,1,1,0,1.2597170919227751
20,5.89,0.71,0.24,2.19,4.55,132,151,Low,2,0,1,0.16129029519689386
31,6.25,3.52,2.65,2.22,6.55,209,125,Moderate,1,1,0,0.9871998420480252
35,9.68,1.51,2.36,1.28,8.72,239,168,High,0,0,0,0.3997933471287865
20,11.41,5.55,3.21,0.63,8.87,197,112,Moderate,1,1,0,0.7677475225462295
34,8.73,1.38,1.0,4.9,5.06,157,51,Moderate,2,0,1,0.2726231073742145
20,8.7,3.25,3.71,2.71,7.43,117,173,Moderate,1,0,1,0.7999999080459878
24,8.68,3.23,3.2,4.4,7.86,22,103,High,0,1,0,0.7407833247945479
22,7.96,3.01,2.81,1.37,4.64,185,133,Moderate,1,0,1,0.7311556870407429
22,5.29,1.55,1.85,1.17,7.25,42,90,Low,2,0,1,0.6427219957047268
34,10.96,4.92,0.09,5.61,8.61,152,117,High,1,0,1,0.4571167466134355
18,4.56,5.64,0.73,0.57,8.02,236,91,High,1,0,1,1.3969295182172108
28,3.37,3.69,1.03,0.96,6.76,206,164,Low,1,1,0,1.4005930562038407
19,3.84,2.64,2.51,2.45,8.12,76,146,Low,2,0,0,1.341145484076697
31,9.28,5.51,2.45,5.06,4.83,119,28,Moderate,0,1,0,0.8577585282587794
21,10.19,5.27,2.22,0.55,5.76,232,165,Moderate,1,1,0,0.7350342752665089
34,3.15,2.31,3.04,4.52,8.36,153,165,Low,1,0,1,1.698412159234235
27,5.77,3.74,3.01,1.93,8.14,207,27,Low,0,1,0,1.1698438180513313
35,5.15,2.47,0.37,4.54,6.63,183,29,Low,1,0,1,0.5514562036007372
30,7.44,4.94,1.02,3.31,6.83,228,175,High,1,0,1,0.8010751611458117
22,8.34,1.42,3.1,5.67,6.91,67,55,Moderate,0,0,1,0.541966361874537
24,4.39,2.55,0.17,5.44,6.81,129,152,Low,2,0,0,0.6195898360843197
33,7.52,3.86,1.6,2.28,6.98,142,83,Moderate,2,0,0,0.7260637332362057
22,3.71,2.47,0.8,5.66,5.95,108,99,Low,0,0,1,0.881401379676178
32,11.69,0.98,2.74,4.38,5.81,154,113,High,0,0,0,0.3182206742326199
21,10.55,4.09,3.16,3.9,6.41,105,72,High,1,1,0,0.6872037263314004
29,10.01,2.9,3.55,3.86,6.48,173,124,Moderate,2,0,1,0.6443555799844576
24,6.16,3.27,0.73,5.09,6.28,69,24,Moderate,2,0,1,0.6493505439366
22,4.55,2.04,0.51,2.04,6.94,210,70,Low,2,0,0,0.5604394372660577
31,7.98,3.62,2.08,1.9,7.45,32,36,Moderate,2,1,0,0.7142856247762375
24,4.77,2.15,0.02,5.11,6.0,76,127,Low,1,0,1,0.4549265293655075
33,3.94,2.4,1.04,2.79,4.57,82,164,Low,1,0,0,0.8730962251024809
26,11.38,5.04,1.61,4.35,6.73,32,176,High,0,0,1,0.5843584723762327
20,3.96,4.3,2.84,5.02,6.07,133,175,Moderate,0,1,0,1.8030298477197353
20,10.92,5.72,3.88,4.47,8.32,186,70,High,0,0,0,0.8791207986153116
28,7.94,0.99,0.63,1.5,5.67,175,109,Moderate,2,0,1,0.20403020100375302
30,3.02,3.59,3.11,0.62,6.66,107,36,Low,2,0,0,2.218542311740956
33,6.37,0.88,2.29,4.28,5.85,223,93,Low,0,0,1,0.4976451338076713
21,6.86,2.02,2.17,3.36,7.53,82,147,Moderate,1,0,0,0.6107870829756438
32,6.91,2.59,1.28,5.44,6.67,112,98,Low,2,0,1,0.5600578060697821
27,5.0,4.71,2.15,4.11,4.96,240,120,Moderate,0,0,1,1.3719997256000547
26,9.91,5.22,0.22,2.73,8.77,81,91,High,1,0,1,0.5489404087850244
32,7.2,5.97,2.66,1.1,8.77,184,79,High,0,1,0,1.1986109446373685
20,10.37,4.13,2.78,3.16,5.28,113,134,High,1,1,0,0.6663451623582294
25,6.08,4.06,2.92,3.18,4.93,156,99,Moderate,1,0,1,1.148026126969387
28,4.36,5.23,2.15,5.82,6.07,24,164,High,1,0,0,1.6926601622339077
29,11.35,1.04,1.64,0.74,8.04,155,82,High,0,1,0,0.23612332721380377
25,4.92,4.55,3.15,4.01,6.5,96,19,High,1,0,1,1.5650403323088753
21,5.29,5.88,2.68,3.19,8.14,230,77,High,0,0,1,1.6181471421271942
28,11.95,3.35,0.87,5.66,6.18,216,118,Moderate,1,0,1,0.3531380457625067
30,3.91,0.93,1.39,4.23,7.47,30,41,Low,0,0,1,0.593350231879736
26,8.17,3.19,1.73,3.79,8.75,100,95,Moderate,1,0,1,0.6022031086654702
29,8.2,4.79,2.66,4.74,8.66,128,128,Moderate,0,0,0,0.9085364745687228
33,12.0,2.52,2.7,2.46,6.87,124,26,Moderate,1,0,1,0.4349999637500031
35,4.93,4.78,3.87,1.77,6.05,47,64,Moderate,0,1,0,1.7545635386280856
32,11.2,2.2,1.97,2.2,7.27,130,118,High,0,0,1,0.3723213953284469
31,6.97,5.01,0.25,4.32,6.84,25,65,Moderate,2,0,0,0.7546627324730656
25,10.24,4.76,1.75,2.51,8.16,119,21,High,1,1,0,0.6357421254158081
33,10.29,5.7,2.83,4.9,5.14,149,148,Moderate,2,1,0,0.8289600749309939
22,11.61,4.88,0.66,1.95,7.46,102,55,High,0,0,1,0.4771748081675446
35,8.11,5.88,3.37,4.96,8.39,120,96,High,1,0,0,1.1405670603493145
24,4.63,4.28,1.27,2.08,4.84,153,39,Moderate,2,1,0,1.198703844772388
30,11.29,1.53,3.87,4.28,5.15,72,156,Moderate,2,0,0,0.4782993376174193
31,7.62,4.79,2.15,5.44,8.38,40,81,Moderate,0,1,0,0.9107610353331974
26,8.96,1.84,0.97,1.97,4.77,44,43,High,0,1,0,0.31361603642678165
24,3.01,3.15,3.11,5.56,6.61,143,26,Low,0,0,0,2.0797335283277314
21,11.74,1.8,1.86,1.29,7.22,20,138,High,1,1,0,0.3117546582832489
21,7.49,0.73,2.18,5.15,6.28,32,91,Low,1,1,0,0.38851797216048434
23,6.48,2.14,1.31,2.7,7.27,139,91,Moderate,2,1,0,0.5324073252457832
28,9.46,4.27,0.92,4.25,6.24,84,160,Moderate,2,1,0,0.5486257348175756
27,4.18,4.98,3.99,4.38,7.18,194,28,Moderate,0,1,0,2.1459325009730863
30,11.94,1.28,1.57,5.75,6.58,64,45,Moderate,0,0,1,0.23869344734560746
30,9.56,4.8,1.36,1.45,8.08,55,59,High,2,0,0,0.6443513970343727
26,7.63,1.28,3.37,3.82,5.4,114,154,Low,2,0,1,0.6094363552508054
20,3.04,2.49,0.96,4.92,8.33,142,94,Low,1,0,1,1.1348680477407738
29,4.1,5.32,2.94,2.17,8.58,215,37,Moderate,2,1,0,2.014633654967401
28,6.31,5.73,2.33,3.15,7.1,76,101,Moderate,2,0,0,1.2773373569988342
33,3.73,3.17,0.11,0.68,6.35,135,29,Low,1,0,0,0.8793563326122432
30,3.04,1.01,1.57,3.47,5.54,182,176,Low,1,0,0,0.8486839313539699
30,8.03,1.13,2.23,4.7,6.32,138,126,High,0,1,0,0.41843083207586157
27,5.92,5.75,3.37,5.62,8.1,136,177,High,0,1,0,1.540540280314142
19,5.05,1.47,2.32,2.81,8.23,205,130,Low,1,1,0,0.7504949008920988
18,5.72,2.04,2.13,0.74,5.87,243,127,Low,0,0,0,0.7290208515697812
30,3.18,2.37,1.16,3.16,6.55,219,164,Low,1,0,0,1.1100625440054892
21,3.95,0.78,3.81,3.67,6.26,245,130,Low,2,0,0,1.1620250222721462
32,4.35,3.61,1.82,1.42,7.57,73,90,Low,1,0,1,1.2482755751090633
18,8.48,1.92,2.74,3.41,6.07,126,17,High,1,1,0,0.5495282370839344
24,7.67,5.62,3.13,3.12,7.31,240,128,High,1,0,0,1.1408081954617737
19,9.81,1.63,2.26,5.04,5.15,77,142,Moderate,0,0,1,0.396534108406309
20,3.5,2.91,0.95,2.47,5.09,172,122,Low,2,0,1,1.1028568277551922
23,5.59,1.4,0.77,5.68,5.59,221,51,Low,2,0,0,0.38819313270248074
30,3.2,2.71,2.83,0.65,8.32,116,159,Low,1,0,0,1.731249458984544
29,8.89,1.55,1.75,5.34,5.95,55,168,Moderate,0,0,0,0.37120355779487535
19,3.3,2.6,3.76,1.9,8.49,162,101,Low,1,1,0,1.9272721432508655
21,11.66,3.97,3.06,3.36,4.54,62,107,Moderate,1,0,0,0.6029159002645026
25,11.77,2.76,3.97,5.84,6.14,224,22,High,1,1,0,0.5717926447075069
23,3.38,4.47,3.8,1.43,5.62,39,138,High,0,0,0,2.446744838241172
24,11.56,4.77,2.65,3.47,6.62,154,138,Moderate,2,0,1,0.6418684565857736
20,5.26,1.37,1.24,2.49,6.34,167,43,Low,2,0,0,0.4961976242970297
21,6.84,1.79,3.04,3.48,6.78,140,16,Low,0,0,1,0.7061402476403147
33,5.81,4.27,0.6,0.62,7.56,207,15,High,1,0,0,0.8382098385180999
26,3.6,2.01,1.99,1.26,8.39,37,29,Low,1,1,0,1.1111108024692216
32,5.88,4.57,3.12,2.46,6.33,194,161,Moderate,1,1,0,1.307822906832839
30,3.5,3.44,3.07,2.11,6.94,226,63,Low,2,1,0,1.8599994685715804
25,9.2,1.69,2.14,4.04,6.42,223,37,Moderate,1,1,0,0.41630430257561934
22,6.61,0.92,2.97,3.42,6.75,45,173,Moderate,0,1,0,0.5885021802568562
21,8.09,3.23,3.92,5.86,7.51,27,173,Moderate,0,1,0,0.8838070600980149
35,4.39,4.48,1.41,1.81,7.67,164,130,High,1,0,1,1.3416853435796485
28,7.55,3.76,0.41,3.45,8.72,115,97,Low,0,0,1,0.5523178076400255
32,3.75,3.81,3.89,5.47,6.6,232,132,Low,0,0,0,2.0533327857779238
35,10.3,5.05,2.33,1.37,5.09,173,35,Moderate,2,1,0,0.7165047848053607
27,8.88,5.74,3.87,5.53,7.77,80,180,Moderate,1,0,0,1.0822070853370398
27,4.72,2.18,2.52,2.38,5.87,249,133,Low,0,0,0,0.9957625008977753
21,6.04,2.73,2.84,2.19,8.52,241,180,Low,0,0,0,0.9221852777838945
35,8.83,4.02,0.5,3.09,8.39,32,175,Moderate,0,0,1,0.5118912217563735
20,6.77,2.45,0.91,2.78,5.8,62,118,Low,2,0,0,0.49630716450411166
26,8.35,5.58,0.88,4.8,5.54,172,36,Moderate,1,0,1,0.7736526019577723
28,4.33,1.83,3.78,1.13,6.57,229,61,Low,0,0,0,1.29561171002039
31,8.14,4.83,3.52,3.99,6.85,52,171,High,0,0,0,1.0257983997790663
27,4.47,3.66,2.55,5.09,8.83,185,97,Low,2,0,0,1.3892614341697016
20,11.85,1.87,2.38,4.84,5.25,216,56,High,1,0,0,0.35864975876373345
18,3.38,1.62,2.42,0.59,4.67,182,29,Low,1,0,1,1.1952659185603791
27,5.71,2.98,1.96,5.13,7.68,101,81,Low,0,0,1,0.8651487101315743
25,4.12,3.91,2.39,4.48,7.87,208,125,Low,1,0,1,1.529125842445184
24,5.75,1.77,2.3,3.73,5.75,238,69,Low,2,1,0,0.7078259638563541
34,7.22,4.32,1.34,1.59,8.22,231,145,Moderate,0,0,0,0.7839334094275057
25,5.5,1.87,3.59,4.24,4.73,78,123,Low,0,0,0,0.9927270922314377
26,3.19,3.64,1.5,4.43,6.56,34,76,Low,0,0,0,1.6112847613527395
19,4.13,5.02,1.31,5.0,6.69,42,108,Moderate,1,0,1,1.5326872802209974
26,8.71,4.34,1.09,1.34,7.41,195,91,Moderate,1,1,0,0.62342128318929
23,6.34,2.55,0.35,2.26,6.8,228,24,Low,2,1,0,0.4574131770641676
29,11.13,2.42,2.97,4.51,5.9,85,32,High,1,0,1,0.4842766860488153
33,10.72,2.23,1.98,1.17,8.69,130,74,High,2,0,0,0.392723843962328
25,3.16,4.81,0.48,2.76,8.3,39,152,Moderate,2,0,0,1.6740501031487012
22,3.08,4.79,1.83,5.67,5.91,94,54,High,2,0,1,2.149349951509756
31,8.36,3.03,0.31,1.54,5.47,128,21,Moderate,2,1,0,0.3995214833108274
19,3.71,2.06,3.02,4.53,8.32,207,70,Low,1,1,0,1.3692718681207903
26,10.19,5.43,2.63,2.62,5.59,153,44,High,2,1,0,0.7909714631038799
34,10.36,2.44,1.68,3.78,8.97,180,24,High,1,0,1,0.3976833592969731
35,9.83,2.59,0.7,0.69,6.66,59,139,High,0,0,0,0.33468969128283915
22,8.69,3.02,1.41,2.05,6.6,77,22,High,0,0,1,0.5097812992196434
32,11.57,3.36,2.39,3.96,7.06,46,179,High,1,0,0,0.496974892223432
20,5.34,3.14,2.26,5.69,6.21,151,121,Low,0,1,0,1.0112357656861863
20,6.82,2.45,0.18,4.18,8.08,230,117,Low,1,0,1,0.3856304419896713
19,11.24,4.11,0.84,5.63,4.57,28,49,High,1,1,0,0.4403914198940018
25,9.93,4.37,1.93,1.83,7.55,45,111,Moderate,2,0,1,0.6344410237219513
23,10.56,1.09,1.13,3.14,5.19,238,41,Moderate,2,0,0,0.21022725281938892
27,6.03,0.63,0.23,2.38,7.15,28,144,Low,2,0,1,0.1426202085206951
33,6.61,3.02,2.08,3.13,5.89,44,115,Low,0,0,1,0.7715581283573179
25,9.95,0.83,0.12,0.94,5.51,60,172,High,0,0,1,0.09547737733895706
26,3.96,5.95,2.27,4.04,5.91,89,120,Moderate,0,0,0,2.075757051576502
21,7.7,4.89,0.63,2.35,6.54,103,176,Moderate,0,1,0,0.7168830237814254
19,4.17,5.43,1.15,2.55,7.85,135,41,Moderate,0,0,0,1.5779372714778725
21,11.31,5.18,0.66,5.24,8.47,23,101,Moderate,1,0,1,0.516357160357457
35,10.21,5.17,0.87,1.2,6.87,95,85,High,2,1,0,0.5915768274655409
31,3.75,1.27,1.56,2.28,6.98,227,87,Low,0,1,0,0.7546664654222759
26,9.25,1.32,2.15,5.1,5.36,38,77,Moderate,0,0,0,0.3751350945799898
29,3.37,5.69,3.35,5.29,8.61,28,54,High,1,1,0,2.682491785610746
25,9.03,2.75,1.53,0.63,6.54,220,38,Moderate,2,0,1,0.47397558427734404
22,9.6,5.16,1.51,4.12,7.2,247,92,High,1,1,0,0.6947915942925423
19,4.98,0.93,0.37,4.66,6.82,48,158,Low,1,1,0,0.26104412428832846
25,4.41,4.0,1.78,3.73,4.51,99,130,Low,1,0,1,1.3106572991706804
26,10.13,4.94,3.61,2.99,5.83,229,143,Moderate,0,1,0,0.8440275573516726
21,5.36,4.94,3.05,2.64,5.92,52,54,High,2,1,0,1.4906713636807156
32,9.53,0.65,0.86,5.96,6.52,86,173,Moderate,2,0,1,0.15844699281773425
25,5.22,1.09,0.92,4.61,8.99,93,37,Low,2,1,0,0.3850573974985829
18,10.5,0.59,0.67,4.67,6.53,79,31,High,2,0,0,0.11999998857142967
30,5.17,4.27,0.14,0.65,6.9,123,179,Moderate,1,0,0,0.8529979007741003
25,6.57,2.64,1.15,0.84,6.48,153,117,Moderate,1,0,1,0.5768644479658375
26,7.65,3.07,3.59,1.86,8.14,26,28,Low,1,1,0,0.8705881214917488
32,7.38,5.76,3.45,4.1,5.91,99,167,High,0,0,1,1.2479673105735352
21,4.0,5.37,1.77,3.66,7.92,233,28,Moderate,1,1,0,1.7849995537501115
26,5.58,0.97,3.89,2.46,8.32,128,129,Low,0,0,1,0.870967585848103
31,11.86,5.59,1.5,1.39,7.05,47,137,Moderate,0,0,0,0.5978077067615762
25,11.16,5.32,3.03,2.21,7.63,169,164,High,2,1,0,0.7482078182609482
30,9.46,5.76,2.45,4.06,6.55,46,131,High,2,0,1,0.8678646017056447
22,5.46,3.22,2.89,5.61,5.38,211,158,Low,2,0,1,1.1190474140938802
25,10.52,1.34,1.92,4.97,6.99,189,38,High,0,0,1,0.3098859021021006
24,10.12,5.42,1.93,3.85,6.48,28,125,High,1,1,0,0.7262845132129928
28,7.16,1.19,3.52,1.17,5.11,26,115,Moderate,2,0,0,0.6578211371758188
30,5.72,1.65,2.37,4.32,6.52,46,90,Low,2,0,0,0.7027970799305804
18,10.62,1.77,2.87,1.88,5.1,198,40,Moderate,1,0,0,0.43691144661850795
28,4.14,5.09,2.59,2.31,7.3,64,114,Moderate,0,1,0,1.855072015683088
19,3.75,2.3,0.3,0.89,7.13,69,158,Low,1,1,0,0.6933331484444937
25,3.01,4.2,2.22,1.27,7.94,155,92,High,1,0,0,2.13288965684729
22,4.77,5.63,0.29,1.95,5.68,51,141,High,1,0,0,1.2410898865639652
28,9.52,0.89,0.55,5.93,7.97,155,155,High,0,1,0,0.15126048831297392
20,7.74,5.91,3.29,1.17,6.23,183,176,Moderate,2,1,0,1.1886303373862612
24,6.72,4.71,2.76,2.9,5.57,149,63,High,2,0,0,1.111606977439438
31,5.47,5.1,0.59,4.8,7.5,202,161,High,2,1,0,1.0402191882597462
35,4.34,5.38,3.22,4.93,8.6,64,112,High,0,0,1,1.981566363694386
28,10.61,1.41,0.75,1.52,7.27,214,80,Moderate,2,0,1,0.2035815076737505
31,9.9,4.51,1.74,1.12,8.87,49,34,Moderate,0,0,0,0.6313130675441346
26,3.22,4.39,0.1,3.59,6.66,235,100,High,1,0,1,1.3944095048417684
23,10.02,3.42,3.72,0.79,8.65,167,40,High,0,1,0,0.7125747791841539
32,4.51,2.77,3.55,5.82,6.28,25,70,Low,1,0,1,1.401330066223932
18,4.58,2.26,2.63,3.74,8.78,139,73,Low,2,0,0,1.067685356400577
28,9.87,0.87,3.85,4.99,5.65,135,83,High,0,0,1,0.4782167701908035
24,11.89,5.8,1.82,1.7,6.87,57,105,High,2,1,0,0.6408746307086097
21,4.44,5.71,1.17,5.18,5.42,27,18,Moderate,1,1,0,1.5495492005519818
34,9.29,3.68,0.66,1.89,7.37,55,145,Moderate,0,0,0,0.46716894863628117
34,7.72,0.96,2.55,1.76,6.42,110,89,Low,0,0,0,0.45466315354104225
22,3.06,3.89,3.38,3.53,5.12,140,79,Low,0,0,0,2.3758162170535235
31,9.86,1.65,1.58,0.86,7.31,207,98,Moderate,0,0,0,0.3275861736728019
20,3.29,1.13,1.21,3.46,5.65,52,47,Low,0,1,0,0.7112459844237129
24,6.77,5.98,0.54,1.82,4.67,210,150,High,2,0,1,0.9630722358829785
22,10.89,4.02,0.79,3.01,8.13,167,44,Moderate,2,0,1,0.44168958294861493
21,10.84,4.4,0.88,2.82,8.55,129,171,High,2,1,0,0.487084825914684
25,4.86,0.51,1.5,5.5,4.79,24,114,Low,1,1,0,0.4135801618147814
18,9.17,2.08,3.16,2.32,4.62,104,39,High,1,0,1,0.571428509113576
23,7.64,3.72,1.18,1.15,4.53,229,19,Low,1,0,1,0.6413611725967052
24,4.1,5.1,2.83,2.55,7.64,198,56,High,2,0,1,1.9341458697205196
35,4.74,3.01,1.78,2.17,6.07,89,29,Low,2,0,0,1.010548310010905
23,11.45,4.6,2.71,3.78,4.71,47,37,High,1,0,0,0.6384278918403589
34,9.17,5.09,1.85,4.37,6.98,65,117,High,0,0,1,0.7568156208488963
18,11.72,0.61,3.63,2.47,8.56,248,144,Moderate,2,0,1,0.3617747131591542
31,3.61,5.39,3.37,5.05,5.09,175,71,High,2,0,1,2.426592125597749
29,8.37,1.5,1.3,4.86,7.04,133,97,Moderate,2,0,1,0.334528036496053
24,10.07,5.94,3.19,1.73,7.69,214,99,High,0,0,0,0.906653335982787
21,3.79,2.64,2.2,5.88,8.32,155,161,Low,0,0,1,1.2770445179302063
23,4.63,4.77,0.81,4.4,7.18,116,30,High,2,0,0,1.2051833250144006
31,9.13,0.89,2.69,4.0,8.5,170,173,High,0,0,0,0.39211386723834973
21,9.66,4.61,2.92,3.65,7.9,142,162,High,2,1,0,0.7795030248961673
28,9.26,5.64,3.65,5.21,5.49,153,139,Moderate,2,0,1,1.0032396324795214
29,9.6,5.8,2.24,3.88,6.28,186,41,High,1,0,0,0.8374999127604258
25,3.46,5.5,2.27,4.05,6.62,147,165,High,2,0,0,2.2456640908485284
32,9.16,4.03,1.01,4.9,5.75,237,26,High,2,1,0,0.5502182805438559
30,8.76,5.59,1.14,1.78,7.96,232,105,Moderate,0,0,1,0.7682647524811926
26,5.25,3.69,3.68,1.65,7.25,104,175,Low,2,0,1,1.4038092564172844
31,6.27,5.2,1.8,4.66,8.65,147,99,High,2,0,0,1.1164272541583327
34,5.78,5.03,3.96,4.22,6.7,197,68,High,1,0,0,1.5553630527053541
30,3.85,5.57,2.55,1.56,7.46,184,175,High,2,0,1,2.1090903612752308
23,4.34,1.59,2.85,2.27,4.56,68,119,Low,2,0,1,1.0230412389305903
28,9.14,0.74,0.75,0.98,9.0,55,115,Moderate,0,0,0,0.16301967581841623
28,10.28,2.07,1.8,1.94,7.6,68,50,High,0,0,0,0.37645910734833593
20,5.63,4.86,1.32,0.68,5.59,111,95,Moderate,2,1,0,1.0976907464137218
19,3.37,1.12,1.01,1.57,8.88,87,107,Low,1,1,0,0.6320472901936823
21,7.96,1.87,2.65,1.01,7.36,142,18,Moderate,1,0,1,0.567839124643326
30,3.93,1.35,3.48,5.48,6.93,80,176,Low,1,0,0,1.229007320863277
35,9.25,1.87,0.02,1.91,6.16,227,102,High,0,1,0,0.2043243022352106
28,6.86,3.25,1.95,3.46,8.11,99,70,Moderate,0,1,0,0.7580173822132096
19,5.37,5.03,0.14,3.36,7.62,231,77,High,1,0,1,0.9627558728573793
18,4.65,4.27,0.6,3.6,6.19,106,20,High,1,0,1,1.0473116027286873
32,3.21,4.47,3.82,4.23,5.28,34,68,High,0,0,1,2.582553712600089
19,7.11,3.8,3.58,5.52,6.22,206,33,Low,0,0,1,1.0379745375563239
20,9.67,1.37,3.68,4.81,7.24,48,15,High,0,1,0,0.5222336585073777
23,4.56,2.8,3.46,5.44,5.07,57,145,Low,1,1,0,1.3728067164897553
32,10.01,2.24,2.48,2.28,7.81,157,128,Moderate,2,0,0,0.47152842442273496
24,4.36,4.31,2.07,4.32,7.84,40,57,High,2,0,0,1.4633024166737572
31,9.33,2.51,2.32,1.26,8.46,145,119,Moderate,2,0,1,0.5176848319737587
31,10.98,5.73,1.76,4.32,5.66,229,102,High,1,0,1,0.6821493003507013
32,9.25,3.08,2.19,3.45,4.56,20,170,High,1,0,0,0.5697296681373332
19,11.95,0.98,3.62,3.33,7.23,59,154,Moderate,1,0,1,0.3849372062814054
22,11.04,4.28,0.28,4.04,6.2,50,127,High,1,1,0,0.41304344084751454
34,11.47,0.68,1.55,4.44,6.94,22,66,High,2,0,0,0.19442020972796775
33,11.72,3.67,1.47,0.85,6.6,154,63,Moderate,0,0,1,0.4385665154806727
29,5.14,2.55,2.74,0.96,6.3,24,36,Low,0,0,1,1.0291826791473386
32,3.02,4.36,1.89,4.31,8.01,195,117,Moderate,0,1,0,2.069535738564325
33,7.21,1.07,3.8,3.09,5.78,92,72,Moderate,2,0,1,0.6754506691469252
30,7.08,1.33,3.65,2.77,7.51,103,32,Low,2,0,1,0.7033897311596425
33,3.46,1.08,2.22,2.49,7.77,23,110,Low,1,1,0,0.9537569497812284
25,9.33,3.9,0.13,0.57,7.54,178,135,High,2,0,1,0.4319399322679602
32,9.07,4.1,3.44,2.34,5.54,173,123,High,2,0,0,0.8313119259854547
23,6.12,2.61,2.71,3.89,7.84,191,57,Moderate,0,1,0,0.8692809037122706
29,10.01,1.66,1.17,5.68,8.04,237,108,High,0,0,1,0.2827172544738008
25,10.82,4.84,3.18,2.68,7.08,220,170,High,2,1,0,0.7412198945268119
34,5.88,3.23,0.35,4.88,5.86,188,26,Low,2,0,1,0.6088434338701643
34,3.71,2.0,2.45,3.34,5.45,229,101,Low,0,0,1,1.1994605931373064
29,7.0,1.96,0.11,3.89,7.01,73,61,Low,0,0,0,0.29571424346939373
21,3.87,1.14,2.77,0.81,7.66,115,33,Low,1,0,1,1.0103356562440164
35,9.01,4.5,2.39,5.0,4.84,111,162,Moderate,2,0,1,0.7647057974799338
32,9.51,1.59,1.1,5.65,6.89,244,25,High,0,1,0,0.28286011747001927
29,8.55,5.72,2.65,1.24,6.01,104,90,Moderate,0,0,1,0.9789472539242977
22,11.72,5.2,3.22,3.09,7.57,175,153,Moderate,1,0,0,0.718429972830207
23,8.25,5.65,3.83,3.15,6.96,84,136,High,0,0,0,1.1490907698071795
20,7.12,3.24,2.14,4.95,6.05,56,174,Moderate,0,0,0,0.7556178714019844
34,7.67,3.9,2.36,3.48,6.57,140,99,Moderate,1,0,0,0.8161667775532232
20,5.12,0.52,3.67,5.59,5.11,168,69,Low,0,1,0,0.8183592151642156
32,6.0,5.95,3.95,3.7,5.63,249,78,Moderate,0,0,0,1.6499997250000458
34,5.58,2.12,2.42,2.82,8.05,109,119,Low,0,0,1,0.8136199258745652
30,4.22,1.23,3.69,5.27,4.78,227,134,Low,1,0,1,1.1658765009771326
18,10.8,5.82,0.41,0.69,7.68,135,177,Moderate,0,1,0,0.5768517984396483
32,11.64,1.47,3.54,4.08,7.88,145,32,High,2,0,0,0.43041233415701596
32,10.85,2.44,0.75,0.84,8.13,53,175,High,2,0,1,0.29400918949224064
23,8.02,3.19,3.03,0.76,6.28,39,96,High,1,0,1,0.7755610005534913
30,6.39,2.45,1.3,5.08,4.86,27,57,Moderate,2,1,0,0.5868543682544025
20,11.44,5.53,2.09,3.47,6.45,30,95,High,2,0,1,0.6660838578598027
34,9.85,1.47,2.01,1.36,7.62,156,88,Moderate,0,1,0,0.3532994565178217
25,3.71,1.71,2.7,4.98,6.93,241,132,Low,2,0,1,1.1886789248843868
23,11.26,1.64,1.73,2.6,6.46,95,47,High,2,1,0,0.2992894938464038
31,11.5,4.36,3.11,1.52,5.15,138,111,Moderate,2,1,0,0.6495651609073774
34,11.95,3.16,2.24,5.07,6.47,40,16,Moderate,2,0,0,0.45188280737382375
29,10.32,4.65,3.91,4.0,6.16,82,102,Moderate,0,0,0,0.8294572839673175
33,8.8,4.72,0.22,2.32,6.03,111,164,High,0,1,0,0.5613635725723213
22,4.53,2.39,3.7,2.96,8.6,99,56,Low,0,0,0,1.3443705641566082
28,5.61,2.76,2.41,4.84,7.58,168,130,Low,1,1,0,0.9215684631785269
21,6.74,5.84,2.15,5.75,6.12,169,122,High,1,1,0,1.185459764768581
34,6.52,4.83,3.5,2.59,4.55,91,146,High,1,0,1,1.277607166011171
25,4.87,4.41,2.49,0.89,7.6,92,154,High,1,1,0,1.4168374914091393
18,8.93,2.83,0.65,4.23,5.68,100,164,Moderate,2,0,0,0.38969760473711035
26,3.29,2.77,2.54,3.77,5.43,41,47,Low,0,0,1,1.613981272346118
34,3.26,1.15,2.89,3.28,4.91,214,111,Low,0,0,0,1.2392634235388271
35,8.62,2.26,3.55,4.76,4.84,158,19,Moderate,1,0,0,0.6740138429218281
26,10.54,1.59,1.61,0.62,7.36,135,140,High,1,0,0,0.30360528428792377
29,8.47,4.13,1.47,4.33,7.12,249,90,High,1,0,1,0.661156946734717
29,11.79,0.64,1.37,5.43,5.58,181,114,High,2,1,0,0.17048344609979257
27,7.63,5.31,3.83,2.07,4.83,77,174,Moderate,0,0,1,1.197902857417712
29,4.29,5.63,3.77,5.42,7.98,185,143,High,0,1,0,2.1911416803865547
20,8.49,4.4,0.37,5.08,6.18,95,90,Moderate,0,0,1,0.5618373896540177
22,7.26,2.62,2.49,1.94,5.41,151,155,Moderate,0,0,1,0.7038566523613426
25,4.55,5.65,3.14,4.56,5.78,93,17,High,0,1,0,1.9318677072818229
27,8.8,4.87,0.09,1.88,5.29,203,37,Moderate,0,0,0,0.5636362995867842
33,8.15,3.71,0.24,0.65,8.66,142,170,Moderate,0,1,0,0.4846625172193231
28,5.72,0.54,2.21,3.77,8.8,220,44,Low,1,0,1,0.48076914671868065
29,7.26,1.61,2.4,4.27,6.45,65,133,Low,1,0,0,0.5523415217160438
25,5.61,1.21,3.07,1.33,7.98,178,37,Low,2,1,0,0.7629232151652021
19,3.83,3.76,1.22,0.69,7.28,174,27,Low,2,0,1,1.3002607571120737
31,5.72,2.48,0.75,5.03,4.98,167,166,Low,0,1,0,0.5646852159641231
28,6.53,3.59,3.27,1.64,6.49,58,74,Moderate,2,1,0,1.0505358268704705
27,11.76,4.41,2.78,0.88,6.68,22,70,Moderate,2,0,1,0.6113945058338005
33,5.62,2.27,3.47,1.12,7.75,220,55,Low,0,0,1,1.021352131432005
29,6.87,5.77,0.31,5.42,6.64,120,103,High,2,0,0,0.885007149198377
22,6.22,5.23,1.84,1.74,8.21,213,68,High,0,0,1,1.1366557658109702
34,9.55,1.01,3.89,4.2,8.89,34,95,Moderate,2,1,0,0.5130889515090103
30,10.74,1.63,1.7,5.28,4.6,108,167,High,1,0,1,0.31005583705252915
25,10.75,1.25,3.06,1.7,6.58,27,141,Moderate,2,1,0,0.4009301952623075
33,10.8,0.86,2.62,3.58,5.39,66,70,High,0,0,1,0.322222192386834
33,5.64,5.35,2.17,3.39,5.37,244,58,High,1,1,0,1.3333330969267558
22,7.72,5.39,3.65,5.11,5.14,115,155,High,2,0,0,1.1709843042766443
21,4.9,4.73,3.58,5.75,8.02,74,94,High,0,0,0,1.6959180212412202
35,8.05,1.63,2.84,1.57,8.45,235,177,Moderate,0,0,0,0.5552794341267784
25,6.7,2.91,2.08,2.77,8.54,90,147,Low,1,0,0,0.7447760082423869
25,7.42,0.99,0.15,1.75,6.56,108,58,Low,1,1,0,0.15363879331013566
26,6.23,2.16,2.05,1.11,7.99,84,35,Moderate,0,0,1,0.6757623313383095
24,9.33,5.4,0.29,3.46,5.03,98,113,Moderate,0,1,0,0.6098605991574921
34,8.47,2.7,2.99,4.8,6.04,201,176,Moderate,1,0,1,0.6717826833786679
30,7.51,1.86,2.03,1.91,8.32,219,74,Low,0,1,0,0.5179759629858903
27,10.9,4.22,2.53,2.23,8.96,236,160,Moderate,1,1,0,0.6192659982324773
25,11.93,5.18,0.37,5.75,7.4,55,53,High,0,0,1,0.46521370786138244
33,11.16,4.28,2.76,4.08,7.77,216,128,Moderate,0,0,1,0.6308243162343803
29,8.92,5.31,3.77,2.29,7.56,135,20,High,2,1,0,1.0179371056124322
20,6.66,5.55,1.44,3.49,4.81,125,81,High,0,0,1,1.0495493919595507
26,8.06,1.54,2.98,3.11,6.59,23,122,High,1,0,1,0.5607939750875961
21,5.74,1.5,3.82,1.9,7.26,119,124,Low,1,0,1,0.9268291068241974
33,10.58,4.34,1.41,2.89,6.64,63,143,High,0,0,1,0.5434782095011145
20,8.84,2.96,1.08,3.04,7.48,92,96,Moderate,0,0,0,0.4570135229622712
24,7.96,5.03,1.69,5.5,6.81,144,38,Moderate,2,1,0,0.8442209994697237
32,3.11,3.56,3.78,1.19,7.7,92,177,Low,1,0,1,2.360127858479788
25,3.37,1.99,4.0,5.71,7.05,163,87,Low,1,0,0,1.7774475437841115
29,9.96,4.83,3.55,5.41,5.41,74,138,High,2,0,0,0.8413653773729539
33,8.16,3.55,2.64,0.77,5.12,246,98,High,2,1,0,0.7585783384095174
20,6.07,3.58,3.53,4.51,4.79,154,134,Low,2,0,1,1.1713342386599275
18,7.39,3.67,0.46,2.79,4.84,122,80,Low,2,0,1,0.5588632531984772
34,5.17,4.67,1.83,4.9,5.28,216,92,High,1,0,1,1.2572531417305335
23,5.17,6.0,2.68,5.84,7.02,234,141,Moderate,0,0,1,1.6789165031109277
22,6.07,1.45,3.73,1.36,7.88,206,157,Low,2,0,0,0.8533771246495675
33,8.15,3.72,2.46,4.16,6.35,24,52,Moderate,1,0,1,0.7582821155482067
29,7.13,2.75,1.61,5.04,6.88,47,15,Low,0,0,1,0.61150061549781
18,7.02,4.96,1.95,4.77,6.87,151,121,Moderate,2,1,0,0.9843303441124867
19,7.49,5.12,3.01,0.69,8.84,247,146,Moderate,2,0,1,1.0854471180978478
31,7.43,2.17,1.76,2.75,7.58,177,119,Moderate,1,0,0,0.5289366717447279
30,5.85,1.23,1.88,2.48,5.74,217,168,Low,2,0,1,0.5316238407480615
26,7.49,3.68,0.01,5.56,4.68,98,100,Low,0,0,0,0.49265681005917084
23,6.57,5.95,0.9,1.69,8.3,119,80,Moderate,1,1,0,1.0426178017324503
18,8.51,4.44,0.13,5.96,7.89,229,81,Moderate,0,0,0,0.5370152130416906
20,6.89,2.39,2.59,1.99,6.3,142,109,Moderate,1,0,1,0.7227865424112421
18,3.56,4.89,3.36,5.34,6.3,216,119,Moderate,0,0,0,2.3174150793777866
31,5.07,5.96,0.52,3.43,6.1,122,55,High,2,1,0,1.2781062567837758
25,7.48,1.47,1.35,3.69,4.96,79,73,Low,2,0,1,0.3770052971918052
27,4.28,1.64,3.74,0.69,7.84,22,83,Low,0,0,1,1.2570090521006887
35,10.99,3.33,2.13,2.52,7.36,41,47,High,1,0,0,0.4968152414180854
25,6.96,3.76,3.2,4.03,6.17,195,44,Low,1,0,1,0.9999998563218597
30,5.66,5.14,1.43,2.16,8.24,56,39,High,2,0,1,1.160777180074703
23,6.92,0.67,0.83,1.3,8.21,70,180,Moderate,2,0,1,0.21676297445621756
24,5.37,5.79,2.1,3.56,7.36,166,24,Moderate,1,0,1,1.4692734694090375
24,3.72,2.55,0.95,1.02,6.79,213,163,Low,1,1,0,0.9408599621344187
18,4.15,0.56,1.74,5.32,7.81,154,118,Low,0,1,0,0.5542167339236784
27,7.45,3.09,3.48,5.06,7.1,156,124,Low,2,0,1,0.8818790762578421
18,5.08,2.34,1.24,5.21,6.22,59,41,Low,2,0,1,0.7047242707235687
32,5.65,3.65,3.94,1.75,7.22,177,101,Low,1,0,1,1.343362594095116
29,5.88,4.59,1.66,2.9,7.48,114,65,Moderate,0,1,0,1.0629249892984711
19,4.35,5.19,0.06,1.31,8.13,139,67,Moderate,1,0,0,1.2068962742767186
30,8.91,3.04,2.88,5.05,5.27,206,67,High,2,0,1,0.6644219231849694
24,8.39,0.86,2.67,0.53,4.93,51,23,High,1,0,1,0.4207389248225358
18,9.73,1.64,3.44,1.35,5.89,213,129,High,2,0,1,0.5220965547691105
29,8.53,3.97,1.12,3.16,6.44,34,172,High,2,1,0,0.5967173978056979
31,5.63,5.66,2.83,4.14,7.37,163,42,Moderate,1,0,1,1.5079926273547732
26,6.77,5.79,3.34,1.9,6.72,74,74,High,2,1,0,1.3485965511674223
34,11.49,0.66,1.33,2.9,8.63,42,156,High,2,0,0,0.17319406673680884
20,8.34,5.57,2.16,1.8,6.5,82,82,High,2,0,1,0.9268584020553476
24,7.53,2.67,2.99,0.82,5.58,150,161,Moderate,2,0,0,0.7516599267383895
23,5.39,1.72,3.1,1.78,5.63,123,167,Low,0,0,1,0.894248442625521
29,6.5,5.02,2.02,0.85,6.85,31,68,High,1,0,0,1.0830767564497297
31,3.01,2.15,3.21,1.67,6.31,132,85,Low,2,0,0,1.780730305405214
20,4.68,1.14,1.35,5.92,5.57,167,118,Low,1,0,1,0.532051168365135
19,3.38,5.06,0.49,3.37,5.5,75,110,High,2,1,0,1.6420113485173524
21,10.33,3.34,1.26,0.5,8.38,62,165,Moderate,1,1,0,0.4453048939685485
18,3.62,5.21,3.24,5.21,4.93,158,38,High,2,0,1,2.334253498825
20,8.38,3.84,3.08,1.14,8.61,180,110,Moderate,1,0,1,0.8257755577833463
21,9.05,4.57,2.37,5.08,7.09,156,127,Moderate,1,0,0,0.766850743994393
18,7.83,4.03,2.44,1.31,8.33,201,56,Moderate,2,0,0,0.8263089621572207
21,8.4,0.96,3.85,1.71,8.16,39,64,Moderate,1,1,0,0.5726189794501216
26,3.37,0.79,3.97,1.67,8.43,38,135,Low,2,1,0,1.4124624888835342
32,5.29,0.54,1.6,0.88,8.63,66,121,Low,2,0,1,0.40453678553179856
25,11.25,5.97,2.37,5.07,8.74,129,96,Moderate,0,1,0,0.741333267437043
35,6.88,5.07,0.25,0.95,5.05,206,48,Moderate,2,1,0,0.7732557015616713
19,4.64,2.46,3.5,3.29,6.73,204,49,Low,0,0,0,1.2844824817925686
28,8.4,3.55,2.75,4.36,8.98,228,41,Moderate,2,0,1,0.7499999107142964
30,10.74,0.77,1.15,0.67,5.23,36,51,Moderate,0,0,1,0.17877093307533212
21,6.64,2.01,0.41,4.29,7.01,23,79,Low,1,0,1,0.3644577764370819
33,11.16,1.91,3.22,3.53,5.56,128,159,Moderate,1,0,0,0.4596773781651095
18,8.32,4.96,2.96,5.06,8.6,28,120,High,2,0,0,0.9519229625092593
30,6.89,3.57,2.74,4.01,8.62,109,161,Low,1,0,1,0.9158198961074172
26,3.7,1.29,2.47,0.59,7.29,136,128,Low,0,0,1,1.016215941563259
35,5.59,2.73,1.56,0.97,7.2,108,64,Low,1,1,0,0.7674417231767937
34,11.82,2.7,1.88,2.11,7.7,247,147,High,0,1,0,0.3874788166261577
32,11.62,0.97,3.03,2.63,7.96,158,117,Moderate,0,0,0,0.3442340495495655
30,10.89,3.77,2.53,4.82,6.36,186,26,Moderate,1,0,0,0.578512343570951
33,10.39,2.12,0.63,5.43,8.2,147,48,High,2,1,0,0.264677549116694
26,4.61,1.62,0.61,5.05,6.26,28,15,Low,2,1,0,0.48373091459199247
32,4.62,2.49,3.4,2.37,5.18,180,107,Low,0,1,0,1.274891498941234
24,9.47,3.33,1.49,2.78,5.98,232,174,Moderate,2,1,0,0.5089756590310814
22,9.53,4.41,0.03,0.97,5.16,244,163,Moderate,1,0,0,0.4658971179541325
20,5.53,0.67,3.61,5.59,6.68,76,82,Low,0,0,1,0.7739600770415774
35,4.36,5.31,0.18,1.32,8.68,129,150,High,0,0,1,1.2591740231252238
34,3.73,1.1,0.06,0.73,7.56,118,53,Low,0,0,0,0.3109918737287202
34,9.95,4.65,1.74,1.69,6.0,149,136,Moderate,1,0,0,0.6422109907325639
24,9.91,2.15,2.09,3.43,5.38,213,141,High,0,0,0,0.4278506127295043
23,4.15,2.27,1.31,0.87,6.6,154,157,Low,2,1,0,0.8626503945420735
25,5.27,2.51,2.22,3.4,6.8,140,55,Low,1,0,0,0.8975330365212456
31,6.42,2.58,0.18,1.21,6.96,146,91,Low,2,0,1,0.4299064750924494
22,3.5,3.1,0.83,4.26,8.2,203,114,Low,2,0,0,1.122856822040908
22,6.57,1.02,2.62,3.14,5.83,250,36,Low,1,0,1,0.554033401212572
21,3.14,2.63,1.11,2.07,5.14,221,167,Low,1,0,0,1.1910824232221582
26,11.38,1.67,2.38,3.87,6.65,227,46,Moderate,1,1,0,0.35588749069529957
26,10.07,5.63,0.66,2.88,7.27,27,38,High,0,1,0,0.6246275447241764
27,5.71,3.8,1.46,4.41,7.65,228,156,Low,2,0,0,0.9211907318405023
34,6.63,5.71,3.98,4.95,5.09,113,161,Moderate,1,0,0,1.4615382410952877
31,11.8,1.71,0.51,5.47,7.13,31,68,Moderate,0,1,0,0.18813557727664598
28,5.38,0.73,3.52,0.58,6.53,195,45,Low,2,0,1,0.7899626784455988
32,5.79,3.09,3.43,1.91,6.57,76,118,Low,1,1,0,1.126079252836053
32,6.4,4.44,0.65,5.96,8.34,50,61,Moderate,2,0,1,0.7953123757324414
24,10.73,3.27,3.46,3.45,6.66,222,81,High,0,0,1,0.6272133618626877
24,8.39,1.59,0.04,2.15,8.01,184,165,Moderate,1,0,0,0.19427888030049104
30,8.94,2.68,3.55,3.49,8.95,44,61,Moderate,2,0,0,0.696867930999113
34,10.3,2.02,3.51,3.59,5.01,153,94,Moderate,1,1,0,0.5368931517579464
26,4.63,0.66,1.56,1.79,7.01,42,136,Low,0,0,0,0.47948153790895515
26,8.63,3.41,0.33,2.76,6.02,109,107,High,2,1,0,0.4333719080681451
20,8.6,3.25,3.02,5.57,5.44,238,119,High,2,0,1,0.729069682666316
33,4.6,2.7,1.71,3.21,6.7,165,68,Low,2,1,0,0.9586954437618601
27,3.8,1.91,2.38,3.72,5.49,228,157,Low,2,0,0,1.128947071329718
33,10.69,1.56,2.43,0.57,8.15,237,118,Moderate,0,1,0,0.37324598940636217
20,5.02,1.08,1.23,5.82,5.89,66,65,Low,1,1,0,0.46015927088460745
26,11.94,3.82,0.35,5.25,6.86,120,39,High,1,0,1,0.3492462019056783
18,5.81,3.96,3.2,3.82,8.8,107,138,Low,2,0,0,1.232357791332566
30,7.16,1.77,1.81,5.88,7.13,120,45,Moderate,0,1,0,0.4999999301676075
31,5.75,4.21,0.23,3.3,6.24,164,127,High,1,1,0,0.7721737787523864
29,6.26,4.25,2.47,1.36,8.44,139,16,High,2,0,1,1.0734822566322275
21,10.5,3.07,2.0,3.94,5.32,234,120,High,2,0,0,0.48285709687075273
34,7.97,3.45,2.56,3.53,7.89,28,149,Low,2,0,0,0.7540776971044294
34,6.41,5.83,3.45,5.0,8.24,95,69,High,0,0,0,1.4477376836602678
33,3.46,2.6,0.6,2.68,6.72,128,104,Low,1,0,1,0.9248552240302821
30,6.47,1.93,2.33,1.96,6.49,40,104,Moderate,2,0,0,0.6584233912792286
26,10.77,4.06,2.87,1.21,4.61,113,76,High,0,0,1,0.643453979252184
34,8.5,2.23,0.91,3.93,6.0,26,75,Moderate,1,0,0,0.3694117212456799
34,3.07,1.76,0.86,4.51,6.17,123,163,Low,2,0,0,0.8534199174527957
30,5.73,4.57,0.17,5.55,8.15,27,136,High,0,1,0,0.8272249865226899
29,3.01,5.34,0.87,4.96,7.68,234,22,High,0,0,0,2.0631222381653695
34,5.07,3.43,2.53,2.88,5.41,94,116,Low,2,0,1,1.1755421744492751
30,10.77,4.6,0.99,5.18,8.78,144,65,High,2,1,0,0.5190343064963504
28,8.35,4.8,2.83,4.67,5.78,228,32,Moderate,0,0,1,0.9137723456560066
33,6.93,3.16,2.13,4.25,7.18,49,115,Moderate,2,0,0,0.7633476531965868
33,4.82,1.58,0.94,5.09,6.42,87,79,Low,1,0,0,0.5228214682943011
33,7.75,1.66,1.37,5.7,8.6,191,179,Low,1,0,0,0.39096769148803984
18,9.54,5.23,1.88,2.88,6.62,143,36,Moderate,2,0,1,0.7452829407460232
23,5.15,4.45,3.69,5.24,7.06,52,63,High,1,0,1,1.5805822173626762
21,9.3,5.81,3.64,1.87,6.35,148,129,High,2,0,1,1.01612892299689
20,9.83,3.95,3.02,5.15,6.14,246,22,High,1,1,0,0.7090538444502703
32,7.75,4.69,2.72,2.16,6.89,88,146,High,0,0,1,0.9561289088865924
29,7.16,2.88,3.46,4.13,7.61,21,89,Moderate,2,1,0,0.8854747366655396
34,3.52,0.55,0.47,2.98,8.41,149,77,Low,1,0,1,0.2897726449509531
20,6.85,4.59,1.3,3.93,8.23,86,83,Moderate,2,1,0,0.8598538890724249
24,11.96,5.84,0.13,3.94,6.17,21,102,Moderate,2,0,1,0.49916383786255536
29,4.43,5.08,2.6,5.44,7.23,173,174,Moderate,0,0,1,1.73363392017293
23,11.19,2.47,3.86,2.44,8.86,82,22,High,2,0,0,0.5656835955600005
19,10.24,4.25,0.83,1.4,5.03,241,175,High,0,1,0,0.4960937015533495
18,5.63,1.6,2.66,3.42,7.65,214,113,Low,0,0,1,0.7566606116055752
21,10.04,0.68,0.95,5.82,8.59,108,91,Moderate,2,0,1,0.16235058143918513
29,6.99,5.04,2.4,5.37,7.14,154,53,High,2,1,0,1.0643775301319698
34,10.47,2.56,0.34,1.36,5.15,193,63,High,0,1,0,0.2769818264582783
29,10.81,1.04,1.37,5.29,6.14,139,122,High,2,0,0,0.22294170000539318
19,5.19,5.65,0.5,2.83,7.77,232,173,High,1,0,0,1.1849708699478092
21,9.08,2.36,3.3,4.69,6.81,92,164,Moderate,2,0,1,0.6233479489704903
22,8.89,2.08,2.85,0.73,8.63,26,128,High,1,0,0,0.5545556181602229
24,6.31,2.33,2.04,5.22,6.79,202,49,Moderate,1,0,0,0.6925513957921718
32,9.91,2.99,1.99,3.21,6.17,243,61,Moderate,2,1,0,0.5025226536304084
34,7.03,5.18,2.95,4.97,5.62,172,135,Moderate,0,0,1,1.1564720972301423
27,10.87,5.41,2.4,2.06,8.24,165,121,High,1,0,0,0.7184911942510402
22,4.78,3.6,3.15,4.12,6.7,59,99,Low,0,1,0,1.4121335957879506
32,6.88,1.95,2.94,0.61,5.86,220,54,Low,0,0,1,0.7107557106459722
33,6.58,1.59,0.25,2.06,6.16,48,175,Low,0,1,0,0.27963521586090945
28,5.55,2.5,2.22,4.85,6.09,179,101,Low,1,1,0,0.8504502972161628
31,11.93,5.76,2.65,1.62,8.07,188,138,Moderate,1,0,1,0.7049454564169777
29,9.83,2.16,3.21,3.69,4.63,126,28,Moderate,0,0,0,0.5462868213339959
28,9.12,3.58,3.06,1.01,7.73,136,164,Moderate,1,0,1,0.7280700956063494
25,10.83,4.18,1.68,3.38,8.8,246,147,Moderate,2,1,0,0.5410895160582164
19,6.32,4.85,2.21,3.78,4.92,114,67,High,0,1,0,1.117088430840438
19,8.5,1.54,2.71,1.81,5.48,166,125,Moderate,2,1,0,0.49999994117647756
25,7.89,4.0,2.08,5.69,8.97,36,158,Moderate,0,0,0,0.7705955930804065
34,3.89,4.66,3.09,2.88,5.62,245,84,Moderate,0,0,0,1.9922874055816437
34,9.29,1.52,0.75,4.71,6.46,143,86,High,1,1,0,0.24434873580745584
26,7.17,3.57,3.07,4.71,7.93,173,126,Low,1,0,1,0.9260807634475922
35,7.27,5.04,1.21,3.85,5.26,119,149,High,0,0,0,0.8596972682672258
24,11.84,3.63,2.81,1.87,8.15,104,126,Moderate,2,0,1,0.5439188729798249
26,3.09,1.34,1.52,4.87,7.92,236,157,Low,1,0,0,0.9255660435061349
31,9.01,4.94,0.26,5.44,7.48,157,61,Moderate,2,0,1,0.5771364509282519
22,5.4,3.58,0.55,5.47,5.52,73,73,Low,2,0,0,0.7648146731824679
20,4.83,2.78,3.68,4.39,8.95,103,141,Low,0,0,0,1.3374738431731172
30,9.18,5.52,1.3,4.77,7.48,186,110,Moderate,1,1,0,0.7429193090501842
29,6.04,5.17,0.53,2.68,7.87,186,123,Moderate,1,0,0,0.9437084530284018
25,4.49,0.7,1.64,1.9,6.45,69,79,Low,0,0,0,0.5211580131051196
22,3.79,4.27,1.73,1.88,7.72,241,109,Moderate,0,0,1,1.583113038756454
20,8.14,3.4,2.68,4.12,8.12,124,110,High,0,0,1,0.74692865516847
28,3.45,0.98,1.05,1.53,5.34,67,159,Low,1,0,1,0.5884056265490938
24,4.68,3.19,2.36,4.44,8.01,52,68,Low,0,1,0,1.185897182500602
34,8.54,0.93,3.29,0.74,6.14,52,169,High,1,0,1,0.4941451412008032
27,8.22,4.72,1.45,3.79,6.0,53,136,High,0,1,0,0.7506081811912189
21,10.22,1.69,3.61,3.27,5.37,99,16,Moderate,1,1,0,0.5185909473002986
19,6.85,0.56,3.0,5.43,8.9,47,117,Moderate,1,1,0,0.5197079533273061
32,3.99,5.99,0.96,5.09,4.7,82,36,Moderate,1,1,0,1.7418542000365413
23,6.72,2.76,1.59,0.74,5.5,122,37,Low,1,0,0,0.6473213322438494
22,5.25,2.29,1.35,2.82,8.73,248,28,Low,1,1,0,0.6933332012698664
32,9.52,1.12,0.03,5.78,8.57,236,126,Moderate,0,0,0,0.12079830663883337
32,11.61,4.75,3.89,0.96,6.85,237,113,Moderate,2,1,0,0.7441859824129216
29,10.19,1.53,3.21,4.68,8.64,24,176,High,1,1,0,0.46516187780550766
31,5.98,5.0,3.59,3.7,5.35,240,42,Moderate,0,0,0,1.4364546092885266
23,6.56,1.96,3.0,4.81,7.33,195,99,Low,2,0,1,0.7560974457168528
19,5.74,5.21,2.61,0.86,7.7,159,144,Moderate,1,0,1,1.362369100632561
25,4.71,2.65,1.46,1.86,8.91,71,75,Low,1,1,0,0.8726112797003651
32,9.31,0.79,2.31,3.47,5.77,123,82,Moderate,1,1,0,0.3329752596159764
32,3.1,5.82,1.08,0.84,8.19,107,174,Moderate,2,0,1,2.2258057336110535
33,3.83,4.03,3.39,2.56,6.88,136,111,High,1,0,1,1.9373363087894755
21,7.44,4.57,3.87,4.76,5.58,215,32,High,2,0,1,1.1344084496762838
20,9.97,3.84,2.19,1.86,7.43,144,165,High,1,1,0,0.6048143826665614
34,8.42,4.99,2.89,0.74,6.08,203,176,High,1,0,1,0.9358668722248372
24,11.38,2.53,0.09,3.24,8.73,117,109,Moderate,1,1,0,0.23022845077078638
33,7.84,4.06,1.7,4.09,7.75,135,43,Moderate,0,1,0,0.7346937838400786
30,10.09,5.0,0.26,3.59,6.81,241,20,High,0,1,0,0.5213081743004783
20,8.31,5.14,0.01,3.56,7.44,32,27,High,0,0,1,0.6197351841473906
23,7.75,2.4,3.38,4.18,7.61,138,134,Low,1,0,0,0.745806355379825
32,4.21,2.62,0.52,5.77,4.97,105,124,Low,2,0,0,0.7458430532439304
18,11.68,2.97,2.54,5.79,6.13,198,159,Moderate,2,1,0,0.4717465349532077
29,10.79,5.46,0.48,1.63,6.31,239,160,High,2,0,1,0.5505096802122632
34,10.04,3.85,1.41,0.77,6.11,128,134,High,2,1,0,0.5239043302884134
29,7.87,3.53,2.92,3.2,6.73,150,130,Moderate,1,0,1,0.8195678755314008
25,6.36,5.92,3.71,4.17,8.75,187,155,High,2,0,0,1.5141507053222159
33,9.77,1.48,0.58,0.7,4.86,71,30,Moderate,1,1,0,0.21084951782502379
30,10.29,1.12,0.36,2.81,7.13,68,68,Moderate,2,0,1,0.143828946177945
20,5.21,3.55,2.23,0.72,7.39,155,48,Low,2,1,0,1.1094047774654936
25,5.96,2.32,1.69,1.44,5.11,192,85,Low,1,0,1,0.6728186790572686
21,4.02,3.57,1.61,5.2,7.15,94,109,Low,0,1,0,1.2885568933938076
25,3.74,4.05,2.04,2.35,8.7,223,77,High,1,0,1,1.6283418106037937
19,5.85,5.81,2.77,3.22,6.67,236,159,Moderate,1,1,0,1.466666415954459
27,4.91,4.02,0.83,1.86,8.66,39,32,Moderate,1,0,1,0.9877798395560407
22,11.1,3.03,0.2,1.99,4.66,221,63,High,2,0,1,0.2909909647755888
29,11.93,1.53,2.45,1.58,7.09,124,152,High,1,0,0,0.33361271302491935
18,6.6,4.67,0.91,5.58,7.39,89,83,Moderate,0,0,0,0.8454544173553914
22,10.72,4.79,2.37,1.93,5.37,91,164,Moderate,0,0,1,0.6679103854561208
35,10.9,3.88,2.45,5.66,7.39,74,54,High,2,0,0,0.5807338916757898
28,4.89,2.19,2.01,3.99,4.95,103,142,Low,0,0,0,0.8588955298782146
30,3.48,1.01,3.91,2.77,8.29,244,56,Low,1,0,0,1.4137926971860064
31,11.9,0.52,0.71,1.18,5.54,201,79,Moderate,2,0,1,0.10336133585198859
25,8.13,0.52,3.35,0.96,6.5,190,90,Moderate,1,0,1,0.4760147015972077
28,10.5,1.93,2.74,4.46,4.73,32,78,Moderate,2,0,0,0.4447618624036322
29,3.98,1.54,0.53,1.93,7.93,41,60,Low,0,0,1,0.5201003718340775
21,7.39,2.7,1.53,0.73,7.23,131,79,Moderate,0,1,0,0.5723950510967455
24,4.96,1.58,1.57,4.52,4.56,152,102,Low,2,0,0,0.6350805171208636
28,7.97,2.92,2.45,4.17,7.77,160,58,Low,2,0,1,0.6737765779452224
27,8.33,1.44,3.26,5.25,7.39,46,87,Moderate,2,0,0,0.5642256225419421
21,5.56,4.63,0.87,3.32,6.13,200,116,Moderate,2,0,0,0.9892084551783354
23,6.71,1.35,3.62,5.06,8.19,27,42,Low,0,0,1,0.740685433578922
34,8.82,4.36,1.74,5.89,6.81,153,115,Moderate,2,0,1,0.6916098989104424
35,4.32,1.53,3.2,1.19,7.48,137,98,Low,0,0,0,1.0949071539566773
21,11.97,5.82,0.77,1.32,5.01,187,21,Moderate,0,0,1,0.5505429782336693
28,10.94,1.7,1.44,5.06,6.9,63,75,Moderate,2,0,1,0.2870200834533745
22,4.33,4.5,2.94,1.88,5.28,120,137,Moderate,2,1,0,1.7182444068719613
22,5.82,5.66,3.87,5.35,5.22,157,123,High,0,0,0,1.6374567633235804
18,5.8,1.24,3.67,1.59,8.97,189,166,Low,1,0,0,0.8465515781807624
27,3.47,3.46,3.51,5.26,6.69,54,34,Low,2,0,0,2.0086449542809928
19,3.18,5.08,2.8,5.35,6.17,38,19,Moderate,2,0,0,2.477986642142565
32,10.24,1.26,1.11,2.88,5.8,36,126,Moderate,2,0,0,0.23144528989792093
31,9.77,5.74,2.84,1.79,6.98,199,62,Moderate,2,0,1,0.8781984771547108
24,11.17,4.06,3.88,3.95,8.0,137,155,High,2,0,1,0.7108325236497293
19,5.47,4.08,0.93,5.47,6.55,186,74,Moderate,2,1,0,0.9159047685731684
20,9.53,4.25,2.37,4.21,7.43,101,78,High,1,1,0,0.6946484055982787
33,11.85,5.98,0.01,3.14,4.53,162,156,High,1,1,0,0.5054851894105326
29,7.1,3.28,2.82,2.78,7.96,80,154,Low,1,0,1,0.8591548085697452
26,7.97,4.57,1.11,1.44,8.55,169,100,Moderate,0,0,1,0.7126724325379634
28,8.51,2.43,0.39,2.77,7.47,110,43,Moderate,2,0,1,0.33137481417452247
31,7.48,2.38,2.69,5.88,8.13,129,73,Moderate,1,0,1,0.677807396015054
18,5.27,3.2,1.99,5.57,5.14,80,81,Low,2,1,0,0.9848195474725717
24,10.95,5.04,0.69,3.98,6.95,55,147,High,0,0,0,0.5232876234440528
32,9.68,5.18,1.28,1.26,8.19,38,56,Moderate,1,0,0,0.667355302959163
24,3.63,2.18,3.37,1.63,8.96,46,19,Low,2,1,0,1.5289251986431962
19,10.35,4.53,1.34,5.84,8.5,192,21,Moderate,2,1,0,0.5671497036570335
31,5.68,5.74,2.86,4.23,8.63,53,32,High,1,1,0,1.5140842404781267
35,3.79,0.75,2.07,5.85,4.78,182,155,Low,1,1,0,0.7440631282155333
27,8.11,3.66,3.45,5.2,5.44,52,20,High,2,0,0,0.8766953296306623
24,9.52,2.19,0.52,0.74,6.13,242,26,Moderate,1,1,0,0.2846638356445551
18,8.66,1.11,0.49,2.35,6.0,210,131,High,0,1,0,0.18475748443908957
22,9.11,3.78,1.43,4.65,8.98,138,48,Moderate,1,0,1,0.5718989492975907
34,10.21,3.8,3.03,5.68,6.99,203,156,High,1,0,0,0.6689519423161663
32,11.26,5.26,0.87,3.14,7.45,52,69,High,0,0,1,0.5444049250084436
23,3.38,3.29,0.9,2.01,5.03,84,96,Low,2,0,1,1.2396446036554427
32,10.45,1.73,0.45,3.56,7.59,147,163,Moderate,1,0,1,0.20861242022847656
21,6.13,3.16,1.28,2.32,5.37,165,42,Low,2,0,1,0.7243065702599396
30,9.48,0.68,3.6,5.05,7.2,216,75,High,1,0,0,0.4514767456248159
18,11.49,1.75,1.26,2.81,6.55,55,28,High,2,1,0,0.26196690496371583
32,8.03,2.04,0.22,5.42,6.12,186,104,High,0,0,0,0.2814445477653117
19,7.05,5.66,2.06,3.76,6.36,139,143,Moderate,2,1,0,1.095035305668751
19,9.66,3.01,0.56,4.16,8.67,25,173,Moderate,0,0,0,0.3695651791340394
30,3.95,2.94,2.67,3.46,4.57,91,39,Low,0,0,0,1.4202528049992895
33,3.74,2.8,3.8,1.32,6.45,217,89,Low,1,0,1,1.7647054105065745
35,6.73,0.95,3.22,5.89,6.76,139,18,Moderate,0,1,0,0.6196135780663331
27,8.94,1.73,3.02,3.05,5.11,235,111,High,2,0,1,0.5313198510827908
19,9.79,4.01,0.23,4.89,5.52,45,133,High,2,0,0,0.43309495065424414
23,5.55,0.62,3.42,1.17,8.68,194,64,Low,2,1,0,0.7279277967697664
22,5.23,4.98,3.69,4.29,8.17,44,145,High,0,0,1,1.6577434688827017
20,11.08,3.11,0.09,1.99,8.57,137,84,High,0,0,1,0.28880863819416625
33,5.66,5.85,3.18,4.8,5.99,117,50,Moderate,2,1,0,1.5954060785501627
20,10.39,1.92,2.55,1.12,8.26,250,21,Moderate,0,0,0,0.430221325291499
21,5.23,2.71,2.33,0.79,4.65,243,47,Low,2,1,0,0.9636709438487678
31,10.06,2.91,3.95,1.84,7.89,228,66,High,2,0,0,0.6819084809236103
21,4.11,2.75,3.85,2.22,7.94,166,171,Low,2,0,1,1.6058390253433026
20,7.81,5.18,1.32,1.65,7.93,244,96,Moderate,0,0,1,0.8322662186598953
29,3.54,1.09,3.41,3.69,8.33,99,23,Low,0,0,0,1.2711860815858527
35,6.33,1.76,1.39,0.81,5.43,191,175,Low,2,0,0,0.4976302531389805
18,11.33,3.23,0.18,3.23,7.5,42,164,Moderate,2,0,0,0.30097084722234363
26,10.1,5.02,3.65,2.47,5.76,199,136,High,1,0,0,0.8584157565924995
30,5.38,3.73,0.14,2.85,8.13,32,126,Low,2,0,0,0.7193307213139923
35,6.91,5.78,2.69,2.5,6.14,73,142,High,0,0,1,1.2257595910622878
30,3.19,1.05,0.49,5.37,5.64,139,55,Low,1,0,1,0.4827584693547118
31,3.39,4.66,0.24,5.09,7.27,228,71,High,2,1,0,1.4454273022338342
32,8.07,2.68,0.54,4.18,8.52,46,137,Moderate,0,1,0,0.39900862465816306
22,6.35,4.07,0.92,4.24,7.62,169,91,High,2,1,0,0.7858266479013154
32,8.01,2.47,2.74,1.84,4.91,237,142,High,1,0,0,0.6504368726046353
27,8.44,4.62,1.42,3.93,8.29,207,144,Moderate,0,0,1,0.7156397256351037
21,7.44,5.31,2.72,5.25,8.1,132,42,High,0,1,0,1.0793009302014878
23,4.92,5.81,1.58,4.16,5.08,119,41,High,1,1,0,1.5020322150341026
26,9.56,2.64,2.66,1.05,5.24,116,74,High,0,1,0,0.5543932474484051
22,9.37,4.93,2.13,3.82,4.67,218,89,Moderate,1,0,1,0.7534684361293025
22,6.98,5.62,1.68,3.15,5.73,72,174,Moderate,2,1,0,1.0458451223717589
32,4.74,4.83,2.86,3.36,5.47,127,163,Moderate,1,1,0,1.6223625269277366
22,6.41,3.19,3.03,0.87,5.37,180,175,Moderate,2,0,0,0.9703586629705673
24,10.87,0.88,3.61,3.12,5.0,26,106,Moderate,2,0,1,0.4130634394605852
32,5.0,4.16,2.27,2.49,6.64,73,74,Moderate,0,0,1,1.2859997428000514
33,11.9,5.39,1.1,0.97,5.9,107,28,High,0,0,1,0.5453781054304113
18,7.73,2.77,2.86,0.5,4.76,58,59,Low,2,1,0,0.7283310830102091
21,7.7,5.15,3.9,2.41,5.6,184,97,Moderate,0,1,0,1.175324522685127
20,10.32,4.96,3.63,5.42,6.82,138,104,Moderate,1,1,0,0.8323642604298197
23,4.77,5.0,2.2,3.46,8.07,241,15,High,1,0,0,1.5094336458210387
18,4.52,4.87,1.12,5.71,8.7,32,128,High,2,0,1,1.3252209457475785
29,7.64,4.8,1.3,4.26,6.02,21,165,High,0,1,0,0.798429214865286
27,8.57,5.5,0.7,1.86,6.36,94,115,High,0,1,0,0.7234538245678152
35,11.2,2.08,2.76,0.72,8.07,77,156,Moderate,2,0,1,0.432142818558677
26,11.16,1.3,1.95,2.62,7.48,95,169,Moderate,2,0,0,0.2912186118979739
30,7.04,5.83,1.77,5.42,7.02,244,122,High,2,0,0,1.0795453012009515
26,8.59,5.77,0.34,2.67,8.15,131,132,Moderate,1,0,1,0.7112921174281587
32,8.62,4.09,1.8,3.86,5.93,136,136,Moderate,0,1,0,0.6832945843045727
31,9.66,2.46,2.68,3.37,5.16,248,81,High,1,0,0,0.5320910422266003
18,5.63,3.15,2.36,2.64,4.81,150,129,Low,2,0,1,0.9786854389546289
22,9.81,5.09,3.09,5.67,5.49,205,55,High,0,1,0,0.8338429323299763
22,6.28,5.4,3.96,5.94,5.19,83,16,High,1,0,1,1.4904456225405058
21,6.31,1.28,1.22,2.37,6.25,25,16,Moderate,2,0,0,0.39619645068202053
35,4.92,4.09,0.18,5.75,4.64,250,83,High,0,0,1,0.8678860024621945
24,4.13,3.34,1.73,5.65,5.7,247,169,Low,1,0,1,1.2276026083286664
33,10.21,2.84,0.1,2.0,6.2,232,86,Moderate,0,1,0,0.2879529590643527
26,9.6,0.94,3.47,3.19,5.89,92,65,High,1,1,0,0.45937495214844254
34,11.19,3.02,0.75,0.94,6.11,142,140,High,0,0,0,0.3369079234219908
34,6.93,1.17,0.6,4.68,7.76,98,32,Low,1,0,1,0.25541121855537974
20,5.26,4.49,2.42,3.25,5.28,73,81,Moderate,0,1,0,1.3136879631771934
24,9.42,3.67,2.34,4.91,8.54,229,55,Moderate,2,0,0,0.6380041785558197
21,4.9,5.83,2.65,0.54,7.73,150,81,High,1,0,0,1.7306118917118587
20,6.27,5.05,1.06,4.54,6.59,198,112,High,1,0,1,0.9744815032724875
25,8.19,5.41,1.61,5.0,5.9,132,117,High,2,0,0,0.8571427524856225
33,9.48,2.62,3.45,3.14,6.27,163,105,Moderate,2,0,1,0.6402952911080917
31,5.8,5.34,3.71,0.89,6.14,93,161,Moderate,2,0,1,1.5603445585612832
35,7.51,5.98,1.87,2.14,5.74,62,16,Moderate,2,0,0,1.045272830190036
23,8.35,3.45,3.13,1.78,6.87,220,85,Moderate,1,0,0,0.7880238577216938
31,10.75,2.87,2.34,1.85,8.1,42,80,Moderate,0,0,1,0.4846511177068728
25,5.18,0.61,0.32,5.57,8.1,150,82,Low,1,0,1,0.17953664487709559
35,5.91,3.38,1.28,1.23,5.8,59,160,Low,1,1,0,0.7884939444172683
31,8.48,5.65,1.39,4.39,6.85,101,33,High,2,0,1,0.8301885813456862
20,8.91,2.3,3.88,5.75,8.61,130,78,High,0,0,1,0.6936026157572822
26,3.61,4.09,3.69,2.3,7.57,31,46,High,2,1,0,2.1551240567523386
26,10.75,5.64,1.23,3.09,7.67,63,166,Moderate,2,0,0,0.6390697079935155
34,10.74,5.1,1.94,3.74,5.36,143,159,Moderate,2,1,0,0.6554934212762177
22,8.89,5.62,3.4,4.97,7.23,34,173,Moderate,2,1,0,1.0146230579726594
35,11.6,3.0,0.4,1.21,7.99,225,108,High,2,0,0,0.29310342300832565
30,4.54,2.18,3.94,1.99,7.6,58,24,Low,1,1,0,1.3480173242252589
25,8.41,5.92,1.41,3.37,5.8,207,48,Moderate,1,0,0,0.8715813470176759
18,5.12,4.04,1.26,5.69,7.18,154,87,Moderate,1,1,0,1.0351560478210844
27,7.76,1.54,3.79,0.77,5.76,23,168,Low,0,0,1,0.6868555815907755
32,3.22,1.96,0.02,5.6,5.41,26,173,Low,1,1,0,0.6149066413333412
28,9.32,1.83,3.71,4.66,6.7,181,179,High,1,0,0,0.5944205370793415
32,6.58,2.91,1.78,3.12,5.51,102,94,Moderate,0,1,0,0.7127658491237312
23,11.18,2.73,0.42,5.4,5.61,75,162,Moderate,0,0,0,0.28175310538880993
19,10.49,5.79,1.38,5.64,4.94,246,80,Moderate,0,0,0,0.6835080377971365
23,7.25,5.2,2.16,3.87,8.48,149,61,Moderate,1,1,0,1.0151722737693416
20,10.48,3.82,2.41,0.74,6.52,48,168,Moderate,1,0,1,0.5944655921311458
29,5.84,4.17,0.35,2.08,5.31,222,37,Moderate,2,1,0,0.7739724702101933
30,10.71,4.47,1.3,0.99,4.52,90,79,High,1,0,0,0.5387487825631389
27,5.26,5.03,2.99,3.6,8.07,170,38,Moderate,0,0,0,1.5247145390276542
22,4.49,5.39,1.77,4.45,5.58,60,133,High,2,0,1,1.5946544332618189
33,3.96,3.81,0.87,3.47,6.17,30,18,Low,0,1,0,1.1818178833793223
22,6.08,4.52,1.7,5.77,8.69,246,99,Moderate,1,0,0,1.023026147528594
23,7.97,2.2,1.85,0.65,5.8,225,122,Moderate,0,0,0,0.5081555196793577
29,8.84,5.85,2.68,5.21,6.88,230,31,Moderate,2,0,0,0.964932017541627
21,7.19,3.22,1.25,5.93,4.81,151,108,Moderate,2,0,1,0.6216967146457977
30,6.23,4.99,1.44,3.69,5.97,125,18,Moderate,2,0,0,1.032102563065399
28,4.38,3.63,1.58,2.0,5.65,55,37,Low,0,0,0,1.1894974453202178
20,9.59,2.36,1.92,3.73,6.16,204,65,High,0,0,0,0.4462981807822543
31,3.41,0.89,0.58,2.86,5.46,67,173,Low,0,0,0,0.43108491757040535
22,4.61,3.58,0.49,3.91,5.4,183,53,Low,2,1,0,0.8828631490535468
29,3.3,4.44,2.69,5.69,5.88,120,49,High,0,0,1,2.16060540587715
28,4.78,0.8,2.18,3.46,5.46,188,90,Low,1,1,0,0.623430831918236
32,7.55,2.21,1.6,5.89,6.2,99,158,Moderate,2,1,0,0.5046356947502391
34,6.68,1.37,2.73,2.46,7.78,155,98,Moderate,0,1,0,0.61377236320773
33,10.13,2.57,2.26,5.18,5.45,219,51,High,2,1,0,0.47680153239866413
27,9.46,5.35,3.69,5.01,7.23,62,136,High,2,1,0,0.9556024359828291
24,10.03,4.24,1.01,1.88,8.45,130,121,Moderate,0,0,0,0.5234296586809912
30,3.78,0.77,1.51,3.32,5.26,228,155,Low,2,0,0,0.6031744436046447
26,8.44,5.92,3.56,4.65,7.56,223,174,High,2,0,0,1.1232226157319178
20,5.07,2.15,0.19,3.59,6.93,198,75,Low,2,1,0,0.4615383705052523
30,8.21,1.55,1.88,3.72,8.12,185,67,Moderate,1,1,0,0.417783140343101
23,4.44,4.9,0.31,1.68,6.76,113,61,Moderate,2,0,1,1.173423159138928
21,6.27,1.69,3.71,1.83,8.22,183,70,Low,1,1,0,0.8612438817792853
23,7.37,1.51,0.49,3.77,6.42,67,23,Low,0,1,0,0.2713703838032044
21,8.97,3.01,2.54,2.69,7.09,196,18,Moderate,0,0,0,0.6187290280123714
30,10.82,5.14,3.53,5.01,5.28,95,94,High,1,1,0,0.8012938261281122
29,11.22,2.22,2.88,2.17,7.28,49,134,Moderate,0,1,0,0.45454541403338555
33,4.27,5.82,3.62,5.14,4.74,179,75,Moderate,2,0,0,2.2107723159783808
21,4.61,1.63,0.45,4.16,4.56,115,168,Low,0,0,1,0.4511929606956701
20,7.92,1.26,2.94,2.43,7.7,118,56,Low,2,1,0,0.5303029633455855
25,4.01,2.9,2.26,4.49,5.25,210,70,Low,1,1,0,1.2867827215005683
20,6.61,3.28,0.45,2.88,8.65,223,152,Low,0,0,0,0.5642964350534894
21,6.0,3.29,3.5,4.65,6.45,79,19,Low,0,0,0,1.131666478055587
28,4.88,5.21,1.13,4.21,6.12,70,34,Moderate,1,0,1,1.29918006164343
28,3.25,2.27,1.28,3.4,6.76,61,155,Low,1,1,0,1.0923073562131211
33,7.54,2.9,2.44,0.77,4.53,187,73,Moderate,2,0,0,0.7082227177423451
27,10.48,2.37,2.04,2.27,7.73,21,36,Moderate,0,0,0,0.4208014865647437
32,5.18,4.49,2.19,3.61,5.03,196,155,High,0,1,0,1.289575040622579
20,9.76,0.85,0.77,0.65,8.53,237,113,High,0,1,0,0.16598358955086176
23,5.73,2.71,0.26,4.21,7.37,232,84,Low,1,0,0,0.518324516871812
19,9.01,1.99,1.41,4.97,6.48,131,145,Moderate,0,0,0,0.377358448683857
19,7.03,4.13,0.1,3.99,6.94,40,78,Moderate,2,1,0,0.6017068845367162
21,11.97,5.72,1.1,5.5,7.64,147,117,High,1,1,0,0.5697576800536609
26,8.08,4.56,0.39,0.71,5.19,44,130,High,1,0,0,0.6126236865564744
19,4.16,1.34,0.82,0.52,7.67,109,73,Low,2,0,0,0.5192306444157104
22,5.9,1.54,0.6,3.89,6.09,170,179,Low,2,1,0,0.3627118029302029
29,9.38,3.24,3.91,5.77,7.29,244,63,High,2,0,1,0.7622600466673725
18,4.47,5.46,0.12,4.99,5.59,148,117,High,0,0,0,1.2483218683843695
35,5.57,1.24,1.82,3.72,5.55,205,115,Low,1,0,1,0.5493715351218069
20,7.98,3.54,2.65,2.73,8.05,59,136,Moderate,0,1,0,0.7756891258534929
30,8.68,0.81,0.42,2.83,5.61,219,30,Moderate,2,0,0,0.14170505279895707
30,9.21,1.9,2.76,2.39,8.88,126,69,Moderate,2,1,0,0.5059717148782069
24,6.28,0.68,1.1,2.5,8.1,50,93,Low,1,1,0,0.2834394453121903
21,7.2,1.96,2.3,2.11,7.05,142,179,Low,0,0,1,0.591666584490752
27,6.41,3.28,3.6,0.91,7.31,51,119,Moderate,1,0,1,1.0733227654722675
30,5.59,3.73,3.51,5.95,5.28,132,67,Low,2,0,1,1.2951697146386916
21,6.24,5.2,0.24,2.24,5.04,114,34,High,0,0,1,0.8717947320841776
23,11.26,5.44,0.19,5.77,8.16,162,58,Moderate,2,1,0,0.4999999555950307
34,3.83,1.88,3.92,5.47,5.57,142,151,Low,1,1,0,1.5143599179216922
19,11.89,4.0,3.68,3.98,4.56,127,166,High,2,0,1,0.6459208876433231
31,5.18,2.95,1.24,1.06,8.15,224,31,Low,1,0,0,0.8088801527258394
18,6.82,5.17,1.07,0.96,7.12,46,42,Moderate,1,0,1,0.9149558775724519
24,3.73,0.74,3.64,4.69,5.34,143,57,Low,2,0,1,1.174262419768788
22,4.02,1.45,2.22,5.39,5.69,199,172,Low,0,0,0,0.912935096284802
30,9.87,3.9,3.26,4.64,6.54,244,81,High,0,1,0,0.7254305242724901
26,10.54,1.25,1.57,4.03,5.5,145,58,Moderate,2,0,1,0.26755215677873284
29,8.21,1.43,2.82,5.14,7.83,201,168,High,1,1,0,0.5176613254980115
33,9.32,3.85,0.68,1.76,6.03,147,137,High,2,0,0,0.4860514499944797
31,3.14,2.22,2.5,0.72,7.14,174,84,Low,2,1,0,1.5031842346547024
26,10.36,1.76,0.22,1.8,8.88,131,21,High,2,0,1,0.1911196726718463
30,6.83,0.58,2.47,1.66,5.88,139,115,Low,1,1,0,0.44655923183613006
20,3.51,3.25,0.52,1.41,5.12,99,88,Low,2,0,0,1.0740737680701515
29,8.24,0.83,1.4,4.82,7.35,102,118,High,1,0,1,0.27063103511759284
25,7.24,2.99,2.92,3.75,4.67,134,121,Moderate,1,1,0,0.8162982297930622
33,10.88,1.89,3.25,4.89,6.09,211,54,High,0,0,1,0.47242642716668864
35,10.47,2.81,3.17,5.15,4.73,188,140,High,0,0,1,0.571155628351898
23,8.59,3.59,3.04,5.96,5.97,61,68,High,1,0,1,0.7718276167837467
19,4.28,5.01,2.66,2.37,4.67,20,30,Moderate,0,1,0,1.7920556560617624
27,4.29,3.6,1.28,5.39,5.5,197,154,Low,2,0,0,1.137528872370892
25,6.0,3.88,1.67,2.22,7.75,211,57,Low,0,1,0,0.9249998458333589
30,10.12,1.62,3.54,0.92,6.87,147,149,Moderate,1,0,1,0.5098813725413665
30,11.12,5.98,3.57,1.54,5.48,149,25,High,2,1,0,0.8588128724089146
30,3.43,1.85,3.94,4.56,7.55,35,144,Low,1,0,1,1.6880461550885844
27,5.25,4.09,3.46,0.8,5.31,24,176,Moderate,0,0,0,1.4380949641723877
35,7.86,4.52,2.74,0.87,7.11,126,139,High,2,0,0,0.9236640046229001
32,7.09,5.19,1.37,5.75,6.2,111,104,Moderate,2,0,0,0.9252466960159809
34,4.0,2.32,3.44,1.88,6.11,209,43,Low,0,0,1,1.4399996400000898
24,8.17,2.54,0.94,0.77,7.28,212,49,Moderate,0,1,0,0.4259485402755765
29,9.11,5.91,1.25,4.1,5.92,211,22,High,0,1,0,0.7859494197640594
31,4.25,4.88,0.06,2.92,7.73,101,176,High,2,0,1,1.162352667681725
33,6.93,1.09,3.75,5.88,8.82,163,77,Moderate,1,0,1,0.6984125976316597
32,5.24,1.46,1.13,2.9,5.97,142,58,Low,2,1,0,0.4942747148330696
29,7.57,1.63,1.85,1.11,6.18,66,152,Moderate,2,0,1,0.4597093184003542
29,11.57,2.61,2.9,3.94,4.8,200,164,High,1,0,0,0.4762315923741061
26,9.91,1.29,3.3,0.53,5.66,114,58,High,0,0,1,0.4631684699123643
29,5.97,3.22,0.04,0.88,7.15,215,139,Low,1,0,1,0.5460635601233568
27,6.38,5.66,2.99,3.89,7.89,128,140,Moderate,2,0,1,1.355799160533047
22,11.17,4.34,0.23,4.3,7.5,138,138,Moderate,0,0,0,0.4091315658790004
31,3.39,1.87,1.65,1.72,5.84,211,139,Low,0,0,0,1.038347776298591
29,7.33,5.14,1.95,2.09,5.31,148,66,High,2,0,1,0.967257712516001
34,6.05,1.0,1.42,0.79,8.58,120,148,Moderate,0,0,1,0.39999993388430843
32,3.99,2.29,3.34,4.23,4.86,127,121,Low,2,0,1,1.4110272152813996
25,6.79,4.6,1.55,2.74,4.56,165,109,Moderate,2,1,0,0.9057436074015305
25,4.86,2.34,3.94,1.53,5.67,115,34,Low,1,1,0,1.2921808040780236
22,3.73,1.3,2.84,5.47,6.53,209,94,Low,2,0,1,1.1099192734800873
27,7.73,3.64,3.31,3.95,8.96,209,65,Low,1,0,0,0.8990943209451072
23,7.45,0.78,2.83,2.64,8.44,66,61,Moderate,2,0,0,0.48456369334715527
22,5.12,5.68,0.54,2.05,7.14,203,17,Moderate,1,0,1,1.2148435127258763
20,8.14,3.26,1.7,3.07,7.57,24,149,High,1,1,0,0.6093365344795413
31,10.09,1.46,0.05,1.54,6.38,72,179,High,1,0,0,0.14965310707104987
27,4.5,3.84,1.24,0.86,8.1,245,17,Low,2,0,1,1.1288886380247471
23,7.22,0.6,3.01,2.2,6.86,201,128,Low,2,0,1,0.49999993074793203
28,4.15,4.49,3.15,5.11,4.86,162,146,Moderate,0,0,1,1.8409634118160452
18,9.18,2.86,3.3,4.37,7.12,149,120,High,2,1,0,0.6710238920453278
20,9.39,1.02,3.72,3.26,4.85,144,169,High,0,0,0,0.5047922785098745
30,5.06,4.08,3.75,2.17,5.29,38,78,High,1,1,0,1.5474305242232167
24,4.81,4.26,2.44,4.44,7.51,173,86,High,0,0,0,1.3929311033407268
24,6.11,4.29,2.67,1.09,5.4,201,79,High,0,0,0,1.1391160165112901
32,10.47,3.7,1.37,4.97,8.23,207,78,Moderate,1,0,0,0.4842406414287831
20,4.13,5.22,1.59,1.33,8.32,179,89,High,2,1,0,1.648910012370457
34,5.14,3.27,0.68,0.52,7.71,103,45,Low,1,0,0,0.7684823407621906
26,8.17,1.85,2.9,2.75,6.08,125,103,High,0,1,0,0.5813952776749967
28,8.91,4.4,2.25,4.98,8.5,53,159,Moderate,1,0,1,0.7463523292533862
26,9.66,2.26,1.92,4.95,6.34,121,34,High,0,0,1,0.4327121705266904
28,3.15,4.55,3.53,0.69,8.53,237,38,High,2,0,1,2.565078550768714
32,7.64,1.28,0.83,4.33,8.88,220,108,Moderate,2,1,0,0.27617797432225466
21,8.21,2.07,0.62,3.03,6.37,47,158,High,2,1,0,0.3276491683740355
34,7.43,0.73,3.74,1.25,7.51,27,72,Low,2,1,0,0.6016149930531639
23,3.1,5.52,2.47,2.68,6.65,76,128,High,0,1,0,2.5774185234133795
27,9.97,3.27,3.95,2.56,6.39,20,132,High,2,0,0,0.7241724449175081
28,7.41,2.08,3.45,1.57,6.34,142,23,Low,1,0,1,0.7462886982066534
25,3.68,1.88,2.39,3.75,7.84,107,84,Low,2,0,1,1.1603257716506052
19,9.8,3.35,2.01,3.44,4.76,61,99,Moderate,0,0,0,0.5469387197001306
31,4.15,2.0,1.98,3.3,4.72,28,159,Low,0,1,0,0.9590359134853219
27,6.47,5.08,2.43,3.07,7.8,30,21,Moderate,2,0,0,1.160741706222302
24,7.67,5.66,1.03,2.93,7.91,79,176,Moderate,1,0,0,0.8722293517302019
25,10.38,4.0,0.13,3.82,4.97,47,162,High,2,1,0,0.3978805011675818
34,4.97,1.1,3.84,2.43,5.07,189,153,Low,2,0,1,0.9939635827035044
20,3.93,5.82,2.33,0.73,7.9,173,91,Moderate,0,0,1,2.073790820918366
27,3.57,1.5,2.26,3.92,7.82,170,24,Low,0,0,1,1.05322099349552
35,9.39,4.24,3.95,2.64,6.44,181,114,Moderate,2,1,0,0.8722043799569352
27,3.15,1.67,2.45,5.86,6.98,156,133,Low,2,0,1,1.3079360927187007
21,7.59,2.74,0.64,4.66,7.49,182,174,Low,1,0,0,0.4453227344765831
30,5.18,1.42,0.02,1.17,8.7,163,35,Low,0,1,0,0.27799222432582543
20,10.31,3.3,0.23,2.91,6.52,235,130,Moderate,2,1,0,0.3423859997685742
25,3.53,1.36,3.88,5.95,5.94,132,84,Low,2,0,1,1.4844188429408378
18,4.88,0.57,1.75,3.41,5.0,243,179,Low,2,0,0,0.4754097386455453
28,6.07,5.34,0.26,5.58,5.77,235,121,Moderate,1,0,1,0.9225698644860189
27,5.85,2.99,3.06,2.45,7.74,226,91,Low,2,1,0,1.0341878574037853
31,8.89,5.71,2.29,0.77,5.01,153,108,High,0,0,1,0.8998874128360616
31,7.29,1.87,0.93,5.26,4.84,137,124,Low,1,0,1,0.3840877388082663
29,3.54,2.78,3.46,5.94,4.54,175,154,Low,2,0,1,1.7627113664657157
25,5.33,2.28,0.24,4.68,5.94,129,28,Low,2,0,0,0.4727954084811615
24,9.19,5.2,3.11,3.68,5.6,179,107,Moderate,1,0,0,0.9042436448048267
20,5.85,5.34,1.35,3.09,6.89,183,49,Moderate,2,1,0,1.1435895481043508
26,11.96,4.56,3.63,3.05,6.2,190,149,High,1,0,1,0.684782551439586
32,11.63,1.88,1.67,4.93,8.79,75,176,High,0,0,0,0.30524502964359157
35,9.82,4.64,2.78,2.77,4.93,242,63,Moderate,2,0,1,0.7556007377188658
26,3.81,4.87,3.85,5.63,7.66,55,145,Moderate,0,0,0,2.2887133100490002
25,9.17,1.88,2.93,5.51,6.12,107,109,High,2,0,1,0.5245364749687597
34,10.99,5.54,0.34,4.71,4.73,79,103,Moderate,0,0,1,0.5350317984502458
22,6.88,1.55,2.67,5.29,4.54,134,163,Moderate,2,0,0,0.6133720038703482
21,6.84,4.86,2.34,2.9,5.13,69,52,High,1,1,0,1.0526314250538853
35,6.67,3.45,1.54,5.78,5.45,132,113,Low,2,1,0,0.748125824868692
23,10.66,3.49,0.71,3.79,7.43,94,116,High,2,1,0,0.3939962106945394
20,6.57,1.84,3.41,2.11,4.69,140,55,Low,0,1,0,0.7990866363642867
30,5.8,0.77,3.3,2.06,8.49,147,87,Low,2,1,0,0.7017240169441351
26,10.68,4.39,3.43,4.24,5.53,44,30,High,2,0,0,0.7322096692687576
25,9.92,2.87,3.94,5.84,6.86,112,96,High,1,0,0,0.686491866281062
30,4.37,5.42,1.41,4.7,4.97,20,145,Moderate,1,0,0,1.562928704135308
31,9.73,4.57,3.16,1.5,6.25,21,90,High,0,0,0,0.7944500725128395
28,4.79,5.06,2.5,5.5,7.74,248,49,Moderate,1,0,0,1.578287770712365
30,8.64,3.5,1.15,5.93,8.43,76,52,Moderate,1,1,0,0.5381943821534281
26,4.38,1.66,2.1,1.57,5.7,85,18,Low,0,1,0,0.8584472925919423
34,6.37,1.43,2.64,0.64,6.06,211,22,Low,1,0,0,0.6389323957719945
35,6.06,5.62,2.63,4.77,6.75,40,80,High,1,0,1,1.3613859139627205
20,4.54,5.56,3.47,4.32,5.82,214,163,Moderate,0,0,0,1.9889863460382495
23,3.43,3.73,4.0,2.45,5.0,132,115,Low,0,0,1,2.253643657829837
31,4.5,5.81,3.4,4.68,6.65,78,49,Moderate,2,0,1,2.0466662118519525
27,5.15,1.86,3.86,4.63,6.14,209,58,Low,2,1,0,1.110679395984583
35,5.07,5.78,1.18,4.67,8.69,193,74,High,1,1,0,1.3727807943233146
26,4.39,4.52,3.03,4.56,4.59,77,21,Moderate,2,0,0,1.719817375895814
35,6.7,1.85,0.51,4.07,6.82,227,20,Moderate,0,0,1,0.352238753397201
21,6.01,0.65,1.26,3.56,8.6,139,139,Moderate,0,0,0,0.3178036076865878
27,5.31,3.65,0.93,1.09,4.82,51,139,Low,2,1,0,0.8625233780558611
26,6.21,3.4,3.56,4.28,8.62,155,116,Moderate,1,0,0,1.120772766381197
26,8.39,2.73,3.78,2.93,5.49,116,29,Moderate,1,1,0,0.7759236262307955
18,8.02,3.49,0.77,3.34,5.45,183,54,Moderate,0,0,0,0.5311720035945133
24,8.23,4.76,0.47,0.6,6.28,218,99,Moderate,1,0,1,0.6354798741822753
31,6.77,2.09,2.24,0.78,7.5,45,124,Moderate,1,0,0,0.6395863161615486
22,5.35,4.06,0.27,2.36,6.69,246,83,Moderate,2,1,0,0.809345643112964
24,11.61,4.7,1.43,3.8,5.11,198,116,Moderate,2,1,0,0.5279930639110195
35,10.53,5.34,1.16,5.26,4.92,85,173,High,1,0,0,0.6172838919958318
26,9.55,1.61,3.48,2.97,6.58,90,165,High,0,0,1,0.5329842373838495
20,8.43,2.51,3.17,5.87,6.01,142,130,Moderate,1,0,1,0.6737840244621561
24,9.96,1.88,1.37,1.63,8.54,158,163,High,0,1,0,0.32630518812196907
33,11.7,2.23,2.5,2.03,5.47,141,56,High,2,1,0,0.4042734697202163
31,11.58,3.67,0.4,2.26,6.58,79,120,Moderate,0,0,0,0.3514680180079432
35,10.73,2.92,2.22,4.43,6.52,48,52,Moderate,1,0,1,0.4790307102487689
22,10.57,3.73,0.47,5.17,7.91,179,179,Moderate,2,0,0,0.39735095578515084
20,8.62,2.72,2.55,2.11,7.74,109,158,High,1,0,1,0.6113688385883018
25,3.56,4.87,0.86,5.45,5.41,155,97,Moderate,1,0,0,1.6095501096769356
21,6.92,3.92,1.02,3.51,8.65,44,84,Low,0,0,1,0.7138727292091431
26,3.33,2.95,1.64,1.32,7.98,51,28,Low,1,0,1,1.3783779644510616
33,4.43,2.76,2.96,1.47,7.03,189,99,Low,1,1,0,1.2911960967954634
26,5.33,3.74,1.94,5.03,7.2,249,110,Low,2,0,0,1.0656658413384912
31,8.68,5.32,3.97,2.95,8.73,150,133,High,2,1,0,1.070276374392123
19,10.56,2.27,3.9,4.6,5.14,185,166,High,1,1,0,0.5842802477007342
35,5.91,4.43,0.01,3.99,6.64,77,20,High,0,1,0,0.7512689084147361
19,5.64,1.61,0.4,4.25,8.31,139,105,Low,0,1,0,0.3563829155349441
32,8.18,4.39,2.75,1.06,6.43,209,98,High,1,1,0,0.8728605289901554
18,9.19,1.66,2.19,1.05,8.59,124,133,Moderate,0,1,0,0.41893357791800023
29,5.81,5.73,1.59,5.91,5.54,37,96,High,1,1,0,1.25989651292659
28,6.77,5.04,1.54,3.07,8.51,60,26,High,1,0,1,0.9719348638205519
21,5.88,4.88,1.4,4.15,5.33,36,75,Moderate,2,1,0,1.0680270292471037
22,4.39,4.74,0.22,4.98,6.44,132,126,Moderate,1,0,0,1.1298402893302302
25,9.62,1.48,0.63,5.84,5.01,240,120,High,1,1,0,0.21933469653485485
23,11.51,3.25,1.74,0.9,6.98,23,108,Moderate,0,0,0,0.43353601793779173
32,5.02,1.14,1.51,4.94,8.36,213,158,Low,1,1,0,0.5278883410580995
31,3.99,1.16,1.76,5.96,6.07,113,142,Low,0,0,1,0.7318293905189497
30,7.78,5.39,1.07,1.01,7.98,107,165,Moderate,2,0,0,0.8303340835046165
35,6.57,1.33,1.6,2.23,4.61,118,180,Low,2,0,0,0.44596644658044954
20,7.34,4.69,2.35,4.65,7.63,112,34,High,0,0,1,0.9591279347237147
28,4.96,5.09,0.69,4.91,5.7,242,79,Moderate,1,0,1,1.16532234570114
33,6.81,1.38,0.79,1.98,7.93,121,85,Low,0,0,1,0.3186489987299561
31,9.93,1.87,3.25,1.2,7.54,86,130,Moderate,2,1,0,0.5156092129295858
26,7.75,1.09,2.33,2.94,7.27,157,84,Low,2,0,0,0.4412902656399657
27,7.98,4.7,3.46,4.5,7.8,50,49,High,2,0,1,1.022556262837561
25,3.07,0.58,3.41,2.28,6.94,171,170,Low,1,0,0,1.2996738437544484
18,4.73,2.05,3.36,2.37,4.65,234,43,Low,0,0,1,1.143762971720302
25,6.07,4.03,2.88,4.12,8.15,171,166,Moderate,0,1,0,1.138385314928284
21,6.7,2.78,1.21,0.62,5.12,182,34,Moderate,1,0,0,0.5955222991757761
26,4.3,1.13,2.82,4.48,6.06,154,63,Low,0,0,0,0.9186044375338517
34,10.41,4.81,1.05,5.46,7.76,173,34,Moderate,1,1,0,0.5629202148971936
25,5.02,4.48,1.04,2.88,6.38,195,105,High,0,0,0,1.0996013745813997
33,10.66,5.55,2.53,1.66,5.78,167,174,Moderate,0,0,1,0.7579736624790185
30,5.62,1.05,1.08,0.72,6.24,244,159,Low,0,1,0,0.3790034912805175
18,7.25,1.31,1.08,4.5,8.92,145,113,Low,0,1,0,0.3296551269441204
29,10.33,5.63,1.45,1.88,6.95,50,144,Moderate,2,0,1,0.6853823150646355
25,5.81,5.8,2.07,2.53,7.35,91,51,Moderate,1,0,1,1.3545608684060466
23,3.14,3.87,1.49,3.87,5.3,190,168,Low,0,0,1,1.707005825794323
23,4.25,2.78,0.94,4.93,6.62,79,80,Low,0,0,1,0.8752939116955502
33,10.52,5.02,3.12,0.68,8.57,220,49,High,0,0,0,0.7737641850034046
20,9.1,0.65,0.52,2.13,8.4,24,49,High,2,0,0,0.1285714144427017
25,9.99,4.17,1.11,5.97,8.28,92,78,Moderate,0,1,0,0.5285284756227753
21,10.44,2.87,2.65,2.85,6.61,166,178,High,1,0,1,0.5287355815387375
26,7.24,4.05,0.54,0.78,8.67,40,30,High,2,1,0,0.6339778129864899
32,10.62,1.45,0.07,0.97,6.96,140,136,Moderate,1,0,1,0.14312616354744226
27,4.28,2.28,2.37,5.68,5.08,87,47,Low,1,1,0,1.08644834428777
32,7.11,2.49,2.7,0.76,8.98,188,148,Low,1,1,0,0.7299577032408293
27,7.74,2.88,0.14,4.41,5.35,78,164,Moderate,2,1,0,0.3901808281420118
18,9.82,4.88,1.14,2.32,7.6,197,165,High,0,0,0,0.6130345607907779
33,3.5,2.61,2.81,4.47,5.6,170,60,Low,0,1,0,1.5485709861225754
28,5.79,0.95,1.68,4.16,7.4,171,89,Low,1,0,1,0.45423135505503365
34,10.09,1.68,1.66,5.56,8.43,242,161,High,2,0,1,0.3310207798790109
22,9.34,0.86,2.85,2.34,6.47,78,176,Moderate,2,0,1,0.3972162315614313
26,7.15,3.22,2.28,1.26,7.54,149,164,Moderate,1,0,1,0.7692306616460612
32,8.13,4.39,2.22,3.97,8.15,223,49,Moderate,2,1,0,0.8130380303766259
21,9.68,1.48,3.27,4.17,7.18,121,61,High,1,0,1,0.49070242864644337
28,3.97,5.27,3.07,4.69,7.04,121,128,Moderate,2,1,0,2.1007551383488314
26,8.68,2.44,2.78,5.45,5.73,188,59,High,2,0,0,0.6013824191955739
29,9.33,1.21,1.19,3.34,8.34,108,44,Moderate,2,0,1,0.2572346991173956
28,3.58,4.09,3.46,1.91,7.91,80,98,High,1,0,1,2.108937958397218
32,9.12,3.24,0.85,5.47,8.04,53,114,High,1,1,0,0.44846486310692296
24,8.99,0.55,2.84,3.75,7.2,85,15,Moderate,1,0,1,0.37708560877801905
18,11.6,2.77,3.76,5.95,7.18,143,82,High,1,0,1,0.5629309859542253
26,7.27,4.87,3.59,4.62,6.57,212,58,High,0,0,0,1.163686222326517
34,8.91,1.85,3.96,0.78,5.19,213,65,Moderate,2,0,0,0.6520762455582217
28,7.79,4.5,3.56,3.19,5.94,22,136,High,0,1,0,1.0346596874634548
34,9.2,4.09,1.19,3.04,6.24,205,121,High,0,1,0,0.5739129810964151
26,8.48,4.01,2.43,4.11,7.52,80,42,High,1,0,0,0.7594338727082697
30,9.28,1.91,2.32,4.69,7.12,36,176,High,1,1,0,0.45581891639882366
18,3.55,2.67,1.56,4.41,5.03,33,106,Low,1,0,0,1.1915489601270537
34,7.16,4.58,3.84,4.42,7.42,243,91,Moderate,2,1,0,1.1759774893886188
29,9.89,5.41,0.78,5.63,7.78,211,176,High,2,0,0,0.625884668767981
23,7.34,3.96,0.65,4.91,5.93,211,154,Low,1,0,0,0.6280653095278871
29,5.68,3.76,2.86,0.7,4.9,66,165,Low,1,0,0,1.1654927525540928
35,4.65,5.02,1.91,0.77,5.07,83,70,Moderate,0,0,0,1.4903222601457502
34,8.15,3.09,1.05,0.61,4.79,131,154,High,1,0,0,0.5079753977944297
33,3.75,1.24,2.43,0.87,5.7,199,175,Low,0,1,0,0.9786664056889585
33,6.92,5.93,1.46,3.57,5.2,76,109,High,0,0,1,1.0679189208209652
18,10.83,5.44,0.78,4.81,5.18,57,155,Moderate,2,1,0,0.5743305102187896
29,11.55,3.49,1.76,3.87,4.97,205,64,High,2,0,0,0.45454541519087316
23,6.69,4.15,3.4,3.24,6.36,193,107,Moderate,1,1,0,1.128549906046352
18,11.31,1.18,2.2,2.44,7.58,154,154,High,2,0,0,0.2988505482890762
27,10.37,5.68,3.0,4.61,6.02,48,18,Moderate,0,0,1,0.8370298132083113
35,11.01,5.03,1.95,3.21,8.85,84,142,High,2,0,1,0.6339690614015385
35,11.59,2.57,3.32,4.82,5.83,215,99,High,0,0,0,0.5081966774636172
32,5.49,3.66,3.9,1.59,6.66,248,52,Low,2,0,1,1.3770489294992843
21,8.55,0.91,0.0,1.7,5.81,160,178,Moderate,1,0,0,0.10643273608973847
23,4.04,2.09,1.28,3.98,5.64,53,121,Low,1,0,1,0.8341582093667799
20,5.43,5.72,1.95,1.8,8.87,116,19,Moderate,2,0,1,1.4125227601247219
35,3.84,4.63,1.94,4.46,6.25,113,67,High,2,0,0,1.7109370544434754
34,9.73,4.26,1.39,4.1,6.13,49,77,High,2,0,0,0.5806782548121012
30,3.58,2.89,3.38,2.26,6.03,84,137,Low,1,0,1,1.7513961588278883
23,3.71,1.72,1.1,3.0,6.16,228,33,Low,2,0,0,0.7601076118308324
29,7.43,5.29,2.15,5.85,5.07,67,167,High,0,0,1,1.0013457602495612
18,5.88,2.43,0.45,1.77,5.95,113,87,Low,2,0,0,0.4897958350687356
27,11.33,2.1,0.5,4.12,8.41,46,49,Moderate,0,0,0,0.22947923835134704
28,5.13,2.55,3.17,5.32,6.16,140,95,Low,2,1,0,1.1150095292379085
34,4.67,4.37,2.38,5.54,6.86,163,140,Moderate,1,0,1,1.4453958361036754
33,11.86,3.06,3.76,1.86,7.15,140,131,High,2,0,0,0.5750421100301764
31,3.25,3.25,2.28,3.24,8.15,105,17,Low,0,0,0,1.7015379379883264
19,6.99,1.27,1.6,5.7,8.53,206,21,Low,0,0,1,0.4105864934783271
23,9.21,1.31,1.42,2.97,5.21,94,113,Moderate,1,0,1,0.29641690592650316
29,6.83,1.17,1.84,2.26,7.13,235,128,Low,2,0,1,0.4407027173202463
35,7.14,0.69,2.02,3.25,4.53,104,95,Moderate,2,1,0,0.37955176756978043
30,6.05,3.95,0.57,3.37,8.42,114,23,Moderate,2,1,0,0.7471073145277167
24,10.67,2.75,1.66,1.5,8.01,156,42,High,2,1,0,0.4133083024078442
23,7.35,5.69,3.75,1.73,7.06,228,157,Moderate,0,0,0,1.2843535667546169
20,5.0,1.07,0.97,5.29,6.42,69,159,Low,2,1,0,0.4079999184000163
31,8.03,4.26,2.01,5.88,6.41,215,147,Moderate,1,1,0,0.7808218205701345
35,6.55,2.35,1.66,5.64,6.64,115,104,Moderate,1,0,0,0.6122136469902829
21,10.3,2.25,2.98,4.01,8.5,143,48,Moderate,0,1,0,0.507766940993501
28,9.2,4.92,2.13,3.88,6.76,36,21,High,1,1,0,0.7663042645321453
24,6.08,3.27,3.02,4.81,7.33,31,149,Low,1,0,0,1.0345393035297197
20,6.33,4.84,2.94,5.65,5.86,82,44,High,0,0,1,1.2290677363242122
21,3.77,3.99,2.52,5.83,4.9,185,87,Low,1,1,0,1.726789992893901
19,3.37,5.06,1.34,2.15,8.77,161,165,Moderate,2,0,0,1.8991092287509703
19,11.34,2.61,2.43,2.19,5.59,131,104,Moderate,2,0,1,0.44444440525181617
30,4.9,1.7,1.17,1.27,5.24,112,98,Low,2,1,0,0.5857141661807824
34,9.57,1.8,0.26,4.7,5.84,184,62,High,2,0,1,0.21525598586666816
25,9.04,0.69,0.16,0.69,6.11,171,155,High,2,0,1,0.09402653827140064
23,10.58,1.07,0.04,3.66,4.99,132,28,Moderate,2,1,0,0.10491492392108472
33,10.42,5.74,2.0,1.14,6.29,124,151,Moderate,0,1,0,0.7428022319767532
35,5.65,3.82,2.72,3.52,6.14,45,112,Low,1,1,0,1.157521919022669
29,6.95,1.11,3.46,1.7,4.99,132,118,Low,1,1,0,0.6575538622224659
29,11.35,4.85,2.56,5.68,6.7,113,24,Moderate,2,0,0,0.6528633786023456
25,8.87,0.99,1.35,3.23,8.7,29,86,High,0,0,0,0.26381056777783907
20,11.07,2.33,3.39,1.94,4.97,67,125,High,1,0,1,0.5167117871082397
27,9.56,2.53,0.35,4.2,7.08,246,44,Moderate,2,0,0,0.30125519861347294
34,7.37,2.86,0.08,1.54,6.96,69,128,Low,1,0,0,0.3989144641907104
23,10.35,4.19,0.01,4.91,5.77,193,45,Moderate,1,1,0,0.4057970622418298
31,9.24,1.55,0.77,1.35,6.09,118,37,Moderate,0,1,0,0.25108222390885027
24,7.8,5.66,3.45,2.48,4.83,22,162,High,1,1,0,1.1679485682117219
33,6.05,2.52,3.61,3.27,4.78,90,180,Moderate,0,1,0,1.0132229730209963
33,3.65,2.65,0.82,0.68,7.49,188,173,Low,2,1,0,0.9506846710452955
31,7.23,2.98,0.98,5.33,5.06,134,124,Low,1,0,1,0.5477177665673905
27,9.86,3.46,1.79,4.39,7.89,169,53,Moderate,1,1,0,0.5324543070533158
24,6.75,2.41,3.54,1.36,8.4,206,118,Moderate,1,1,0,0.8814813508916517
30,8.84,5.44,2.58,1.65,5.34,68,34,Moderate,2,0,0,0.9072397163755977
32,8.37,2.38,1.21,5.53,7.0,156,71,Moderate,0,0,1,0.42891273250743944
18,3.95,2.72,2.16,0.56,5.62,54,152,Low,0,1,0,1.2354427252043734
20,3.99,2.02,3.54,5.42,7.04,159,39,Low,0,0,0,1.3934833600292331
20,3.19,2.58,1.71,3.25,8.31,80,112,Low,1,1,0,1.3448271646309828
31,11.22,4.09,3.24,2.21,8.78,161,178,Moderate,0,0,1,0.6532976244832777
35,11.94,1.31,3.83,2.84,7.39,222,77,Moderate,1,1,0,0.43048572608997276
34,5.6,0.93,3.47,5.14,8.51,147,19,Low,2,0,1,0.7857141454081884
33,8.78,1.51,3.82,3.42,6.38,115,27,Moderate,0,0,0,0.6070614342754632
35,11.37,4.2,0.66,2.1,6.49,77,135,Moderate,0,0,0,0.42744059565166276
24,8.21,1.57,0.04,5.42,5.2,33,102,Moderate,2,0,0,0.19610229036512908
19,7.34,3.98,3.94,5.65,6.72,151,98,Low,1,1,0,1.079018926564179
23,7.16,3.43,3.56,5.67,5.19,220,68,Low,2,0,0,0.9762568468915018
26,3.33,2.13,2.68,4.22,6.98,236,90,Low,1,0,1,1.4444440106774743
20,7.55,2.71,1.25,3.8,6.55,33,29,Moderate,2,0,0,0.5245032417876501
24,6.6,5.93,3.34,1.83,8.29,112,178,High,2,0,0,1.4045452417355695
35,5.2,3.21,0.15,5.31,6.75,138,23,Low,0,0,0,0.6461537218935149
22,3.85,5.33,3.17,4.71,8.96,200,143,Moderate,0,1,0,2.207791634339835
29,9.06,3.69,1.06,1.14,4.88,123,22,Moderate,2,0,0,0.5242825028385759
23,3.06,5.65,0.67,1.46,8.87,33,160,Moderate,1,0,0,2.065358802170326
30,10.54,1.75,0.47,1.02,4.74,160,54,High,0,1,0,0.21062616597474706
32,4.09,4.87,1.18,3.06,7.82,31,100,Moderate,2,0,1,1.479217242245173
20,8.38,4.4,0.02,5.07,8.16,125,127,Moderate,0,0,0,0.527446237774912
25,6.28,2.53,1.89,2.88,6.13,87,43,Low,0,0,1,0.7038215439774611
30,7.31,1.04,1.59,2.3,6.41,63,90,Moderate,0,0,0,0.359781072533369
32,5.59,4.15,2.32,2.52,4.88,106,64,High,2,0,1,1.1574237643249081
29,4.47,5.92,1.26,3.06,8.61,179,149,High,2,0,1,1.606263622759816
35,10.76,1.04,3.88,2.24,8.81,43,32,Moderate,2,1,0,0.4572490281367075
27,9.32,3.25,3.98,5.38,8.85,132,70,High,2,1,0,0.7757509897262888
33,11.06,5.37,1.05,3.65,8.65,194,119,High,1,0,1,0.5804701102649087
19,7.88,3.12,3.26,1.56,4.53,51,38,Moderate,1,1,0,0.8096445673039889
30,3.94,4.08,0.15,1.07,5.07,74,151,High,0,1,0,1.0736037884254346
18,11.44,5.81,1.88,2.59,8.8,128,81,High,0,0,0,0.6722027384438166
22,10.03,4.48,2.84,5.3,6.99,58,89,Moderate,1,0,0,0.7298104955323536
23,5.73,4.13,3.95,0.88,5.05,244,136,High,1,1,0,1.4101219179542899
26,11.19,3.4,0.51,5.74,4.78,128,90,High,0,0,1,0.3494190929920382
26,6.6,1.73,3.23,5.68,8.14,45,175,Low,2,0,0,0.7515150376492368
31,6.52,1.31,3.38,3.22,6.41,103,63,Moderate,0,0,0,0.7193250430483062
28,3.09,0.69,1.29,5.02,4.97,196,69,Low,2,0,1,0.6407764916580934
27,8.77,4.59,3.16,3.98,7.91,23,142,High,2,0,1,0.8836943120074902
31,8.19,4.26,1.28,4.61,4.74,162,149,Moderate,0,0,1,0.67643459384193
28,8.71,5.82,2.55,3.19,8.27,81,75,High,0,1,0,0.9609642983967511
31,9.83,3.13,0.38,2.85,7.97,59,107,High,0,1,0,0.3570701569613269
26,11.85,4.87,0.86,0.6,8.6,49,147,High,1,0,1,0.4835442629920454
18,9.64,2.47,2.26,2.3,8.05,110,23,Moderate,1,0,1,0.49066384951619824
26,7.02,1.34,1.59,0.77,8.76,209,170,Low,0,0,0,0.41737885792323964
21,3.81,2.4,1.08,4.97,7.74,250,177,Low,1,0,1,0.9133855870379036
18,7.59,3.43,2.94,4.11,6.27,224,66,Low,0,0,0,0.8392620765135604
28,8.42,5.33,0.59,5.04,5.22,81,35,High,1,1,0,0.703087802483634
29,3.02,4.3,3.33,3.36,6.05,213,124,Moderate,0,0,0,2.5264892296393278
20,4.71,4.85,1.99,4.4,5.35,71,95,High,0,1,0,1.4522289910341843
21,9.09,2.2,0.6,3.85,5.33,132,167,Moderate,1,0,0,0.3080307691935348
34,7.1,3.9,2.47,1.29,4.73,240,99,Low,0,0,1,0.8971829722277505
18,10.77,3.66,1.44,5.17,7.58,145,141,High,2,0,0,0.4735375604886202
23,7.4,3.03,1.39,1.32,6.84,180,40,Low,2,0,1,0.5972972165814572
22,3.77,2.26,0.41,5.38,4.83,187,68,Low,0,1,0,0.7082226238136275
29,11.51,4.22,0.71,1.93,8.88,91,149,Moderate,1,1,0,0.4283231600066759
22,10.4,1.19,0.91,1.44,4.65,143,78,Moderate,1,0,1,0.20192305750739833
27,4.86,5.07,0.42,3.14,8.93,110,158,High,2,0,1,1.1296293971955973
23,4.12,5.72,0.45,4.99,7.83,67,50,Moderate,0,0,0,1.4975724520455211
20,6.35,3.94,0.3,2.97,6.95,89,168,Low,0,0,0,0.6677164302808771
26,11.86,2.91,2.96,1.77,5.05,77,68,High,2,0,0,0.4949409363456209
23,5.76,2.51,1.23,2.92,6.7,23,18,Low,0,0,1,0.6493054428289161
34,7.67,5.2,3.67,3.53,4.96,51,145,Moderate,2,0,1,1.1564535649995353
28,3.52,5.62,2.92,3.44,6.71,171,156,High,1,1,0,2.426135674393274
32,3.63,2.54,3.08,1.05,8.48,226,75,Low,0,0,0,1.5482089398873444
31,6.74,5.4,0.24,5.4,7.64,74,74,High,2,0,1,0.8367951280719395
20,11.99,5.94,2.36,2.35,5.49,172,77,Moderate,2,0,0,0.6922434785451645
19,5.07,3.21,0.31,3.07,7.98,75,139,Low,2,0,0,0.6942799419566189
21,10.3,3.69,3.52,5.43,5.79,114,147,Moderate,1,0,0,0.6999999320388416
23,10.45,2.97,2.77,1.2,6.44,89,137,Moderate,1,0,0,0.5492822440878237
28,10.51,3.67,2.42,2.34,8.51,118,127,Moderate,0,0,0,0.5794480894911428
23,11.16,4.61,0.14,2.4,6.97,189,169,High,0,1,0,0.42562720200473103
35,3.89,3.82,3.21,5.82,6.36,240,82,Low,1,0,1,1.8071974788695424
35,10.02,5.03,1.79,2.12,5.33,100,81,Moderate,2,0,0,0.6806386546268809
28,6.78,4.89,1.12,3.6,5.28,49,115,Moderate,1,1,0,0.8864305477241079
20,5.02,1.92,2.51,2.17,4.65,208,176,Low,1,0,1,0.8824699437310869
20,10.59,4.81,1.09,2.88,5.89,85,16,High,0,1,0,0.5571293147186671
18,5.64,2.77,3.4,1.89,6.58,155,69,Low,2,1,0,1.093971437239107
29,6.66,2.05,3.58,3.7,5.14,92,116,Moderate,1,1,0,0.8453452184166338
20,11.7,3.42,2.79,3.81,7.82,42,144,High,2,0,0,0.5307691854043431
23,9.13,2.55,2.23,1.15,7.05,174,20,Moderate,0,0,0,0.5235486830724333
20,9.98,1.91,2.53,4.26,6.66,225,138,Moderate,2,1,0,0.44488973498098844
19,9.22,5.41,3.11,1.36,5.61,169,132,High,0,0,0,0.924077990880912
30,3.9,3.3,3.68,2.03,7.17,92,108,Low,2,0,1,1.7897431308350948
27,3.76,4.15,0.91,3.3,7.98,241,37,Moderate,0,0,0,1.3457443229403399
26,9.91,5.63,2.38,4.41,8.02,137,98,High,0,0,1,0.8082743886705965
27,3.18,0.53,2.64,2.61,8.33,241,154,Low,1,0,1,0.9968550324355243
27,8.04,5.14,2.01,3.58,7.4,142,77,High,2,0,0,0.8893033719771927
33,11.33,2.99,0.18,1.87,8.35,109,43,Moderate,2,0,0,0.2797881482976039
22,10.62,3.64,1.23,2.89,6.56,128,117,Moderate,2,0,1,0.4585686950500288
24,11.05,1.4,3.35,1.19,7.1,186,171,High,1,1,0,0.4298642144919263
34,10.14,2.81,3.43,2.25,5.03,180,110,High,1,0,0,0.6153845546958033
19,8.95,5.21,3.14,3.13,6.67,231,43,High,1,1,0,0.9329607896133197
22,11.72,5.98,3.0,4.33,6.12,92,80,High,0,0,0,0.766211538719152
22,6.33,5.96,0.87,1.92,8.58,211,155,High,1,0,0,1.0789887710918213
31,4.89,5.05,2.76,5.84,4.51,105,21,Moderate,1,0,1,1.597136687702109
32,4.44,5.61,1.88,3.4,7.68,218,51,High,2,1,0,1.6869365569962709
35,8.23,2.0,3.75,1.37,8.47,129,118,Moderate,1,0,1,0.6986633415961918
23,10.0,2.89,3.5,1.95,5.28,217,168,High,1,1,0,0.6389999361000065
19,11.64,3.82,1.59,1.06,6.1,142,141,Moderate,1,0,0,0.464776592373145
33,3.96,5.97,2.26,0.86,5.0,69,124,Moderate,0,0,0,2.0782823034640647
23,6.1,1.05,2.43,2.42,7.26,155,30,Low,2,1,0,0.5704917097554575
33,9.03,0.62,0.25,1.69,8.32,98,163,High,0,1,0,0.09634550428067507
23,10.48,2.88,3.44,1.47,8.01,179,87,High,0,0,1,0.6030533775712427
29,11.17,3.87,0.47,4.32,7.08,96,122,Moderate,0,1,0,0.38854069932491503
35,4.4,3.04,2.4,1.02,6.46,111,166,Low,0,1,0,1.2363633553719644
25,8.07,5.48,3.93,5.96,7.21,118,125,Moderate,2,1,0,1.166046943488607
27,10.44,3.57,0.83,3.15,8.46,193,88,High,2,1,0,0.4214558983279791
33,9.48,1.83,2.51,3.96,5.96,208,77,High,2,0,0,0.45780585888123854
22,9.15,0.94,1.82,1.62,4.84,60,106,Moderate,1,1,0,0.3016393112962501
31,6.99,3.83,1.11,5.13,7.35,192,145,Moderate,1,0,1,0.7067237901682704
32,9.86,3.18,3.54,4.54,8.46,154,160,Moderate,2,0,1,0.6815415130282443
31,6.98,3.29,1.92,3.24,6.92,177,36,Moderate,0,0,1,0.7464182311721731
23,8.37,5.26,3.83,2.59,5.32,211,87,Moderate,1,1,0,1.0860213756246866
34,3.45,0.6,0.08,0.93,8.53,137,41,Low,0,0,1,0.197101392144524
25,7.11,5.94,0.72,2.5,6.88,45,89,High,0,1,0,0.9367087290142434
20,8.24,2.54,3.61,4.14,4.64,49,97,High,1,1,0,0.7463591327234063
20,10.31,3.12,2.78,4.48,7.72,190,133,High,0,0,0,0.5722598862987501
31,11.56,4.91,4.0,0.54,8.75,200,128,High,0,0,1,0.770761178999898
19,3.75,5.37,0.02,4.13,8.75,164,58,Moderate,0,0,1,1.4373329500445464
26,3.14,0.5,0.31,3.38,6.01,236,166,Low,1,0,1,0.25796170128608237
28,10.7,5.87,1.08,2.38,7.75,233,85,Moderate,0,1,0,0.649532649576388
27,6.05,0.96,1.26,1.83,4.82,48,161,Low,2,1,0,0.36694208810874573
33,6.66,4.79,3.2,4.37,5.73,213,141,High,2,1,0,1.1996995195646367
28,5.31,3.26,3.56,2.57,5.93,109,17,Low,0,0,0,1.2843688730002123
26,9.81,2.63,3.51,4.15,7.62,126,43,High,1,1,0,0.6258918831914492
34,4.43,4.77,0.44,1.14,7.03,231,39,Moderate,1,0,1,1.1760719692839798
33,9.04,5.25,1.42,3.2,7.0,122,140,Moderate,1,0,0,0.7378317767885204
26,9.61,1.0,1.2,5.91,7.86,179,81,High,2,0,1,0.22892817597001294
18,7.77,0.83,1.39,0.74,5.98,51,73,Low,2,0,0,0.2857142489428251
34,5.27,3.9,3.98,0.74,5.14,36,120,Low,2,1,0,1.495255883253153
18,7.01,2.6,2.16,2.92,4.55,129,151,Moderate,1,0,0,0.6790298603381083
33,4.39,5.63,2.38,4.08,6.6,125,41,Moderate,1,0,0,1.8246009511159564
20,5.9,0.66,1.98,0.58,7.6,242,132,Low,0,0,0,0.4474575512783811
33,7.98,1.48,1.14,2.52,6.55,46,150,Low,1,0,0,0.32832076086206
31,7.39,4.28,2.42,1.38,8.22,161,74,Moderate,0,1,0,0.9066304591839703
22,4.0,1.37,3.81,4.6,7.3,156,71,Low,1,0,1,1.2949996762500808
21,4.54,4.74,1.38,3.71,5.7,93,134,Moderate,1,1,0,1.3480173242252589
23,6.08,2.73,0.52,3.43,6.37,210,18,Low,2,0,0,0.5345393857665484
33,10.41,0.71,0.28,2.72,7.42,203,27,High,1,1,0,0.09510085541778526
25,11.11,5.6,2.48,5.37,7.3,101,46,High,1,0,1,0.7272726618116417
31,4.37,3.65,3.5,5.83,6.94,121,64,Low,0,1,0,1.636155232001091
30,7.62,1.53,0.58,0.83,5.17,103,85,Moderate,2,0,1,0.2769028508001508
26,3.17,2.92,3.2,3.05,5.42,186,158,Low,0,1,0,1.9305987600634826
19,11.84,4.02,1.75,2.27,5.82,93,76,Moderate,2,1,0,0.4873310399213649
26,6.88,1.74,3.25,5.1,7.72,20,151,Low,2,0,0,0.7252905922542744
26,8.09,5.17,0.98,2.55,8.09,92,87,High,2,0,1,0.7601976810633275
35,10.39,0.82,1.88,1.2,7.45,167,21,High,1,0,0,0.25986523004184503
21,11.98,0.52,3.78,0.76,8.65,223,27,High,0,0,0,0.35893152262675104
27,7.34,5.47,2.03,0.5,5.77,144,93,High,0,1,0,1.0217982259130483
32,4.47,2.23,0.74,2.54,5.13,157,107,Low,1,1,0,0.6644293815594224
28,4.41,3.07,0.37,2.91,6.8,192,103,Low,1,0,1,0.7800451745929309
21,10.9,3.99,0.35,0.63,7.87,230,89,High,0,0,0,0.3981651010857705
19,11.8,4.54,1.49,2.32,7.11,234,69,High,0,0,1,0.511016905846025
22,10.06,2.6,2.29,5.55,5.69,77,145,Moderate,2,0,1,0.48608345068752984
22,9.07,1.48,0.81,0.77,8.9,113,120,Moderate,0,1,0,0.25248067778603334
27,10.46,5.16,0.81,1.63,8.3,177,37,Moderate,1,0,0,0.5707456433321565
30,8.21,5.28,1.72,1.64,6.42,193,64,High,1,0,0,0.8526186537614308
31,7.97,1.15,0.13,3.49,5.94,47,90,Moderate,0,0,1,0.16060223831841425
35,8.21,5.33,3.12,1.82,7.53,31,47,Moderate,1,1,0,1.0292325177548698
25,9.22,3.39,3.04,1.07,7.06,21,52,High,2,1,0,0.6973968874840686
26,3.05,4.78,0.98,5.09,8.63,117,124,High,1,0,1,1.888523970975747
22,6.5,4.56,1.86,3.12,6.78,127,124,High,2,1,0,0.9876921557396683
33,4.74,0.82,2.22,3.39,8.82,71,63,Low,0,1,0,0.6413500756645409
35,4.53,3.05,0.2,4.28,6.13,154,116,Low,0,0,0,0.717439135223149
32,7.75,5.92,0.7,4.07,4.81,128,154,Moderate,1,0,0,0.8541934381685886
30,10.68,3.27,3.63,0.85,8.58,144,165,High,2,1,0,0.6460673552371391
35,9.05,2.58,2.01,0.63,6.96,39,130,Moderate,0,0,1,0.5071822643997498
32,11.94,2.94,0.87,0.73,4.78,74,82,High,0,0,0,0.3190954506620226
34,11.87,3.53,0.18,5.01,8.75,249,151,High,1,0,1,0.31255262741763884
30,11.26,3.02,2.94,1.25,4.77,45,70,High,2,0,1,0.5293072354078833
31,9.73,2.78,0.22,5.57,7.23,167,136,Moderate,1,0,1,0.3083247370683724
33,9.52,0.55,2.81,2.95,5.28,184,100,Moderate,0,1,0,0.3529411393969392
31,9.61,5.31,2.11,0.63,8.97,40,100,Moderate,1,1,0,0.7721123025897709
32,4.8,0.93,3.27,5.85,5.04,142,101,Low,0,0,1,0.8749998177083713
26,11.69,1.89,0.79,1.11,8.89,60,130,High,0,0,0,0.2292557545546831
31,4.21,3.4,3.3,5.57,6.48,90,117,Low,0,0,0,1.591448553100106
32,5.65,5.84,0.56,3.8,7.64,150,96,High,1,0,0,1.1327431623463429
27,4.35,2.34,3.15,2.71,5.29,65,161,Low,1,0,1,1.2620686753865116
31,7.25,1.99,1.73,0.63,5.91,218,81,Moderate,2,0,1,0.5131033775029824
25,8.01,4.19,2.1,5.94,7.27,225,66,Moderate,2,1,0,0.7852683164459032
29,8.82,1.89,2.6,4.57,5.34,125,125,High,0,0,0,0.5090702370668666
29,7.48,4.03,0.21,5.53,5.4,186,35,High,2,1,0,0.5668448440047
33,5.09,2.51,2.59,0.67,7.78,58,124,Low,1,0,1,1.0019644396926444
31,3.68,3.83,0.15,5.49,4.88,32,167,Low,1,0,0,1.0815214452387376
28,11.48,5.65,0.99,0.8,6.64,152,83,High,0,0,1,0.5783971621605261
23,10.24,0.52,2.59,1.49,7.71,107,155,Moderate,1,0,0,0.3037109078407317
24,4.42,2.76,1.59,5.02,8.55,165,42,Low,1,1,0,0.9841626732663634
21,10.32,1.01,2.68,1.89,7.38,111,23,Moderate,1,1,0,0.3575581048877806
32,11.95,5.49,1.03,2.21,7.09,98,120,Moderate,1,0,0,0.5456066489032094
24,5.56,5.39,2.69,1.95,4.87,125,18,Moderate,1,0,1,1.4532371486983546
35,7.84,3.24,1.44,4.02,7.02,101,159,Moderate,0,0,1,0.5969386993700638
20,9.06,5.35,0.65,4.84,6.88,220,57,High,0,0,0,0.6622515825329379
25,3.18,4.12,2.51,5.98,7.21,146,132,Moderate,1,1,0,2.0849050047468536
22,8.34,2.2,2.72,3.39,8.77,147,179,High,2,0,0,0.5899279868191862
32,4.17,4.0,3.06,4.46,8.61,143,53,Low,2,1,0,1.6930451575431278
18,6.69,3.95,3.17,5.29,4.6,172,161,Low,1,0,1,1.0642748782847715
34,4.49,3.63,0.26,4.0,5.09,52,143,Low,1,1,0,0.8663695175123568
23,5.56,3.76,0.01,4.04,6.61,166,160,Low,2,0,0,0.678057432004059
29,11.03,2.43,0.47,1.31,7.97,93,67,High,1,0,1,0.26291928713333756
18,7.63,0.61,3.41,1.69,8.73,81,166,Low,2,0,0,0.5268675587329543
32,7.86,4.81,3.67,5.21,7.29,210,135,Moderate,2,0,1,1.078880269862561
23,3.66,1.05,0.29,2.66,7.37,44,145,Low,1,0,1,0.3661201185464157
34,8.25,4.72,2.54,3.01,6.69,114,22,Moderate,2,0,1,0.8799998933333463
30,11.39,2.62,0.87,2.94,5.31,85,66,Moderate,1,1,0,0.30640910391491627
33,8.46,0.79,2.95,0.72,6.81,222,179,High,2,0,1,0.44208032599523334
28,4.47,5.84,0.76,3.74,6.46,233,64,High,0,0,0,1.4765097367987166
26,3.97,4.23,2.34,4.2,8.92,112,130,Moderate,2,0,0,1.6549114219366694
22,9.68,0.6,1.68,5.55,4.97,174,162,High,1,0,1,0.2355371657502928
33,11.62,2.49,1.33,1.73,8.83,38,180,Moderate,0,0,1,0.3287435173198351
27,10.36,2.31,1.53,0.85,8.24,211,39,Moderate,1,1,0,0.3706563348787322
21,10.22,4.91,3.14,1.44,6.88,98,171,Moderate,1,1,0,0.7876711558051708
29,4.09,1.19,1.3,3.32,7.43,243,122,Low,2,1,0,0.6088018071389225
33,10.51,2.61,2.39,1.44,7.0,182,162,High,2,0,0,0.47573734769387754
30,9.97,1.48,3.64,4.22,6.64,69,37,High,1,1,0,0.5135405703570141
35,7.43,5.23,0.11,2.29,7.21,207,39,High,2,0,1,0.7187078440500884
26,10.28,4.9,2.37,3.6,7.47,100,162,Moderate,2,0,1,0.7071983747861504
26,9.02,3.54,0.03,3.66,8.69,232,51,High,1,0,0,0.3957870958107433
25,8.99,2.78,1.33,4.06,4.76,192,43,Moderate,0,0,1,0.4571745876335275
21,10.11,5.66,0.36,3.42,6.54,24,137,High,0,0,1,0.5954499905588537
29,6.73,5.73,0.31,2.75,6.31,137,111,Moderate,0,0,1,0.8974738636740173
26,5.11,5.97,3.07,0.51,5.33,187,110,High,1,0,0,1.7690798886340724
31,10.6,5.15,3.35,2.67,7.86,245,64,High,2,0,0,0.80188671680314
20,9.88,2.36,1.73,2.28,4.59,212,53,High,0,0,1,0.41396756943648083
23,4.06,4.37,2.55,5.25,8.27,234,111,High,1,1,0,1.704433077725843
18,5.9,4.77,3.49,1.41,7.18,145,150,Moderate,1,1,0,1.3999997627119045
30,4.0,5.27,1.92,5.22,4.73,121,46,High,0,0,0,1.7974995506251121
19,5.98,0.82,0.47,3.03,8.28,183,135,Low,1,0,1,0.21571902747173452
27,6.71,0.68,3.72,2.63,4.72,138,84,Low,0,0,1,0.655737607192607
34,4.97,3.32,3.0,3.48,5.9,140,130,Low,2,1,0,1.2716295228109613
32,6.13,2.72,2.12,2.65,7.59,65,129,Low,2,1,0,0.7895594144275017
19,8.13,2.92,3.6,1.92,8.16,171,105,High,0,0,0,0.801967921037156
22,9.54,0.98,3.34,2.6,7.94,153,31,Moderate,2,0,0,0.45283014121277354
30,5.78,3.85,3.32,4.88,8.16,184,76,Low,1,0,1,1.2404842144490977
26,9.03,1.42,3.24,1.69,4.98,165,119,Moderate,1,1,0,0.5160575286757998
20,6.28,3.32,0.3,1.83,8.13,225,20,Moderate,1,0,0,0.5764330292304093
27,5.53,1.94,3.08,4.25,6.96,104,40,Low,0,0,0,0.9077756043805416
35,8.08,1.01,3.46,3.94,4.83,195,56,Moderate,2,0,1,0.5532177533146345
34,10.6,2.84,2.71,4.02,8.22,153,33,Moderate,1,0,0,0.5235848562655796
31,10.84,2.64,0.41,4.68,7.58,233,170,High,0,1,0,0.2813652876969292
35,11.72,2.38,2.08,5.88,6.99,91,17,High,2,0,1,0.3805460426155254
28,9.31,1.47,3.99,0.68,4.76,41,108,Moderate,2,0,0,0.5864661024203972
29,8.31,3.85,0.71,1.34,5.9,97,177,Moderate,1,0,1,0.5487363960606022
26,8.31,5.14,3.46,5.63,5.32,112,34,Moderate,0,1,0,1.0348975890616618
30,5.09,1.94,2.49,1.24,5.15,212,139,Low,1,0,1,0.8703338172232186
27,10.65,1.41,2.02,1.79,7.46,112,109,High,2,0,1,0.32206569745861996
23,3.82,3.37,0.02,1.16,7.42,106,137,Low,1,1,0,0.8874343226611722
24,8.6,4.7,1.45,2.53,8.89,60,67,High,0,1,0,0.7151161959167215
21,7.17,5.43,3.26,1.32,8.91,76,52,Moderate,1,0,1,1.2119942521625868
24,8.12,4.89,1.93,3.67,6.45,131,57,Moderate,1,0,0,0.8399013743963826
18,3.11,4.4,3.43,2.29,5.97,153,26,High,1,1,0,2.5176840779150873
33,10.72,3.48,2.08,1.53,7.81,153,127,High,2,1,0,0.5186566680357586
31,10.89,1.36,2.56,5.28,8.78,205,70,High,2,0,0,0.35996323599970287
35,4.2,4.22,1.67,4.66,8.72,190,36,Moderate,1,1,0,1.402380618480805
20,6.33,5.18,2.54,2.97,4.61,218,70,High,0,0,0,1.2195890648358507
28,9.81,5.18,2.18,4.33,6.4,208,139,Moderate,1,0,1,0.7502547655193919
18,10.76,4.3,3.4,1.86,5.33,169,155,Moderate,0,0,1,0.7156133163928144
25,11.86,5.28,1.56,5.05,6.54,211,108,High,2,0,0,0.5767284505287985
27,5.99,1.37,1.31,2.61,8.73,59,18,Low,2,0,0,0.4474122792300035
26,9.09,4.9,0.53,3.61,7.8,51,68,High,1,1,0,0.5973596702574622
31,8.13,4.89,0.81,3.79,6.03,29,113,Moderate,2,0,1,0.7011069248330964
22,3.64,1.3,2.33,6.0,6.2,98,62,Low,1,1,0,0.9972524732822875
25,6.79,1.55,0.05,2.57,6.0,186,121,Moderate,1,0,1,0.23564061330771527
27,3.66,1.68,0.67,3.41,7.27,192,15,Low,2,0,1,0.6420763273015498
20,3.83,5.43,1.84,2.05,7.85,72,117,High,1,0,1,1.8981718281535696
34,5.58,4.8,1.09,4.91,6.7,219,43,High,0,0,0,1.0555553663879271
31,4.91,3.57,3.81,4.77,4.83,170,34,Low,2,1,0,1.5030546836955836
34,11.03,4.34,0.19,3.75,6.61,144,99,Moderate,1,1,0,0.4106980588669032
35,4.09,4.68,0.13,4.96,8.32,140,86,Moderate,2,1,0,1.176038832264344
21,4.44,2.63,2.48,2.92,6.24,75,29,Low,0,1,0,1.1509006416890444
33,7.75,2.96,3.0,2.2,7.66,242,50,Low,1,0,1,0.7690321588345601
28,8.5,1.42,1.66,0.63,5.68,117,103,High,1,1,0,0.36235289854671787
35,10.99,1.07,2.3,1.74,8.7,24,32,High,2,1,0,0.3066423742818586
25,6.57,4.0,0.62,3.49,4.58,75,129,Low,0,0,1,0.7031962400005722
27,3.04,5.26,3.02,2.63,6.24,241,75,High,0,1,0,2.7236833145778565
33,4.41,3.98,1.13,0.77,7.71,161,16,Low,0,1,0,1.1587298959796153
24,6.26,1.12,1.61,1.53,5.09,37,24,Moderate,2,1,0,0.43610216675684244
33,5.2,5.33,1.45,0.91,7.78,106,40,Moderate,2,0,1,1.303845903106557
30,6.99,0.8,3.46,3.73,8.72,222,53,Moderate,0,1,0,0.6094419728981441
24,6.04,3.97,1.68,2.36,5.56,32,71,Moderate,0,0,0,0.9354303087035913
24,4.99,1.06,1.28,3.27,7.66,27,156,Low,1,0,0,0.4689377817759956
29,3.39,4.42,1.72,1.83,5.05,120,107,High,0,0,1,1.8112089052481104
29,10.81,2.48,2.87,4.49,8.78,119,88,Moderate,0,0,1,0.4949120726260802
18,4.26,1.43,0.38,5.88,4.97,153,155,Low,0,0,1,0.4248825293702983
21,10.66,4.71,0.13,5.83,5.04,210,163,High,1,0,1,0.4540337285146596
29,10.22,2.04,0.38,2.65,5.22,57,178,Moderate,2,0,1,0.23679058348428733
31,6.11,3.46,2.97,4.0,8.24,183,142,Low,0,1,0,1.0523729865183327
26,10.61,5.7,3.92,0.94,4.63,78,113,High,1,0,0,0.9066917147321666
30,9.77,0.99,1.17,1.28,8.84,240,135,High,2,0,0,0.22108493131167545
24,3.58,2.13,2.32,2.45,8.81,33,27,Low,2,0,1,1.2430164125652476
29,5.75,1.58,1.26,5.51,5.64,227,129,Low,2,0,0,0.4939129575803552
20,3.34,4.81,0.1,3.36,5.22,102,29,High,0,0,1,1.4700594401019638
27,6.98,1.33,0.79,0.53,5.83,145,30,Low,0,0,0,0.30372488485316834
23,6.02,5.49,0.81,4.12,5.35,210,38,Moderate,0,0,1,1.0465114540678648
29,5.69,0.88,1.48,4.23,4.93,83,129,Low,1,0,1,0.4147626687587576
21,7.01,3.87,0.85,5.16,7.84,178,176,Moderate,0,0,1,0.6733237270579562
29,6.91,1.1,3.25,4.8,8.74,92,113,Moderate,1,0,0,0.6295223401559565
32,8.0,2.46,0.68,5.44,7.0,110,29,Low,0,0,1,0.39249995093750617
22,6.21,5.36,3.52,3.68,5.27,130,45,High,2,1,0,1.4299514605553205
26,5.15,4.22,0.61,4.26,5.13,83,62,High,2,0,1,0.9378638955604085
21,7.83,5.8,3.44,3.6,8.34,29,104,High,0,1,0,1.1800764776402966
18,11.74,3.19,3.56,4.54,6.94,227,28,Moderate,2,1,0,0.574957361587959
31,8.74,3.05,1.61,1.28,7.6,36,163,High,0,1,0,0.533180717027378
33,10.93,3.68,0.14,2.45,6.68,214,93,Moderate,2,0,0,0.3494967658282923
21,11.01,1.86,1.82,2.89,5.43,184,93,High,2,0,0,0.33424156818877676
33,6.82,2.23,3.66,3.94,7.03,66,119,Low,2,1,0,0.8636362370034844
26,11.53,3.19,0.17,4.22,7.36,40,161,High,0,0,0,0.2914136781080939
28,9.15,5.87,3.7,1.96,7.58,98,63,Moderate,1,1,0,1.0459015250380848
34,7.0,4.96,2.19,4.03,7.87,28,105,Moderate,2,0,0,1.021428425510225
18,4.44,1.97,3.46,2.85,5.58,84,70,Low,2,1,0,1.2229726975286714
20,7.73,1.95,1.15,1.54,8.37,143,45,Moderate,2,1,0,0.40103487696832113
20,3.98,5.99,1.85,5.59,5.27,133,67,Moderate,2,0,1,1.9698487512942835
29,5.81,2.04,3.86,5.62,8.07,126,93,Low,0,0,0,1.0154903587796285
34,7.8,3.76,1.62,1.77,7.37,24,18,Low,2,0,1,0.6897435013149357
24,3.41,2.14,2.67,3.11,7.81,247,41,Low,1,0,1,1.4105567710977212
26,11.07,3.3,2.48,4.63,7.52,92,87,Moderate,2,0,0,0.5221318408191652
20,7.21,1.94,1.51,5.6,8.15,137,70,Low,1,0,0,0.47850201407739057
24,9.21,3.34,0.76,5.51,7.93,170,66,High,0,1,0,0.44516824699584717
25,3.03,5.44,2.1,4.56,5.75,48,35,High,1,0,1,2.488448023614514
23,9.53,1.59,2.76,2.74,8.14,72,74,Moderate,1,0,1,0.4564532574550622
33,10.29,4.8,0.41,0.91,6.05,73,163,Moderate,2,1,0,0.5063167632345226
20,4.8,3.18,1.63,4.08,5.6,99,33,Low,1,1,0,1.0020831245660158
22,7.6,2.2,3.98,3.1,6.36,196,79,Moderate,0,0,1,0.8131577877423963
18,5.23,0.98,1.92,0.91,6.89,191,77,Low,2,0,1,0.5544932018177433
25,11.48,5.98,3.11,5.41,8.84,222,62,High,2,0,0,0.7918117777167442
29,5.25,2.24,3.31,2.82,6.82,58,77,Low,0,1,0,1.0571426557823513
27,10.33,2.78,3.44,0.97,6.44,247,55,High,0,0,1,0.6021296609748634
18,3.58,3.67,1.54,0.71,4.88,200,34,Low,2,0,0,1.4553068560595372
32,3.95,5.91,3.46,0.7,7.03,213,122,High,2,0,1,2.3721512981895447
28,6.62,1.68,1.79,4.06,7.0,199,32,Moderate,0,0,0,0.524169105110407
31,3.23,2.79,3.03,3.86,7.43,104,178,Low,0,0,0,1.8018570272888461
29,9.95,2.1,2.79,3.77,5.63,76,121,Moderate,2,0,0,0.4914572370394738
29,6.75,0.97,3.44,2.0,5.5,143,130,Low,1,0,1,0.6533332365432242
26,11.68,3.28,1.66,3.45,7.57,225,146,High,0,0,0,0.42294516926839304
35,10.89,5.47,0.76,3.91,8.95,29,87,Moderate,1,1,0,0.5720844286423848
29,10.49,2.64,2.56,1.35,8.94,227,147,High,1,1,0,0.4957101529351618
18,11.66,2.91,1.64,4.7,7.15,20,72,High,2,1,0,0.3902229510958018
33,5.3,3.94,1.75,5.41,6.97,22,146,Low,1,1,0,1.0735847030972256
34,6.72,5.19,2.46,3.76,8.63,20,141,Moderate,2,0,1,1.1383926877391835
20,5.11,3.92,0.13,4.22,8.07,170,89,Low,0,0,0,0.7925634456823002
32,6.28,2.26,1.21,2.58,7.36,162,33,Low,2,0,0,0.552547682715337
30,3.53,5.39,3.96,3.13,6.86,180,87,Moderate,2,1,0,2.648724462117716
31,11.35,5.05,1.63,5.86,7.53,37,102,High,0,0,0,0.5885462036523169
18,10.24,1.4,1.17,2.56,7.2,199,166,Moderate,0,1,0,0.25097653799057246
30,10.8,5.86,1.31,2.33,8.06,87,115,High,1,1,0,0.6638888274177012
31,3.19,1.57,3.48,3.51,8.16,99,170,Low,1,0,1,1.5830716040527886
19,7.92,4.8,3.75,4.97,5.02,139,96,Moderate,0,0,0,1.0795453182392276
18,4.74,5.9,3.75,3.4,5.67,46,50,Moderate,1,0,0,2.0358645493956646
19,10.79,1.37,2.97,3.84,8.46,173,180,Moderate,1,0,1,0.4022242444648523
23,3.76,1.59,3.97,4.42,5.99,132,170,Low,0,1,0,1.4787230109779228
28,6.61,4.8,3.41,3.56,5.09,83,29,High,0,0,0,1.2420573007477609
34,11.78,2.93,0.29,4.25,4.99,221,28,High,0,0,0,0.27334462874833376
33,11.59,5.98,2.42,4.92,7.45,184,66,High,2,0,1,0.724762663954904
30,7.31,3.07,2.36,3.09,5.98,135,164,Moderate,0,0,0,0.7428179558388569
26,9.03,5.57,2.15,3.94,7.59,250,91,High,2,0,1,0.8549279230423121
32,6.63,2.03,0.48,4.21,6.24,89,154,Low,2,0,1,0.3785821450102345
33,7.66,1.78,3.65,5.93,5.84,158,76,Low,0,0,1,0.7088771920525858
27,10.11,1.93,1.12,3.02,6.54,112,91,High,2,0,1,0.30168147362201053
31,3.57,3.81,1.01,5.05,5.23,141,85,Low,1,0,1,1.3501396778320232
25,8.5,5.62,1.53,0.54,6.52,63,158,High,0,0,0,0.8411763716263093
34,11.55,3.85,0.46,5.47,7.02,185,110,Moderate,1,0,1,0.3731601408519359
33,6.22,1.08,2.3,4.2,5.47,225,168,Moderate,1,0,1,0.5434082727639433
33,9.22,2.17,2.71,2.67,5.6,215,137,Moderate,0,0,0,0.5292841074529168
31,9.58,4.54,3.4,2.76,6.32,79,72,Moderate,1,1,0,0.8288099343622198
18,11.45,1.28,3.2,1.21,7.58,177,147,High,0,0,0,0.39126634137411875
29,10.28,2.02,1.95,0.67,5.91,120,91,High,0,0,0,0.3861867328612128
21,4.19,4.09,1.52,0.77,6.93,28,34,High,2,0,1,1.3389018284243843
23,7.79,5.54,3.16,3.74,8.2,110,78,High,1,0,1,1.1168162879568306
29,6.59,2.84,1.68,0.72,8.67,173,58,Moderate,0,1,0,0.6858876045694074
27,3.13,2.0,3.81,5.6,7.37,103,146,Low,2,0,0,1.8562294389043328
34,6.76,5.15,2.61,1.46,6.52,206,161,Moderate,0,1,0,1.147928824270884
28,6.92,5.13,1.24,1.35,4.92,88,80,High,1,1,0,0.9205200981907372
31,10.82,4.45,3.78,5.36,8.29,203,108,Moderate,1,1,0,0.7606283955056936
24,3.7,2.19,2.55,5.66,8.96,247,77,Low,2,1,0,1.2810807348430446
24,5.3,6.0,1.48,5.41,6.13,129,31,Moderate,2,0,1,1.4113204884300967
26,9.64,2.76,2.7,2.9,5.86,33,34,Moderate,2,0,0,0.5663899827396284
24,10.45,5.9,1.36,4.98,5.68,66,102,High,1,0,1,0.6947367756232752
18,7.47,5.94,0.34,4.67,8.02,149,87,Moderate,1,1,0,0.840696005261579
26,9.97,3.05,1.09,0.99,8.41,101,19,High,2,1,0,0.41524569556211677
29,9.04,2.23,1.08,4.42,4.85,35,117,Moderate,2,1,0,0.36615040197451315
29,9.94,3.0,2.56,1.36,5.57,20,74,High,2,0,0,0.5593560805476782
25,11.69,3.78,1.0,5.41,7.91,160,19,Moderate,1,0,1,0.40889645775051686
23,10.02,4.52,0.84,3.66,8.7,32,135,High,0,0,1,0.5349300863343227
24,8.24,5.17,0.96,1.99,7.79,181,68,High,2,1,0,0.743931948551948
18,11.04,4.25,3.08,2.52,6.06,205,112,High,2,0,0,0.6639492152219915
30,10.17,4.53,1.77,4.3,8.25,227,73,Moderate,2,1,0,0.6194689656372699
18,8.21,2.43,3.88,3.28,6.09,133,155,High,0,0,0,0.7685748150335183
23,9.53,5.07,0.97,2.95,5.39,194,33,High,2,0,1,0.633787971270937
34,5.63,4.66,2.54,4.52,8.25,212,89,High,1,0,1,1.2788630055305497
30,8.76,0.52,0.84,1.36,4.95,156,178,High,1,1,0,0.15525112382978037
35,10.84,4.15,0.14,2.38,8.92,52,26,High,2,0,0,0.39575642105568076
24,8.23,3.98,3.3,5.56,5.63,146,63,High,0,0,1,0.8845685437948306
26,10.42,4.78,0.05,3.13,7.36,166,138,Moderate,2,1,0,0.46353162538084214
23,3.52,1.58,1.59,5.5,7.25,186,33,Low,2,0,0,0.900567925975021
20,11.81,4.77,1.57,4.14,5.74,36,22,High,2,1,0,0.5368331467541789
32,6.07,2.52,3.95,4.39,6.95,47,64,Moderate,0,1,0,1.0658976827186684
34,4.99,1.0,0.63,3.63,4.71,234,141,Low,2,0,1,0.32665324115165506
26,4.9,0.71,1.51,4.92,5.17,239,75,Low,1,1,0,0.4530611320283403
27,6.44,4.57,3.94,3.11,4.67,32,115,High,1,0,0,1.3214283662378312
34,7.78,3.9,0.29,1.17,5.03,35,132,Moderate,2,0,0,0.5385603420873596
35,9.48,4.5,2.62,3.01,7.81,216,115,High,2,0,1,0.7510547730954881
29,7.09,2.51,2.37,5.38,8.13,77,117,Moderate,2,0,0,0.6882932738655467
20,10.5,0.61,2.33,3.9,7.28,234,175,High,1,0,0,0.27999997333333587
23,4.95,0.74,0.02,2.24,5.46,87,69,Low,2,0,0,0.15353532251811666
19,3.02,1.35,3.81,3.08,6.02,134,103,Low,2,0,1,1.7086087057587067
20,11.54,1.66,0.56,0.94,6.62,229,51,Moderate,2,1,0,0.1923743334164356
29,7.56,0.99,3.21,1.46,6.25,77,78,Moderate,2,0,1,0.5555554820693808
18,7.82,4.3,2.85,5.34,4.86,62,109,Moderate,1,1,0,0.9143221337183972
30,11.83,4.25,3.12,5.57,5.07,45,49,Moderate,2,1,0,0.6229923395610871
34,11.1,5.81,3.4,5.3,9.0,250,124,Moderate,1,0,0,0.8297296549793104
22,11.39,3.16,3.31,2.98,4.83,135,16,High,2,0,0,0.5680420923580253
31,11.93,5.07,0.4,3.1,5.56,243,170,Moderate,1,0,1,0.45850792468500223
32,5.63,1.52,0.69,3.03,8.66,157,164,Low,2,1,0,0.39253989475312706
29,3.8,3.95,1.54,1.74,5.22,191,78,Low,2,0,0,1.4447364619114575
18,10.94,2.44,2.59,0.84,6.48,185,34,Moderate,0,1,0,0.4597805795447368
25,3.52,2.19,3.64,1.33,7.73,127,34,Low,1,1,0,1.6562495294745654
34,9.96,1.0,0.5,4.66,7.58,168,19,High,2,0,1,0.15060239451783186
31,6.58,4.14,3.17,1.56,8.87,167,151,High,0,1,0,1.1109420804039392
26,10.34,1.63,1.0,2.89,4.78,153,142,High,2,0,0,0.25435200634893557
22,5.65,4.36,0.38,2.83,6.24,44,152,Moderate,1,0,1,0.8389379046127602
31,5.57,2.16,2.41,1.61,6.26,80,92,Low,0,1,0,0.8204666390544634
31,9.05,3.58,2.36,3.56,6.07,154,54,Moderate,1,1,0,0.6563535186349703
21,10.75,1.53,2.08,1.22,7.96,235,158,Moderate,1,0,0,0.3358139222498677
18,5.3,1.07,1.77,5.27,5.64,139,123,Low,0,0,0,0.5358489555001971
30,7.64,2.32,3.05,2.77,5.3,142,109,Moderate,0,0,1,0.7028794891518992
22,8.66,2.13,1.04,3.0,7.7,233,98,High,0,0,0,0.3660507660449462
28,9.38,5.75,1.94,2.81,6.91,152,91,Moderate,2,1,0,0.8198293369051879
32,6.92,3.22,3.09,1.58,7.23,158,60,Moderate,0,1,0,0.9118495792124887
27,10.43,4.92,2.16,1.15,8.43,189,63,Moderate,0,0,0,0.6788110566815863
31,9.3,2.44,1.63,4.94,4.94,185,163,High,0,0,1,0.4376343615446923
32,10.78,3.62,2.64,5.38,7.33,232,162,High,2,0,1,0.5807049554077036
26,5.54,5.91,2.84,4.21,5.11,141,33,Moderate,1,0,0,1.5794220975772386
30,8.82,5.98,0.78,5.09,4.52,171,39,High,1,0,1,0.7664398223991132
26,3.13,3.39,2.63,0.66,8.11,244,152,Low,0,0,0,1.9233220692261759
26,10.45,3.83,3.06,2.29,7.87,28,54,High,0,0,0,0.6593300804468823
28,4.14,2.79,1.28,2.99,5.08,23,58,Low,1,1,0,0.9830915499778866
31,3.39,0.57,0.03,3.69,4.62,242,45,Low,2,0,1,0.17699109823271436
25,3.0,2.33,0.78,3.46,6.96,121,149,Low,2,1,0,1.0366663211112264
24,3.09,0.89,3.94,3.48,8.55,128,161,Low,0,0,0,1.563106290256864
30,4.51,2.51,0.28,5.18,7.64,168,158,Low,0,0,1,0.6186251399944257
22,8.58,1.42,3.29,3.77,8.32,59,158,High,1,0,1,0.5489509849707477
23,9.33,2.65,2.24,4.74,7.37,158,139,High,1,0,1,0.5241156994516937
20,3.48,1.27,3.1,1.76,5.58,112,149,Low,1,0,0,1.2557467655900099
30,8.89,4.06,3.26,1.04,6.46,189,168,High,1,1,0,0.8233969827449963
18,9.28,1.32,1.64,2.0,7.13,191,29,Moderate,2,0,0,0.31896548287009885
32,8.1,3.95,0.63,0.73,6.59,219,145,High,2,0,0,0.5654320289590089
26,11.3,0.94,0.28,5.74,8.81,141,175,High,1,0,1,0.1079645922155228
33,5.43,1.92,3.37,3.67,5.28,67,156,Low,2,0,1,0.9742171318200494
35,10.56,5.89,1.97,1.52,4.6,34,157,High,0,1,0,0.7443181113335121
20,8.13,3.24,3.46,5.8,7.46,102,129,High,0,0,0,0.824108139716096
29,10.86,2.82,0.1,4.28,5.71,229,168,High,0,0,1,0.2688765866596145
35,4.0,4.79,1.52,1.34,7.67,95,173,High,2,0,1,1.5774996056250987
19,3.04,5.85,1.38,3.65,4.68,249,129,High,1,1,0,2.3782886913524037
29,10.28,3.1,1.94,1.38,5.79,142,139,Moderate,1,0,1,0.4902723258489956
35,4.91,2.92,2.68,3.82,8.75,44,29,Low,2,0,0,1.1405292992812017
32,5.77,4.74,0.32,0.58,5.69,218,49,Moderate,0,1,0,0.8769495880503315
28,10.03,3.6,3.5,3.01,5.47,218,125,High,2,0,0,0.7078763003114358
29,11.62,2.48,1.43,1.26,6.79,162,97,Moderate,2,0,1,0.3364887834347003
31,9.86,1.97,3.87,3.12,5.26,122,94,Moderate,2,1,0,0.5922920291793075
19,3.46,1.47,1.41,2.73,5.69,237,78,Low,1,0,1,0.8323697016272538
26,8.72,5.87,1.14,3.0,5.79,50,94,Moderate,1,1,0,0.8038989903785562
33,3.36,3.82,1.34,1.08,4.8,46,166,Low,0,0,0,1.5357138286565986
29,5.93,2.04,0.71,3.38,4.96,68,78,Low,2,1,0,0.46374359801962933
32,10.62,5.4,2.88,0.95,4.53,47,111,Moderate,1,0,0,0.7796609435347513
19,10.47,3.5,3.89,5.26,6.84,174,54,High,1,0,1,0.7058261025954057
26,7.23,5.99,0.82,4.0,7.99,119,147,Moderate,0,0,0,0.9419085834151337
20,9.31,3.4,1.92,3.03,5.88,206,95,Moderate,0,1,0,0.5714285100506434
31,8.71,1.39,0.27,4.32,8.27,208,24,Moderate,0,0,1,0.1905855119878861
20,4.21,2.81,1.48,4.33,6.71,35,50,Low,2,0,1,1.01900213325365
29,7.84,5.83,1.77,3.65,6.18,242,39,Moderate,1,1,0,0.9693876314556592
33,7.67,2.98,0.84,4.8,7.63,81,104,Low,1,0,1,0.49804426361874005
25,9.88,5.94,1.31,4.44,5.41,227,109,High,0,0,0,0.7338055937443732
28,10.53,0.93,0.41,2.61,5.31,199,134,Moderate,0,0,0,0.1272554485037561
22,7.63,2.76,0.54,4.35,5.19,45,133,Low,0,1,0,0.43250321985541024
30,3.03,3.97,1.94,1.78,5.84,73,68,Low,1,0,1,1.9504944057774238
30,11.73,1.64,2.9,2.69,4.83,123,178,Moderate,2,1,0,0.38704174023514576
28,4.36,2.48,2.89,0.98,7.55,206,73,Low,0,0,1,1.2316510936580058
24,9.02,5.58,1.46,1.95,7.85,188,94,Moderate,0,0,1,0.780487718349477
22,10.4,5.95,1.34,4.1,5.19,63,80,Moderate,1,1,0,0.7009614710613971
30,11.05,5.79,3.97,3.87,4.52,113,150,High,0,0,1,0.8832578386192002
23,4.77,0.78,1.97,4.64,6.38,223,72,Low,1,1,0,0.576519795278869
34,6.34,3.55,2.1,1.35,5.67,73,171,Moderate,1,0,1,0.8911670518663957
35,3.38,5.31,2.87,3.19,8.82,231,66,Moderate,0,0,0,2.420117627184134
30,3.01,4.21,0.04,1.89,8.48,114,21,High,1,0,0,1.411959663800776
30,6.12,2.28,2.38,3.87,8.85,29,180,Moderate,2,0,1,0.7614377840787935
22,4.47,1.43,0.73,1.89,4.58,122,76,Low,2,0,0,0.48322136840685276
33,10.54,1.05,3.39,2.6,5.59,171,35,Moderate,0,1,0,0.42125233194949424
22,7.93,1.1,3.26,1.69,6.99,193,45,Moderate,2,0,0,0.5498107755598013
27,4.23,1.94,2.38,1.44,5.58,58,74,Low,2,1,0,1.0212763543081904
21,4.72,2.96,3.75,1.44,7.47,61,82,Low,1,0,1,1.421609868302994
21,9.43,1.78,0.92,1.39,5.95,117,44,Moderate,1,0,1,0.28632022414419683
26,11.05,4.33,1.1,4.54,8.1,93,29,High,2,0,1,0.49140267046129676
29,4.94,0.88,1.1,3.54,4.5,139,25,Low,1,0,0,0.4008096354636365
19,4.16,5.72,3.64,4.47,6.0,140,56,High,1,1,0,2.249999459134745
22,5.62,4.96,2.67,3.65,7.68,241,131,High,2,1,0,1.3576510039766896
34,4.41,2.04,0.66,1.38,5.34,61,150,Low,0,0,1,0.6122447591281726
28,4.59,1.4,1.35,5.97,6.23,144,22,Low,2,0,1,0.5991284097759456
21,11.99,2.15,0.69,2.36,5.22,171,54,High,1,0,1,0.23686403362268277
18,7.7,5.03,2.27,3.66,5.52,243,179,Moderate,1,0,1,0.9480518249283345
24,4.77,5.75,1.11,2.44,5.39,107,156,Moderate,2,0,1,1.4381548347683786
34,7.02,4.04,2.33,4.83,4.86,226,171,High,0,0,0,0.9074072781471114
35,7.34,3.64,0.24,4.35,5.33,227,137,Low,0,1,0,0.5286102822056836
33,3.04,2.82,3.55,3.57,7.21,97,143,Low,1,0,0,2.0953940475677473
29,4.51,3.91,1.08,1.87,6.15,185,112,Low,0,0,1,1.1064299098825034
22,7.12,5.66,3.74,0.5,5.28,229,48,Moderate,1,1,0,1.3202245336763296
19,11.03,5.31,1.42,2.76,7.44,38,51,High,1,0,1,0.6101540697956419
34,3.24,4.06,2.28,1.96,4.72,100,160,Moderate,1,1,0,1.9567895195094074
31,10.39,1.44,1.16,4.71,7.92,203,54,Moderate,1,1,0,0.25024059189214704
31,8.71,2.12,0.88,5.28,7.63,249,68,High,1,1,0,0.3444316481708785
21,3.39,0.86,2.7,5.65,6.9,186,22,Low,2,0,1,1.0501471828474387
20,9.73,1.52,3.97,1.4,8.37,122,85,High,1,1,0,0.5642342688351214
31,6.94,3.94,1.53,2.05,6.78,180,74,Moderate,2,0,1,0.7881843244691175
20,9.61,4.52,2.93,1.1,5.82,234,89,High,0,0,1,0.7752340504439074
27,11.48,1.08,2.96,3.15,7.72,187,20,Moderate,1,0,1,0.3519163456518863
19,6.95,4.34,2.75,4.53,8.13,165,59,Moderate,1,0,1,1.0201437381088145
31,5.6,5.38,0.34,0.9,6.56,191,85,Moderate,0,0,0,1.0214283890306448
29,10.07,1.69,1.46,3.37,6.55,101,24,High,0,0,0,0.312810296642473
21,5.41,1.96,0.91,5.65,5.99,25,160,Low,1,0,0,0.5304989777266215
19,9.17,0.86,3.11,3.47,5.02,105,46,Moderate,2,0,1,0.43293343152307184
33,10.61,1.91,3.01,3.89,5.68,29,115,Moderate,1,0,1,0.463713434145765
26,11.58,5.3,0.75,2.25,5.47,237,24,Moderate,1,1,0,0.5224524592009966
18,6.95,2.27,0.13,4.06,5.88,228,60,Low,0,0,1,0.34532369132033214
31,9.07,1.21,3.06,1.77,5.56,29,40,Moderate,2,0,1,0.47078274853552937
21,11.5,4.38,1.08,0.82,8.15,176,144,Moderate,2,0,1,0.4747825674102116
22,8.96,5.15,2.57,3.34,6.51,250,93,Moderate,1,0,0,0.8616070466956421
26,8.72,2.14,1.32,0.74,6.32,86,180,High,0,0,0,0.39678894532236864
26,7.94,5.33,0.15,0.89,7.95,164,178,Moderate,2,0,0,0.690176235494177
24,3.17,2.84,1.88,3.9,5.55,118,131,Low,0,1,0,1.488958520833274
34,9.22,1.24,3.84,3.27,8.07,182,106,Moderate,2,0,1,0.5509760790698396
21,11.94,3.0,0.71,3.59,7.52,222,125,Moderate,2,1,0,0.31072024198322934
20,7.02,5.86,0.6,4.96,5.96,49,50,High,1,0,1,0.9202277891413406
31,9.98,5.88,3.4,0.61,5.72,192,76,High,2,0,0,0.9298596262665705
33,4.95,2.77,3.1,2.8,8.5,72,70,Low,2,0,0,1.185858346291243
30,9.32,4.04,1.97,0.55,7.72,110,20,High,0,1,0,0.6448497162178416
19,7.94,0.74,2.5,1.53,4.72,201,166,Moderate,0,0,0,0.40806040200750604
27,5.8,0.93,2.3,2.08,4.8,52,81,Low,0,0,0,0.5568964557075077
18,9.29,3.78,3.01,3.71,8.86,132,117,High,0,0,1,0.7308933551245044
35,4.89,3.21,1.05,0.58,5.1,43,130,Low,2,0,0,0.8711654660193321
31,6.95,2.54,3.88,5.98,8.06,91,63,Low,1,0,0,0.9237408742818886
32,6.19,5.67,3.44,5.41,7.29,33,152,Moderate,2,1,0,1.4717283567482458
19,4.92,3.23,2.22,2.93,6.12,121,135,Low,0,0,0,1.1077233520887495
25,5.33,4.34,3.91,2.06,7.19,54,142,Moderate,0,0,0,1.547842111099041
35,3.4,5.05,0.1,3.21,4.9,20,44,Moderate,2,0,1,1.514705436851342
22,10.62,1.91,0.39,4.73,4.54,195,172,High,1,0,1,0.21657248431520865
34,7.81,4.88,0.46,2.7,4.88,24,142,High,1,0,1,0.6837387088682831
19,5.53,4.81,1.16,4.19,8.51,122,34,Moderate,2,0,1,1.0795658083967796
23,11.87,4.29,3.53,1.23,4.97,107,83,High,0,1,0,0.6588036513223546
23,7.71,2.16,3.18,2.46,5.99,56,38,Moderate,2,0,1,0.692606914058766
34,10.27,5.47,3.49,3.94,8.54,237,64,High,1,1,0,0.872443926733795
20,7.79,1.47,2.16,3.56,6.35,220,178,Low,1,0,1,0.4659819684233673
32,11.14,2.58,2.58,0.7,8.86,35,146,High,1,0,1,0.4631956496233708
27,6.99,4.65,0.42,4.43,7.44,66,161,Moderate,0,0,1,0.7253217846463828
33,7.83,4.88,0.63,1.61,6.3,188,35,High,0,0,0,0.703703613830956
30,9.62,5.01,3.73,2.75,4.9,116,124,Moderate,2,0,1,0.9085238140827637
27,4.16,2.53,1.69,3.54,7.9,75,157,Low,1,0,1,1.0144228330714342
27,8.63,0.6,0.93,3.66,6.3,154,65,Moderate,1,0,1,0.17728850784605935
21,11.99,2.12,2.12,5.98,5.12,202,118,Moderate,0,1,0,0.35362799385921656
29,8.97,1.61,1.92,3.06,7.2,46,173,High,1,1,0,0.3935339583574183
20,6.23,3.34,3.06,4.91,8.6,81,85,Low,0,0,1,1.0272871545285467
26,6.12,4.64,2.03,1.6,6.73,153,42,Moderate,1,0,0,1.089869102962565
18,7.12,5.53,0.89,5.14,4.71,71,167,Moderate,2,0,0,0.9016852666172378
34,6.85,2.96,1.33,0.5,8.0,68,96,Low,2,0,1,0.6262772808354334
25,6.53,2.99,0.87,2.64,5.71,84,135,Moderate,1,0,1,0.5911178267813435
25,4.35,2.24,1.66,0.85,5.74,245,55,Low,1,0,0,0.8965515180341339
35,6.08,2.94,0.65,2.97,6.13,146,136,Moderate,1,0,0,0.5904604292005873
18,3.72,4.18,3.06,3.78,5.88,249,30,High,2,0,0,1.9462360359580548
34,10.11,5.48,2.71,5.6,7.45,129,47,High,0,0,0,0.8100889406440219
30,5.96,0.5,0.9,5.66,6.62,51,87,Low,0,0,1,0.23489928944642793
18,10.02,3.42,3.13,2.8,6.1,228,180,Moderate,1,0,1,0.6536925495316818
30,7.31,2.64,1.82,4.69,6.03,231,81,Moderate,1,0,0,0.6101230355508843
29,5.96,2.7,1.19,5.67,5.32,32,163,Low,0,0,0,0.6526844542475748
33,10.79,2.47,3.51,4.34,7.25,216,17,High,2,0,1,0.5542168161059485
23,10.51,0.84,3.43,3.31,5.99,205,52,Moderate,2,0,0,0.4062796949305714
34,5.1,4.08,2.59,1.97,4.61,230,164,Moderate,2,0,1,1.3078428808151215
28,5.8,5.3,0.71,2.04,5.2,249,81,High,2,0,1,1.0362067178953935
31,7.64,2.62,2.9,3.95,7.7,162,177,Moderate,2,1,0,0.7225129944354719
26,11.44,1.46,0.66,2.92,6.59,48,104,High,1,0,1,0.18531466911585062
20,6.07,2.74,3.36,2.72,4.79,145,69,Low,1,0,1,1.0049421738151278
34,9.5,1.59,1.17,4.34,8.92,39,160,High,0,0,0,0.29052628520775947
21,6.82,2.21,2.7,2.68,7.76,153,162,Moderate,1,1,0,0.7199412434103748
20,7.52,1.49,1.86,5.86,7.33,52,80,Moderate,2,1,0,0.44547866416507126
32,3.92,5.13,0.37,1.97,7.5,111,132,High,1,0,1,1.4030608665661055
23,4.73,2.23,0.61,3.27,8.91,26,173,Low,0,1,0,0.6004227060417111
26,6.07,1.21,1.14,5.08,8.18,44,31,Low,1,1,0,0.3871498538468115
35,4.02,3.61,0.34,1.01,7.22,20,130,Low,1,0,1,0.9825868202520348
31,11.78,3.83,3.31,1.14,4.94,237,115,Moderate,1,0,1,0.6061120028767402
24,4.74,5.39,0.65,2.27,4.54,77,107,Moderate,2,1,0,1.2742613345440221
21,4.44,5.71,2.79,2.98,7.96,172,32,High,2,0,0,1.9144139832400937
19,5.09,4.37,1.92,2.48,6.9,205,47,Moderate,0,1,0,1.235756142287595
26,10.21,1.69,1.23,2.64,8.61,69,116,High,2,0,1,0.28599409539724824
31,5.12,3.98,3.33,5.91,5.9,99,163,Low,0,1,0,1.4277340961456844
22,10.06,5.23,3.05,3.6,7.35,116,20,Moderate,2,0,1,0.8230615484034247
22,9.81,0.99,3.32,1.96,5.68,74,179,Moderate,2,0,0,0.43934755969953515
33,7.87,1.43,2.3,4.56,6.76,54,45,Low,0,0,1,0.4739516551522674
34,4.73,4.66,3.89,5.34,8.63,46,109,High,2,0,0,1.8076106114988135
33,11.86,0.93,2.24,4.64,7.75,119,146,High,0,0,1,0.2672849690316216
18,3.06,5.85,2.73,4.33,8.42,153,19,Moderate,2,0,0,2.8039206523135123
24,11.26,2.79,3.66,3.21,5.38,46,42,High,1,0,1,0.572824105433028
22,8.2,4.67,1.9,4.54,4.98,117,174,Moderate,0,0,0,0.8012194144854374
27,3.59,4.04,1.27,4.35,5.08,235,109,High,1,1,0,1.4791082230896315
18,11.01,5.93,1.68,3.36,4.98,41,102,High,2,1,0,0.6911897646512476
30,5.63,3.85,1.46,5.15,5.38,88,170,Low,0,0,1,0.9431614665787804
31,3.3,1.14,0.79,1.61,7.34,222,22,Low,0,0,1,0.5848483076217249
23,11.34,4.22,3.99,3.51,8.36,185,153,Moderate,1,0,0,0.7239858268090101
31,5.49,5.36,1.32,2.46,8.96,194,118,High,0,1,0,1.2167575197162988
28,11.03,4.01,1.8,4.86,8.79,94,40,High,2,1,0,0.5267451924981693
21,8.64,1.79,2.58,3.69,7.62,228,117,High,2,1,0,0.5057869784968775
20,11.84,5.53,1.33,3.27,8.89,155,25,Moderate,0,0,1,0.57939184295677
18,3.29,4.86,2.71,3.42,8.94,103,153,Moderate,1,0,1,2.300911154738251
35,3.41,3.13,0.86,3.09,7.88,59,28,Low,2,0,1,1.170087633405386
29,4.85,0.84,1.01,3.02,6.98,225,63,Low,0,0,0,0.38144322032098554
18,5.87,4.59,2.21,1.84,8.3,118,34,Moderate,0,0,0,1.1584325113402876
34,10.38,2.17,2.63,4.48,7.97,209,49,Moderate,2,1,0,0.462427701114865
27,9.11,1.41,1.31,1.87,7.07,57,97,High,1,0,0,0.29857296393271526
21,11.43,4.15,2.87,4.31,7.8,164,153,Moderate,0,0,1,0.6141731746130207
22,4.09,1.3,1.02,3.23,6.44,48,39,Low,1,0,0,0.5672370251254218
19,8.39,4.62,3.71,1.25,7.55,228,34,High,1,0,1,0.992848510983491
20,11.25,5.15,0.24,0.92,5.24,73,71,High,0,0,0,0.47911106852346064
30,6.04,2.53,3.95,4.08,8.58,67,71,Moderate,2,0,1,1.0728475044954464
27,3.89,1.82,1.13,5.4,5.29,149,20,Low,1,1,0,0.7583545608343031
34,9.07,5.23,2.29,4.02,6.04,177,109,Moderate,2,0,1,0.8291068545637427
20,6.92,1.77,0.61,5.74,6.71,41,21,Moderate,1,0,0,0.3439305861371985
21,11.58,5.08,1.49,0.94,8.81,109,132,High,2,0,0,0.5673574639587683
28,3.82,2.22,1.43,5.86,6.16,179,123,Low,2,1,0,0.9554971320688137
21,7.36,1.21,1.22,1.95,6.86,184,58,Low,0,1,0,0.3301629986191577
20,8.79,3.02,0.69,2.23,4.98,185,77,High,0,0,1,0.4220704866814009
28,10.57,3.34,0.44,5.94,4.98,112,112,Moderate,1,1,0,0.3576158602066357
19,10.95,2.04,0.26,0.59,5.02,73,31,Moderate,1,1,0,0.21004564291820613
27,5.24,4.03,2.01,5.31,4.63,237,110,Moderate,2,0,0,1.1526715357497068
33,3.21,4.13,1.71,4.57,7.04,122,174,Moderate,1,0,0,1.819314074980039
30,9.05,2.9,3.12,0.93,5.45,23,129,High,1,1,0,0.6651932966637241
32,9.36,1.55,2.26,3.28,8.76,133,43,High,2,0,0,0.4070512385629019
19,8.92,4.8,2.54,1.2,4.93,56,138,Moderate,0,1,0,0.8228698629069661
29,11.39,4.49,0.94,4.45,5.12,215,156,Moderate,1,1,0,0.47673393531747715
31,11.05,5.72,1.73,2.73,8.38,245,135,High,1,1,0,0.6742080837820738
33,4.03,3.82,2.11,4.45,5.99,37,43,Low,1,1,0,1.4714636547236586
19,11.22,3.22,1.29,2.53,8.65,122,17,Moderate,1,0,0,0.40196074848834684
23,9.52,2.16,3.19,3.46,8.91,202,111,Moderate,0,0,0,0.5619747308850073
32,8.82,3.23,3.46,3.36,4.6,185,132,High,0,0,1,0.7585033153624359
27,5.51,0.83,2.93,5.04,7.98,174,80,Low,1,0,1,0.6823955204363847
24,6.65,2.85,0.21,2.2,7.9,221,132,Moderate,2,1,0,0.46015030674431473
34,4.52,3.19,1.76,1.71,8.21,138,88,Low,1,0,1,1.0951325010768804
22,7.17,1.79,3.95,4.03,7.38,183,147,Moderate,2,0,0,0.8005577684019849
33,5.94,2.07,3.28,4.85,5.75,216,177,Low,2,0,1,0.9006732490449074
18,9.51,3.81,2.88,3.12,6.49,34,94,Moderate,1,1,0,0.703469957574137
18,3.64,1.58,3.1,1.94,5.18,64,104,Low,0,0,0,1.2857139324961722
32,9.22,1.92,1.47,2.38,7.41,180,56,High,0,0,0,0.36767891890684173
35,6.2,2.26,3.69,2.72,8.61,214,84,Low,1,1,0,0.9596772645681829
18,4.66,0.78,0.29,2.8,8.57,123,25,Low,1,0,1,0.2296136846322565
19,11.59,5.32,0.43,2.03,6.58,32,174,Moderate,0,0,0,0.4961172997310354
19,3.49,1.81,0.64,1.14,7.08,119,174,Low,0,0,1,0.7020055295113096
18,6.8,2.41,1.59,3.63,8.6,49,100,Moderate,2,0,1,0.5882352076124695
29,4.14,2.68,2.32,1.95,4.97,210,21,Low,2,0,1,1.2077291768770104
30,7.43,4.61,1.19,5.71,6.35,82,62,High,1,0,0,0.7806190066461635
21,8.42,3.1,3.17,5.4,6.33,106,148,High,0,0,1,0.7446554935088487
24,5.43,1.48,0.13,5.05,8.56,75,35,Low,0,1,0,0.296500866206102
23,4.29,3.07,2.47,5.72,8.42,149,160,Low,1,1,0,1.29137499035548
35,9.55,0.68,1.94,2.66,8.49,184,135,Moderate,2,0,1,0.27434552101094023
34,3.52,1.07,3.23,0.68,6.08,195,163,Low,0,1,0,1.2215905620481358
22,4.89,3.22,0.18,2.08,6.86,27,116,Low,2,0,0,0.6952963813299835
35,9.13,2.7,1.0,0.69,8.3,202,58,High,1,0,1,0.40525734882175807
27,4.17,3.72,0.79,3.73,6.61,53,45,Low,1,0,1,1.0815345128214597
30,8.51,4.59,0.14,3.1,6.21,32,53,High,1,0,0,0.5558166209381175
20,8.28,0.74,3.18,1.59,6.59,28,57,Moderate,1,0,0,0.4734298945132978
18,4.85,2.77,3.31,1.43,8.77,229,62,Low,1,0,0,1.2536079889468066
30,3.09,3.46,3.59,2.47,4.89,169,166,Low,1,0,1,2.281552659691696
25,4.58,1.52,1.62,3.83,7.92,39,140,Low,0,0,1,0.6855893699586528
23,9.13,1.48,3.87,0.92,7.19,55,52,High,2,1,0,0.5859802205936231
35,5.32,3.54,1.32,5.24,8.85,119,37,Low,1,1,0,0.9135336628696122
26,10.77,5.61,3.36,5.44,6.84,240,75,Moderate,0,1,0,0.8328690034476322
27,3.43,1.61,3.25,1.57,6.8,120,177,Low,2,0,0,1.4169092078981902
34,6.65,4.04,0.09,5.7,6.67,114,121,Moderate,0,1,0,0.6210525381875882
22,7.36,2.51,2.46,4.31,7.47,24,86,Low,0,1,0,0.6752716473815695
25,7.07,0.98,0.57,1.11,8.12,93,130,Low,1,0,1,0.21923617832585876
22,9.17,5.94,2.81,3.92,8.43,103,81,Moderate,1,0,1,0.9541983692259141
25,11.46,4.52,3.49,3.31,5.14,99,22,High,0,0,1,0.6989528185905045
34,3.94,5.5,1.67,0.91,6.76,170,144,High,0,1,0,1.8197964924374384
24,5.08,4.48,1.75,5.97,8.0,104,47,Moderate,1,0,0,1.2263777113429701
33,5.09,1.24,2.81,4.38,5.31,249,52,Low,1,1,0,0.7956776432853353
28,3.45,1.03,2.47,3.68,8.0,67,160,Low,1,1,0,1.014492459567403
20,9.34,2.67,3.26,5.94,8.02,128,16,High,0,1,0,0.6349035722801315
25,4.79,2.84,3.25,0.53,7.81,107,133,Low,0,0,1,1.2713984819627386
27,11.16,3.13,3.9,1.01,4.89,249,49,Moderate,1,0,1,0.6299282589670019
21,8.25,0.98,1.05,2.7,8.67,240,28,High,0,1,0,0.2460605762350817
30,7.12,4.56,1.68,5.31,6.1,178,163,High,2,0,1,0.8764043712915207
32,6.65,4.57,0.55,2.58,8.93,166,161,High,1,1,0,0.7699246962519254
32,9.0,4.56,0.79,4.24,8.88,95,170,High,1,1,0,0.594444378395069
21,7.48,3.08,1.09,5.45,5.17,57,40,Low,2,0,1,0.5574865564857544
21,10.29,4.87,3.37,1.55,6.81,191,162,High,0,1,0,0.8007773760177479
21,7.08,1.06,2.65,3.75,6.14,80,158,Low,2,1,0,0.5240112254221433
33,3.91,2.14,0.83,5.76,4.89,75,96,Low,2,1,0,0.7595905985701794
20,9.27,5.8,2.42,5.8,8.85,248,112,High,0,0,0,0.8867312959297415
20,9.31,5.29,3.46,1.66,8.72,182,144,High,0,1,0,0.9398495231096109
33,10.21,3.49,3.86,4.29,5.16,121,153,High,2,0,1,0.7198823976608817
19,4.56,3.32,1.21,3.03,7.53,126,161,Low,0,0,1,0.9934208347761326
23,6.32,2.11,2.42,1.09,5.86,83,122,Moderate,0,1,0,0.7167720384854368
25,6.73,4.31,3.39,0.95,4.95,231,17,High,0,0,1,1.1441305877963464
18,7.36,4.18,2.78,1.8,6.61,52,142,High,1,0,1,0.9456520454277111
29,11.67,4.93,0.7,2.99,6.88,216,167,High,0,1,0,0.48243354906310637
31,7.02,1.27,0.21,0.99,6.44,176,65,Moderate,0,0,1,0.21082618079399135
32,5.82,4.29,2.23,4.3,6.71,86,18,High,0,0,0,1.1202747216022813
25,10.89,2.99,1.34,4.9,5.67,234,41,High,1,1,0,0.3976124520098759
25,8.43,3.06,3.38,3.12,5.77,132,122,High,2,1,0,0.76393822491836
26,4.17,5.64,3.01,3.89,6.27,124,29,Moderate,1,0,1,2.074340030134285
34,4.67,1.14,0.84,3.9,8.96,144,146,Low,1,0,1,0.42398277859041145
29,8.56,1.09,2.43,5.35,6.6,83,146,Moderate,1,0,0,0.4112149052319037
26,5.04,4.31,0.78,2.73,6.76,44,34,High,0,1,0,1.0099204345395962
28,8.37,2.33,3.91,3.83,8.66,226,27,Moderate,2,0,1,0.745519624191204
26,7.84,1.8,3.21,3.84,7.79,200,53,Low,1,0,0,0.6390305307359017
24,9.31,4.73,1.2,1.71,5.91,164,45,High,0,0,0,0.636949448233142
19,8.22,3.04,1.56,2.21,5.14,112,141,High,1,1,0,0.5596106375169541
33,8.73,3.06,3.71,0.61,6.16,138,125,High,0,0,1,0.7754867382031227
32,8.13,3.84,1.28,4.17,4.5,27,116,High,1,1,0,0.629766220200957
33,4.53,4.9,0.91,5.73,6.34,112,25,High,2,1,0,1.2825604232758447
34,4.38,1.33,0.21,1.29,5.93,213,68,Low,0,1,0,0.35159809324244445
20,10.05,1.02,1.76,5.47,8.23,134,60,High,0,0,0,0.27661688789881717
22,5.17,3.27,2.78,0.65,7.26,146,103,Low,1,0,1,1.1702125396107272
27,5.55,5.04,0.93,1.66,8.75,218,177,High,1,1,0,1.0756754818602734
19,4.86,2.1,0.8,0.79,5.12,42,68,Low,1,0,1,0.5967076961506799
26,8.95,4.57,3.22,0.73,6.15,210,159,High,1,0,1,0.8703909642021271
33,9.65,3.94,0.78,2.07,7.59,79,176,Moderate,2,0,1,0.48911912029853677
22,10.49,1.05,3.4,1.38,8.1,191,19,Moderate,2,1,0,0.4242134962618212
20,7.75,2.57,3.97,4.16,5.01,41,21,Low,0,0,1,0.843870858855373
35,5.17,2.7,2.31,3.14,4.53,192,50,Low,2,0,1,0.9690520369338419
28,5.16,2.47,1.24,4.13,8.57,175,63,Low,1,1,0,0.7189921087224596
30,4.46,4.94,2.65,1.77,7.66,179,51,High,0,0,1,1.7017933404050805
20,5.35,0.56,0.18,4.03,7.45,179,108,Low,0,0,1,0.13831773115556428
28,5.12,5.73,3.13,5.33,4.9,118,138,High,0,0,0,1.7304684120178881
28,10.38,5.71,1.18,4.18,8.37,197,91,Moderate,1,0,1,0.6637764293086291
29,7.93,4.49,2.96,0.65,4.51,48,177,High,2,0,0,0.939470247229477
27,7.96,2.21,2.38,0.52,5.72,113,41,Low,2,1,0,0.5766330933878023
22,4.53,4.47,1.81,2.31,7.26,54,103,Moderate,2,1,0,1.386313159754269
24,4.58,4.3,0.42,0.79,7.38,53,145,High,0,1,0,1.03056746057479
28,10.36,2.96,3.97,5.37,5.01,130,69,High,2,0,1,0.668918854351462
31,9.93,5.63,2.98,1.64,4.6,66,55,High,1,0,0,0.8670693990866668
35,8.61,1.46,3.62,3.19,6.38,45,68,Moderate,1,0,1,0.5900115458755465
29,11.66,5.65,1.59,0.85,8.79,173,98,High,0,1,0,0.6209261903150781
27,7.49,5.55,3.04,2.85,5.38,135,157,High,0,0,0,1.1468623301919452
34,6.19,2.86,1.25,3.24,6.38,111,97,Moderate,1,1,0,0.6639740445922382
35,6.66,2.51,3.33,2.68,7.2,218,163,Low,1,1,0,0.8768767452137018
29,8.27,0.53,2.46,5.3,8.29,125,143,High,1,0,0,0.3615477192808079
30,11.62,3.25,1.43,5.16,6.95,221,91,High,1,1,0,0.4027538379729916
34,9.34,5.0,0.73,2.54,7.72,46,121,Moderate,1,0,1,0.6134902983415099
23,3.25,3.88,0.72,1.46,5.33,218,72,Low,0,0,1,1.4153841798817905
30,11.81,5.33,0.54,3.21,5.6,204,39,High,1,0,1,0.4970363677361247
33,8.67,2.23,0.39,4.2,8.77,90,109,High,2,1,0,0.3021914299663864
25,5.98,5.25,1.17,3.85,8.26,194,172,High,0,1,0,1.0735784157895625
29,11.3,4.05,2.4,2.37,5.1,203,136,Moderate,1,1,0,0.5707964096640344
19,3.59,0.99,2.67,4.65,6.56,216,31,Low,1,1,0,1.01949832325952
31,10.66,3.6,2.44,1.03,8.42,100,15,Moderate,1,0,1,0.5666040744273851
32,11.1,5.79,0.25,5.16,6.13,145,108,High,0,0,0,0.5441440951221537
26,4.51,0.59,1.2,0.59,6.79,95,37,Low,0,0,0,0.39689569913620865
19,10.5,3.51,0.7,2.31,7.68,99,45,Moderate,0,0,0,0.4009523427664436
29,10.51,4.68,3.93,5.9,8.35,232,163,High,2,1,0,0.8192197127288571
31,8.28,1.12,3.04,4.99,5.27,158,82,High,2,0,1,0.5024153982590099
28,11.8,4.82,2.35,2.5,8.86,144,133,Moderate,2,1,0,0.6076270671502485
31,8.39,4.11,3.28,2.64,7.53,248,79,Moderate,1,0,0,0.8808103836936373
31,4.12,0.56,2.85,2.45,4.85,55,21,Low,1,0,1,0.8276697020219169
21,6.01,4.8,0.82,1.94,5.68,69,158,Moderate,2,1,0,0.9351079974861901
33,6.23,5.27,2.78,1.98,7.62,82,153,Moderate,2,1,0,1.2921346240554372
35,7.64,3.96,2.65,5.2,7.56,50,74,Low,1,1,0,0.8651831328294328
24,3.84,1.79,1.1,3.96,6.49,191,134,Low,0,0,1,0.7526039706760493
33,9.95,2.79,0.98,3.3,7.92,177,180,Moderate,2,0,1,0.37889443428196645
23,4.55,0.78,2.03,1.28,8.46,98,87,Low,2,1,0,0.6175822818500478
33,7.63,5.32,2.25,2.78,5.65,110,136,Moderate,0,0,1,0.9921361740319563
28,11.92,3.75,0.06,4.8,7.34,150,90,High,1,1,0,0.31963084566855327
21,7.85,4.8,3.32,5.91,8.33,221,39,Moderate,1,0,0,1.0343947726885638
19,5.02,5.39,0.24,2.38,7.5,166,58,High,2,1,0,1.1215137208139998
25,5.21,2.41,0.46,2.75,5.23,61,27,Low,1,0,1,0.5508636178764649
31,7.98,6.0,1.62,0.95,6.23,135,17,Moderate,1,0,1,0.9548870983850754
22,11.51,5.03,1.07,3.01,7.99,116,125,Moderate,2,0,0,0.5299738896634328
22,10.45,1.2,3.03,1.85,7.76,31,177,High,0,0,0,0.4047846502598421
30,7.88,4.29,3.94,5.01,5.97,171,48,High,0,0,0,1.0444161111147068
26,9.02,4.47,1.11,3.77,5.13,95,134,High,2,0,0,0.6186252085781366
26,10.08,2.19,0.5,1.09,8.26,125,74,High,2,0,0,0.26686505289037177
28,3.91,2.06,1.03,2.81,8.1,144,94,Low,1,0,0,0.7902811278053381
22,9.33,3.31,2.04,4.16,6.27,117,96,Moderate,2,0,0,0.5734190167825277
25,11.83,3.12,2.23,1.35,5.57,172,40,High,1,0,0,0.4522400293964472
34,4.97,1.68,1.94,5.43,5.1,218,127,Low,1,1,0,0.7283700747746329
26,4.04,5.98,3.88,5.94,4.51,72,149,Moderate,1,0,0,2.4405934552986492
33,4.24,1.76,3.46,3.0,5.16,133,91,Low,2,1,0,1.231131785110428
33,3.44,4.21,3.42,1.8,5.56,174,157,High,2,1,0,2.2180226110399386
25,11.6,1.38,3.97,3.42,8.62,68,178,High,1,1,0,0.46120685679251233
23,11.53,3.4,1.12,5.93,7.95,245,40,Moderate,2,0,1,0.39202078126445955
21,11.21,4.89,2.41,1.99,7.03,147,158,High,0,0,0,0.6512042237998016
24,4.8,5.55,2.98,5.41,5.94,68,94,Moderate,1,0,1,1.7770829631077159
32,4.15,0.57,0.2,5.59,7.04,75,62,Low,1,1,0,0.18554212396575323
20,9.13,5.81,1.84,1.11,5.37,54,90,Moderate,0,0,0,0.8378969509422836
26,7.32,1.82,2.29,0.66,6.69,249,49,Moderate,0,0,1,0.5614753331317851
35,11.48,2.87,2.4,0.93,5.16,237,43,High,2,1,0,0.45905919346174273
26,5.62,3.93,0.71,0.71,6.23,169,175,Low,1,1,0,0.8256226288927707
20,11.41,3.61,1.97,3.67,4.98,123,106,Moderate,0,1,0,0.48904465477259823
29,5.48,5.85,3.01,3.07,6.25,49,47,High,1,0,0,1.6167880261335716
29,3.83,5.91,0.08,2.62,6.35,157,104,High,1,0,1,1.5639682600605065
25,7.94,5.22,1.8,4.01,8.07,210,154,High,1,1,0,0.884130871016263
19,11.33,1.09,2.37,0.93,5.22,124,64,High,1,1,0,0.30538390949833105
20,4.25,4.15,3.74,4.59,5.43,213,37,Moderate,1,0,0,1.856470151418788
18,6.27,2.61,1.82,2.12,7.75,64,104,Moderate,0,0,0,0.7065389622744876
30,6.03,4.99,2.82,2.03,6.19,227,34,High,0,0,0,1.2951904983100335
19,4.86,2.36,1.42,4.61,8.34,92,55,Low,0,0,0,0.7777776177412308
31,6.82,5.27,2.98,1.19,6.34,198,138,High,1,0,1,1.209677241982809
18,5.5,2.46,3.01,5.67,7.9,95,58,Low,1,1,0,0.9945452737190411
29,5.6,2.97,0.21,1.99,6.67,178,116,Low,2,0,1,0.5678570414540998
33,11.21,1.72,0.43,0.76,6.07,236,102,Moderate,2,1,0,0.1917930248177498
21,9.95,4.02,3.79,2.25,8.15,85,16,Moderate,0,0,1,0.7849245442286891
32,8.5,4.84,2.81,2.79,6.97,155,146,High,2,0,1,0.8999998941176597
25,6.84,2.26,2.53,2.97,7.94,134,162,Moderate,2,1,0,0.700292295278904
29,9.6,5.57,2.53,4.06,4.76,216,92,High,2,0,0,0.8437499121093842
30,7.64,3.72,1.98,4.2,5.98,226,130,Moderate,2,1,0,0.7460732007757591
28,5.09,4.68,0.43,3.41,6.95,123,127,High,2,1,0,1.0039290758489043
21,10.62,5.42,3.61,4.24,8.35,225,87,High,0,0,0,0.8502824058114496
23,4.95,5.45,0.08,0.55,5.16,223,174,Moderate,1,0,0,1.1171714914805067
20,10.21,3.58,1.94,2.99,6.15,228,61,High,2,1,0,0.5406463721208254
25,9.16,0.61,1.15,4.94,5.73,47,174,Moderate,0,0,1,0.19213971701531474
19,4.9,3.21,2.12,0.58,7.06,204,71,Low,2,1,0,1.0877548800500243
20,7.1,5.08,3.54,4.63,8.77,144,22,High,0,0,0,1.21408433604446
19,7.97,3.12,2.79,3.12,8.87,47,121,Moderate,0,0,1,0.7415306472358034
23,7.41,2.78,0.19,0.74,8.86,183,170,Moderate,1,1,0,0.40080966250881744
18,8.35,3.04,0.25,1.68,6.17,192,116,High,0,1,0,0.3940119288608469
18,7.74,2.36,0.97,3.0,4.53,35,20,Low,0,0,1,0.43023250255394024
21,4.52,2.68,3.32,5.31,8.75,30,96,Low,2,1,0,1.3274333346386429
35,11.18,4.54,2.27,4.84,7.77,48,16,High,1,1,0,0.6091233802215225
19,10.55,1.1,2.46,0.94,8.06,218,123,Moderate,0,0,0,0.3374407263089359
21,8.11,1.92,0.54,5.83,7.16,104,144,High,0,1,0,0.3033291857793853
21,3.57,5.31,0.08,4.81,8.16,84,92,High,2,0,0,1.5098034986544822
19,11.75,4.38,3.69,1.36,7.72,236,147,High,0,0,1,0.6868084521865148
34,3.45,4.32,3.79,3.9,8.87,20,58,High,1,1,0,2.3507239563118962
25,11.68,1.49,0.46,3.05,5.94,148,128,Moderate,0,1,0,0.16695204050068146
22,3.15,1.0,0.83,4.91,5.09,80,42,Low,1,0,1,0.5809521965231123
32,5.52,3.35,0.67,3.31,6.7,22,142,Low,2,0,0,0.7282607376339245
31,5.07,4.34,3.66,2.8,8.4,213,126,Moderate,1,0,1,1.5779089589923156
31,11.51,2.22,2.44,0.89,8.91,30,80,High,1,0,0,0.4048652993166552
28,10.78,5.93,3.88,4.01,8.32,207,92,High,1,0,1,0.9100184684583981
21,5.21,4.98,2.53,1.11,5.39,62,134,Moderate,2,0,1,1.4414584565338855
32,9.93,1.3,3.13,1.45,6.61,116,124,Moderate,1,0,0,0.4461228150933721
27,9.92,4.74,1.16,2.86,5.87,180,85,Moderate,0,1,0,0.5947580045606851
21,10.65,1.79,1.66,4.66,8.52,164,90,Moderate,0,1,0,0.3239436315545886
25,5.75,5.76,2.89,1.7,6.24,151,56,High,2,0,0,1.5043475644612931
29,5.73,5.46,0.6,0.53,8.04,76,172,Moderate,0,0,1,1.0575914384657175
32,8.75,0.9,2.45,5.45,7.52,143,17,Moderate,1,1,0,0.38285709910204585
29,9.74,3.41,2.55,5.11,5.45,110,77,Moderate,0,0,0,0.6119095880996317
35,7.16,4.47,1.62,0.71,7.99,116,66,Moderate,1,0,0,0.8505585404247848
32,10.38,3.83,3.14,1.25,8.42,114,31,Moderate,2,1,0,0.6714835576605437
26,5.65,0.58,0.56,3.18,5.12,23,111,Low,2,0,0,0.20176987579294234
31,8.66,3.54,3.34,3.39,6.22,70,57,Moderate,1,0,1,0.7944571830880851
21,3.79,1.86,2.99,3.02,5.53,172,143,Low,1,1,0,1.2796830396614671
26,10.65,5.81,1.73,5.42,5.1,76,22,High,2,1,0,0.7079811541801733
27,11.46,3.28,0.81,5.48,6.78,210,31,High,1,0,0,0.3568935116148768
19,6.2,2.06,1.9,1.85,8.06,94,140,Low,0,0,1,0.6387095744016815
27,6.0,3.84,3.65,3.56,7.15,65,62,Low,1,0,1,1.2483331252778125
27,3.24,4.08,1.12,1.17,4.54,96,177,Moderate,1,0,0,1.6049377762537727
32,7.74,4.9,1.49,3.61,8.26,28,103,High,2,1,0,0.825581288684588
31,8.35,5.17,0.86,3.62,8.11,207,17,High,2,0,1,0.7221556021370538
29,11.48,3.77,3.44,1.51,7.38,122,67,Moderate,1,1,0,0.6280487257797277
29,4.42,2.49,2.88,3.19,4.64,76,39,Low,0,0,0,1.2149318518253729
21,7.41,4.17,1.46,1.58,5.14,95,159,Moderate,0,0,0,0.7597839730386001
31,8.21,2.21,2.21,5.37,6.64,137,32,High,2,0,1,0.5383677785179319
34,9.13,0.96,0.23,2.42,8.19,157,59,Moderate,0,0,1,0.130339525702133
31,10.07,1.6,3.11,5.21,6.44,216,54,High,2,0,1,0.4677258721225549
35,8.95,4.37,2.23,1.34,7.63,143,99,High,0,1,0,0.7374300852033425
19,9.24,2.92,3.78,5.7,4.66,118,111,High,0,0,1,0.7251081466333175
30,7.66,3.61,1.1,0.93,5.79,166,75,Moderate,0,0,0,0.6148824262555579
35,5.86,5.8,0.68,4.62,5.06,152,25,Moderate,2,0,0,1.1058018590781808
25,4.53,4.27,2.96,3.52,8.4,57,167,High,1,1,0,1.5960261377425742
24,9.26,0.84,1.76,4.97,8.1,151,127,High,2,0,1,0.2807775074754312
28,11.58,2.19,3.48,0.66,6.59,94,101,High,1,0,0,0.48963726341647124
21,8.83,2.11,1.68,5.12,8.21,108,40,Moderate,0,1,0,0.42921852443731323
23,10.97,1.72,3.14,5.39,7.68,70,25,High,2,0,1,0.44302639534855104
34,10.32,2.72,0.22,6.0,5.34,241,101,High,2,0,0,0.28488369332522356
19,11.43,3.67,2.7,0.61,8.71,202,52,High,0,0,0,0.557305288074778
29,10.74,4.54,0.54,4.7,5.65,89,42,Moderate,1,0,1,0.47299809376181623
26,3.13,4.64,1.04,3.63,6.84,151,68,Moderate,1,1,0,1.8146959058479533
20,7.97,4.28,0.03,3.33,4.98,181,70,Moderate,2,0,1,0.5407778493377856
22,7.29,3.62,2.02,3.67,5.49,235,42,Low,2,1,0,0.7736624453137936
31,5.99,1.04,2.1,0.91,7.82,136,122,Low,0,0,1,0.5242069241724667
32,9.15,2.26,0.5,2.76,5.88,220,37,Moderate,2,0,1,0.3016393112962501
21,11.16,5.93,1.61,2.9,8.07,40,139,Moderate,0,1,0,0.6756271796032993
32,11.11,3.63,0.46,2.29,7.71,223,140,High,1,0,0,0.36813678054574434
25,11.57,2.83,1.48,1.01,6.83,52,97,Moderate,1,0,0,0.3725150931274769
24,8.37,3.01,1.88,4.72,5.63,197,64,Moderate,2,0,0,0.5842293208806069
21,5.11,2.34,0.75,2.06,4.56,141,94,Low,1,0,0,0.6046965548539031
27,8.81,2.13,2.8,2.18,5.64,56,44,Moderate,1,1,0,0.5595913099215312
22,11.05,5.48,2.04,5.67,8.81,91,25,Moderate,1,1,0,0.6805429248377444
28,3.6,2.21,2.66,2.55,6.95,189,121,Low,1,0,1,1.3527774020062773
33,10.1,2.11,3.54,0.93,5.89,62,101,High,2,1,0,0.5594058852073382
18,6.82,4.77,3.31,1.24,7.79,178,129,High,1,1,0,1.184750559420739
19,10.89,5.0,2.53,5.27,8.51,79,69,High,1,0,0,0.69145999160147
27,10.62,0.68,2.94,5.96,7.01,71,164,Moderate,0,0,1,0.340866257922198
19,11.12,1.7,3.67,2.01,7.3,82,100,High,2,0,1,0.482913625637264
21,11.28,3.17,2.75,5.57,8.17,33,69,High,0,0,0,0.5248226485086305
27,11.11,4.36,0.39,5.7,8.69,141,145,High,1,0,0,0.4275427157927349
34,8.63,4.49,2.48,5.34,6.59,168,137,High,1,0,1,0.8076476468542704
27,6.75,4.06,2.45,5.62,7.15,65,72,Moderate,2,1,0,0.9644443015638071
35,10.74,5.8,2.89,4.55,5.42,54,141,High,1,0,1,0.8091246918878313
34,5.72,0.6,0.92,5.68,8.73,104,30,Low,0,0,0,0.2657342192772344
21,3.87,4.65,0.16,2.94,6.33,236,39,High,0,1,0,1.2428937356863732
27,8.4,3.12,0.21,4.42,7.34,165,121,High,0,0,1,0.39642852423469954
23,9.8,3.75,0.21,4.75,5.43,128,153,High,0,0,0,0.40408159142024574
33,6.39,1.12,2.55,5.22,6.01,181,97,Low,0,1,0,0.5743348083983085
29,9.67,5.64,3.66,3.95,7.58,97,157,Moderate,2,1,0,0.9617372324987351
23,10.83,5.52,0.13,4.71,7.1,30,94,High,0,1,0,0.5216989361312154
32,3.29,2.72,1.01,5.36,8.09,205,78,Low,0,0,0,1.1337382572224144
20,5.63,3.94,0.5,3.32,8.54,243,115,Low,0,0,1,0.7886321867438388
27,9.55,5.79,2.57,1.48,4.66,46,141,Moderate,1,0,1,0.8753925784929236
28,11.04,5.47,3.07,5.92,7.79,145,160,Moderate,0,0,0,0.7735506545696871
19,8.96,4.5,1.1,2.64,4.86,250,122,Moderate,2,0,1,0.6249999302455435
30,6.53,3.15,1.11,3.16,8.95,101,151,Low,1,1,0,0.6523735601265604
32,7.6,4.33,1.79,1.03,8.48,138,46,Moderate,2,0,0,0.8052630519390721
30,9.49,3.13,2.66,4.64,6.7,22,15,High,2,1,0,0.6101158471953797
26,5.75,1.51,2.02,5.16,8.77,20,17,Low,2,0,0,0.6139129367107936
27,6.81,5.73,3.33,2.19,7.19,188,153,High,2,0,1,1.3303962804117064
26,8.42,1.56,0.71,1.65,7.12,62,111,Moderate,1,0,1,0.2695961675063934
24,7.23,2.55,3.95,4.86,6.89,221,88,Moderate,2,1,0,0.8990316875474844
18,8.22,1.93,3.81,2.08,4.58,149,43,High,0,0,0,0.6982967520320253
29,3.17,0.92,0.65,2.66,7.89,197,110,Low,0,0,0,0.4952679825653052
32,5.09,2.08,2.28,4.13,6.41,65,52,Low,1,0,0,0.8565813641293979
18,4.81,3.55,3.22,5.82,4.77,37,30,Low,1,0,0,1.4074841148681674
21,8.66,4.1,0.96,3.82,6.25,142,169,Moderate,2,1,0,0.5842955445386208
34,4.76,1.58,1.78,2.86,6.81,161,117,Low,2,0,1,0.7058822046465958
21,11.64,1.66,3.48,2.89,6.92,116,104,High,0,1,0,0.44158071807725785
33,10.27,3.99,3.34,3.97,5.56,159,140,Moderate,2,1,0,0.7137292391694997
34,3.23,5.68,1.02,5.53,6.32,190,65,High,1,1,0,2.074302763373757
35,6.55,1.35,2.88,2.75,7.34,67,151,Moderate,0,0,0,0.6458014281219194
32,9.67,2.94,3.1,5.19,8.83,191,73,Moderate,1,0,1,0.6246121380959527
19,6.23,3.67,1.06,2.87,8.77,166,160,Low,0,0,1,0.759229412643754
33,5.53,4.18,0.63,1.91,6.25,34,75,High,1,1,0,0.8698009277032679
30,6.15,3.4,1.09,3.83,7.26,230,119,Low,0,0,1,0.7300811821006208
27,3.19,1.81,1.46,3.1,5.69,123,67,Low,1,0,0,1.025078048564875
34,5.91,0.56,0.56,5.61,7.68,235,73,Low,2,1,0,0.18950927419470825
34,6.86,5.45,3.73,3.63,8.03,88,180,High,1,1,0,1.3381922247533198
26,8.55,2.21,3.02,4.61,6.05,175,139,High,0,1,0,0.6116958348893761
30,10.57,3.9,1.57,4.44,6.69,204,161,Moderate,1,1,0,0.5175023162249465
23,4.27,2.86,3.48,2.58,7.54,213,97,Low,0,1,0,1.4847771698414123
33,3.1,3.03,1.45,0.83,8.31,235,122,Low,2,0,1,1.4451608241416694
25,10.71,4.31,3.59,1.1,6.11,242,156,Moderate,2,0,0,0.7376283158143495
34,11.02,0.89,3.05,5.37,6.74,243,16,High,1,0,0,0.35753172799167626
34,10.96,2.41,2.27,5.27,8.52,60,51,High,1,0,0,0.4270072603095565
28,4.64,1.5,0.38,4.59,6.91,177,94,Low,0,0,1,0.4051723264714814
20,11.19,2.71,2.4,1.65,4.73,161,35,Moderate,2,0,0,0.4566576893067302
18,6.14,4.13,3.06,3.79,7.69,23,125,Moderate,0,0,1,1.1710095812687977
20,10.27,3.35,1.94,0.73,8.13,185,43,High,0,0,1,0.515092452279216
25,10.5,1.3,1.1,1.23,6.48,226,147,Moderate,2,0,1,0.2285714068027232
25,3.07,4.03,2.21,0.81,5.15,148,106,Moderate,1,0,1,2.0325726278265055
21,8.14,1.32,1.63,1.94,7.78,110,150,Moderate,1,0,1,0.3624078178860175
26,5.45,0.58,3.5,3.49,8.73,129,105,Low,1,0,0,0.7486237158488595
19,9.19,2.55,2.04,2.18,6.62,106,117,Moderate,0,0,0,0.4994558760113302
30,11.97,3.71,4.0,2.0,6.26,47,107,Moderate,0,0,0,0.6441102218788453
19,6.75,3.96,3.44,2.88,4.75,232,107,Moderate,1,0,1,1.0962961338820543
29,9.27,2.86,1.94,5.4,5.46,225,136,High,0,0,0,0.5177992968932797
26,5.03,1.34,2.27,3.76,7.67,103,54,Low,2,0,1,0.7176936942954882
21,3.24,3.01,3.63,2.0,4.82,215,93,Low,2,1,0,2.049382083524048
21,3.67,3.98,0.2,2.9,6.37,192,49,Low,1,1,0,1.1389642673121887
25,3.07,5.48,2.15,1.04,5.68,61,78,High,0,0,0,2.485341209986577
24,10.2,4.56,0.72,2.94,7.35,225,108,High,1,0,1,0.5176470080738228
19,9.73,5.77,3.68,0.72,4.72,112,157,Moderate,1,0,0,0.9712229217653728
33,10.49,5.26,0.21,1.01,5.91,76,154,High,2,0,1,0.5214489493375644
21,8.04,0.77,1.92,3.92,8.6,224,85,High,2,0,1,0.33457707281379695
34,10.84,1.13,2.68,5.14,8.92,235,44,High,1,1,0,0.351475982336164
28,5.27,3.0,0.14,5.27,6.33,113,121,Low,1,0,1,0.5958253138851397
35,6.26,5.21,1.25,2.33,8.0,182,117,High,1,0,0,1.0319487169410995
29,8.56,0.75,2.65,2.02,8.65,224,48,High,2,1,0,0.397196215280816
23,6.43,5.85,2.04,2.2,7.41,154,180,Moderate,1,0,1,1.227060462354516
34,5.1,1.7,1.34,5.67,7.47,212,67,Low,2,0,1,0.5960783144944481
24,3.7,5.88,1.38,1.13,4.99,133,16,High,2,1,0,1.9621616318482074
27,5.76,5.88,2.31,1.55,5.27,64,73,High,2,0,0,1.4218747531467442
20,8.49,5.85,1.63,1.38,5.27,153,154,Moderate,2,1,0,0.8810364097719188
24,8.71,4.63,2.78,4.24,5.87,155,129,High,1,1,0,0.85074617098207
33,4.36,3.96,0.42,3.18,6.33,132,139,Low,0,0,1,1.0045869255534574
25,9.67,1.94,1.32,0.97,4.67,100,81,High,0,1,0,0.3371250944027824
29,11.3,3.33,1.73,2.21,5.63,37,124,Moderate,0,0,1,0.4477875709922504
30,5.27,5.51,1.22,2.29,9.0,146,104,High,0,0,0,1.2770396058748377
21,5.48,5.67,0.44,4.27,5.84,39,104,High,0,0,0,1.1149633001891788
34,5.43,4.48,0.35,1.97,7.33,149,32,Moderate,0,0,1,0.889502598618306
29,7.34,1.06,3.83,5.47,4.96,169,106,Moderate,2,0,1,0.6662124432953075
24,7.88,5.22,1.53,0.7,8.42,64,167,Moderate,2,0,1,0.8565988760661325
26,5.17,3.36,3.54,2.6,6.93,155,50,Low,2,0,1,1.3346225658370279
18,10.41,3.82,1.82,0.6,5.9,118,85,Moderate,0,0,1,0.5417866914710191
18,6.4,0.51,1.43,4.48,7.53,177,27,Low,2,1,0,0.3031249526367261
19,3.26,3.21,3.3,1.82,8.98,226,131,Low,0,0,0,1.9969319027816248
28,3.53,5.07,0.58,4.07,8.51,104,164,High,1,1,0,1.6005661188197966
28,10.59,1.4,3.03,4.11,6.15,170,67,High,1,1,0,0.4183191295260501
27,10.59,1.03,2.71,2.41,7.27,131,90,Moderate,0,0,1,0.3531633283131891
18,8.49,3.92,1.83,3.07,8.47,199,95,Moderate,2,0,0,0.6772672936080927
27,3.82,0.88,2.46,0.99,5.4,113,122,Low,0,0,0,0.8743453208520102
23,6.85,0.73,0.51,4.64,7.09,66,57,Moderate,1,0,0,0.1810218713836684
24,7.84,3.78,3.7,2.15,8.44,163,159,Moderate,1,0,0,0.954081510958991
33,5.9,3.78,2.49,3.02,6.29,100,41,Low,2,1,0,1.062711684286155
35,4.69,3.2,1.69,4.75,4.76,40,15,Low,0,1,0,1.0426437009288485
34,7.44,4.82,2.56,4.24,5.68,38,92,High,2,0,0,0.9919353505463239
28,9.79,3.0,2.26,3.4,7.33,178,123,High,0,1,0,0.5372828868965387
29,10.81,1.68,2.49,1.56,6.04,83,101,Moderate,0,0,0,0.3857538958599541
24,9.12,2.08,1.52,5.7,4.6,221,125,High,2,0,0,0.3947367988227195
21,11.66,3.12,1.28,5.4,4.58,31,34,Moderate,0,1,0,0.37735845820253366
21,9.44,1.65,1.35,2.5,5.3,240,121,Moderate,0,1,0,0.31779657650459997
35,6.2,1.93,1.05,1.2,5.24,229,74,Low,1,0,0,0.48064508376692194
26,5.87,5.5,0.43,4.05,5.7,51,173,High,2,0,1,1.010221292977633
34,10.29,4.71,3.84,4.23,7.37,214,170,High,0,1,0,0.830903709338804
24,11.16,4.38,1.57,2.36,8.07,126,171,High,0,0,1,0.5331540740901368
24,3.78,5.32,3.41,2.94,7.05,83,60,High,2,0,0,2.3095231985388365
28,6.05,3.0,3.95,3.58,6.61,183,56,Low,0,0,0,1.1487601407008032
31,5.56,5.93,2.33,0.58,7.25,177,151,High,2,1,0,1.4856112435951
33,9.26,2.9,3.75,5.95,7.06,175,159,Moderate,2,0,1,0.7181424710429298
27,8.06,5.0,2.73,2.0,5.03,80,36,Moderate,2,1,0,0.9590569529706015
27,3.82,2.35,1.98,5.52,6.84,121,70,Low,1,1,0,1.1335075566734145
24,4.49,3.1,0.52,4.76,7.17,122,119,Low,2,0,1,0.8062359006156123
26,4.91,0.99,0.65,0.87,7.71,197,118,Low,0,0,0,0.33401215193235195
24,10.08,5.64,2.94,4.26,5.81,71,35,High,1,1,0,0.851190391746985
19,11.39,4.24,3.99,4.75,6.57,166,121,High,2,0,1,0.7225635888881836
32,8.47,5.94,3.47,2.15,5.65,61,63,High,2,1,0,1.1109797979953013
21,4.52,4.39,3.86,3.52,4.7,55,179,Moderate,0,0,1,1.825220835128134
26,3.43,3.66,3.48,4.51,8.23,169,44,Low,1,1,0,2.081632046171415
29,10.09,3.57,0.06,0.94,5.59,88,137,High,2,1,0,0.35976210507808676
31,5.29,5.39,0.69,2.77,6.54,101,83,High,2,0,0,1.149338157024923
24,8.4,4.48,0.05,2.09,5.64,157,36,Moderate,2,0,0,0.5392856500850417
25,11.36,4.35,3.29,4.93,6.3,186,101,High,0,0,1,0.6725351520655677
23,3.17,1.04,2.59,1.06,5.19,220,113,Low,1,0,1,1.1451100488611832
33,3.01,0.54,3.05,3.07,7.68,175,126,Low,1,0,1,1.1926906336575969
20,3.67,2.38,0.85,1.15,4.75,191,104,Low,0,1,0,0.880108752013964
35,6.5,2.2,2.59,3.07,6.65,108,155,Moderate,1,1,0,0.7369229635503133
33,4.25,4.27,1.29,1.82,4.61,71,62,High,1,0,0,1.3082349862976501
26,11.25,0.87,3.7,1.8,8.65,111,38,High,2,0,1,0.4062221861135835
27,4.42,2.77,1.73,0.98,5.86,74,19,Low,2,0,1,1.0180993171721002
27,9.22,1.15,0.3,5.02,7.38,70,112,High,0,0,0,0.15726679422269044
31,10.94,4.38,1.31,4.61,5.86,63,62,Moderate,2,1,0,0.5201096416718792
28,9.18,5.07,2.05,2.27,5.34,203,167,High,2,0,1,0.7755990440523918
31,6.2,2.91,1.26,1.82,7.39,108,60,Low,2,0,1,0.6725805366805585
30,5.65,5.75,1.15,1.29,8.68,221,179,Moderate,1,0,0,1.221238721904651
26,11.82,3.27,0.03,5.71,8.5,23,42,Moderate,0,1,0,0.27918779363893453
26,8.14,1.89,3.46,4.22,5.06,174,175,Moderate,1,0,0,0.6572480765051503
22,9.57,1.53,3.49,5.71,5.68,100,87,High,1,0,1,0.5245558490537253
31,7.31,2.18,1.92,5.21,5.34,172,146,Low,0,0,1,0.5608754362687501
25,4.86,1.23,2.46,3.59,8.11,204,155,Low,0,1,0,0.7592591030331063
31,9.0,3.16,2.41,2.62,5.83,174,87,Moderate,2,0,0,0.6188888201234645
32,6.19,5.73,3.9,4.56,8.08,159,87,High,1,1,0,1.5557348052124709
31,7.64,1.51,0.63,3.26,7.05,201,118,Moderate,0,0,0,0.2801046753789692
20,9.05,2.53,0.68,5.34,5.21,106,130,Moderate,0,0,0,0.3546960934037466
18,4.72,4.98,3.51,1.72,7.81,143,33,High,0,1,0,1.79872843247279
18,10.48,4.07,3.62,5.3,7.31,112,178,Moderate,1,0,1,0.7337785559371608
22,11.83,0.69,0.61,1.58,8.05,82,110,Moderate,0,0,1,0.10989010060100586
35,8.56,2.48,0.42,1.16,5.58,215,173,Moderate,2,0,1,0.33878500715128423
32,8.41,2.91,3.97,2.65,6.47,156,55,Moderate,0,1,0,0.8180736244858949
30,10.29,4.67,3.34,2.31,5.87,195,81,High,1,0,0,0.7784255803279321
24,3.21,2.72,3.28,2.6,4.79,193,157,Low,2,1,0,1.8691582962123687
19,4.56,3.75,0.32,1.65,7.92,152,84,Low,2,0,0,0.8925436639158633
20,8.21,3.52,3.02,0.92,8.82,132,166,High,0,1,0,0.7965894279428224
32,9.78,2.04,3.84,0.79,5.77,81,58,Moderate,2,1,0,0.6012269323898843
34,5.53,5.73,1.05,5.59,8.08,124,37,High,2,1,0,1.2260395612948352
26,10.48,3.36,2.1,2.32,8.39,248,124,Moderate,0,0,0,0.5209923166992064
18,11.81,4.55,1.93,4.16,4.84,82,136,High,0,0,1,0.5486875064616844
28,8.41,1.17,1.31,2.48,8.45,156,68,Moderate,0,0,0,0.2948870041751482
33,7.65,5.96,0.47,2.06,7.99,202,126,High,2,1,0,0.8405227659447364
24,4.54,5.51,0.23,5.46,7.99,247,60,High,2,0,1,1.2643169021328409
28,9.17,5.11,2.2,3.39,8.62,231,28,Moderate,1,1,0,0.797164580461878
29,5.25,2.36,3.14,5.84,6.79,150,166,Low,1,1,0,1.0476188480726003
25,6.03,1.75,0.33,3.22,6.22,32,51,Moderate,1,0,1,0.34494189967796024
35,8.0,5.29,2.05,4.28,6.57,42,154,Moderate,2,0,0,0.9174998853125144
33,9.03,2.94,0.18,5.86,4.56,229,80,Moderate,0,0,1,0.3455149119031106
23,11.47,1.69,2.82,4.33,8.27,64,94,Moderate,0,1,0,0.39319961698346845
26,9.84,2.2,2.27,3.43,7.15,57,98,Moderate,0,1,0,0.45426824651745473
20,8.32,2.81,2.88,3.85,5.61,112,16,Moderate,0,0,1,0.6838941485704149
20,4.78,0.74,0.11,4.77,8.37,38,137,Low,2,0,1,0.17782423058070487
30,8.01,1.97,1.66,4.88,6.92,54,179,Moderate,2,0,1,0.45318346402203946
27,9.92,5.55,3.54,3.32,6.91,166,115,High,0,0,0,0.9163305527892589
19,5.94,2.92,3.4,2.2,7.9,63,36,Low,2,0,1,1.0639728848530496
30,4.37,4.39,2.33,2.74,8.78,89,164,High,1,0,1,1.5377570851814448
23,10.78,0.88,2.5,0.84,4.75,225,114,Moderate,2,0,0,0.3135435701722106
22,3.9,3.5,1.45,3.55,5.47,108,146,Low,2,0,0,1.2692304437870656
19,10.01,5.61,2.78,0.99,8.53,60,121,High,1,1,0,0.8381617544293953
31,5.84,2.64,1.83,2.34,7.98,48,36,Low,0,1,0,0.7654108278406118
21,7.7,4.11,2.77,3.94,7.96,69,109,High,1,1,0,0.8935063774667042
29,9.49,2.36,1.38,2.82,6.07,202,75,Moderate,2,0,1,0.3940990101054784
31,3.59,2.87,3.04,4.3,6.82,68,17,Low,0,1,0,1.6462390957551265
33,7.86,1.69,3.3,1.18,7.6,36,76,Low,2,0,1,0.6348599701195967
18,5.53,0.76,1.96,4.97,6.39,161,94,Low,2,0,0,0.4918624788675444
19,10.88,2.88,2.94,1.31,6.08,160,140,High,2,0,1,0.5349264214222039
19,4.29,5.54,2.94,3.6,5.72,69,116,Moderate,0,0,1,1.9766895159231899
31,10.93,3.42,2.16,2.59,6.34,126,35,High,0,0,1,0.5105214537491809
33,10.97,3.0,2.84,2.25,7.19,203,161,High,2,0,1,0.5323609359743905
21,6.22,2.0,2.16,3.88,8.66,159,37,Low,1,0,0,0.6688101818633149
28,10.49,4.87,3.01,3.1,6.13,222,151,High,1,1,0,0.7511915394478991
28,6.87,1.96,3.37,3.44,6.95,224,152,Moderate,1,1,0,0.7758368594123931
21,5.03,3.66,3.68,1.6,6.58,132,86,Low,0,1,0,1.4592442426949814
21,5.17,5.1,3.26,4.84,8.36,74,156,Moderate,2,0,0,1.6170209638257322
18,5.64,1.47,1.9,2.91,7.77,223,106,Low,0,0,1,0.5975176245536127
23,7.33,1.75,0.19,4.13,4.55,98,96,Moderate,1,1,0,0.264665721055154
23,10.52,5.87,3.77,0.73,8.62,102,90,Moderate,1,0,0,0.9163497227804448
32,10.22,4.16,0.23,5.46,7.05,20,161,High,2,0,0,0.42954986012232294
31,3.61,0.61,2.3,1.15,7.89,75,104,Low,0,0,1,0.806093959530759
30,4.2,0.81,3.98,3.94,4.65,154,21,Low,2,1,0,1.140475918934305
18,10.24,4.71,1.19,0.91,6.42,235,112,High,0,1,0,0.5761718187332209
33,6.36,1.35,3.54,5.29,4.6,49,130,Low,2,0,1,0.7688678036371378
18,5.88,3.03,0.47,1.75,6.65,120,22,Low,2,1,0,0.5952379940071438
24,4.37,4.53,2.08,3.84,8.24,56,73,High,1,0,0,1.5125854662275822
33,8.5,1.99,1.5,5.26,5.96,232,62,Moderate,1,0,0,0.4105881869896251
35,8.44,5.85,2.91,5.38,6.49,141,177,High,1,0,1,1.0379145689674683
32,7.94,2.67,1.2,0.98,7.63,65,85,Moderate,2,0,0,0.4874054801756322
35,9.13,5.16,2.47,3.58,6.13,122,103,Moderate,2,0,0,0.8357063706783823
21,3.78,3.07,2.12,1.82,8.97,37,85,Low,1,0,0,1.3730155097842565
32,11.47,4.78,2.34,4.12,4.85,24,64,Moderate,2,0,0,0.6207497279206864
33,10.86,5.72,3.87,5.31,7.5,149,148,Moderate,1,1,0,0.8830570089266107
28,9.17,0.67,3.28,2.28,6.91,95,118,Moderate,0,0,0,0.4307524066791269
31,5.97,3.42,1.62,2.25,5.01,79,36,Low,1,0,1,0.8442209641170915
34,4.13,3.89,2.57,3.16,4.71,211,125,Low,1,0,1,1.5641642701781429
26,6.93,2.75,0.21,4.84,6.72,224,104,Moderate,2,1,0,0.42712836549374233
21,11.96,4.98,1.34,4.31,5.24,119,93,High,0,0,0,0.5284280494625377
28,4.39,4.12,2.94,2.49,6.69,135,65,Moderate,0,1,0,1.6082000892482715
18,11.47,1.49,3.19,3.05,5.06,74,35,Moderate,0,0,1,0.4080208885770803
26,8.41,0.78,2.88,5.87,5.64,195,95,High,1,0,1,0.4351961432584848
33,5.22,4.28,0.87,3.58,5.53,175,32,Moderate,2,0,0,0.9865898493122895
30,8.22,4.5,1.05,3.35,6.11,151,179,High,1,1,0,0.6751823996128468
22,8.2,4.8,3.57,3.31,7.91,129,51,High,2,1,0,1.020731582837612
22,5.33,2.14,3.4,3.39,6.06,158,172,Low,2,0,0,1.0393994297562046
18,8.16,3.07,0.79,0.8,6.38,236,123,High,2,1,0,0.4730391577157895
26,5.41,2.15,3.63,5.83,4.87,206,150,Low,0,0,0,1.0683916694285267
27,8.27,4.27,3.31,3.74,4.91,40,51,High,0,0,1,0.9165657900162286
21,11.89,4.05,2.03,0.93,6.22,91,23,High,0,1,0,0.5113540360509642
25,7.4,0.51,2.15,5.48,6.74,115,34,Low,0,1,0,0.3594594108838634
31,3.24,1.83,3.04,3.05,7.86,81,56,Low,1,0,0,1.503085955837668
25,3.7,0.84,3.22,1.65,5.48,79,154,Low,1,0,0,1.0972970007305405
31,11.63,3.15,0.22,2.46,6.04,64,34,High,2,0,1,0.28976781687293063
31,7.91,1.26,0.82,5.51,7.56,245,35,Low,1,0,1,0.26295824741362234
24,3.19,3.49,1.07,1.2,7.99,104,134,Low,1,0,0,1.429466636530835
33,10.48,4.37,2.92,4.46,8.18,67,91,High,2,0,1,0.6956106206478415
33,5.93,3.81,1.75,1.07,8.28,115,121,Low,1,0,1,0.9376052381778689
19,4.17,1.37,3.22,2.25,7.76,129,74,Low,1,0,0,1.1007191604990023
34,4.92,1.05,0.05,3.65,5.37,108,157,Low,2,0,0,0.2235771903298394
24,9.13,4.32,1.89,0.69,5.34,182,33,Moderate,1,1,0,0.6801751719413831
18,4.56,3.52,1.76,1.39,8.34,235,155,Low,0,0,1,1.1578944829178768
27,8.12,3.21,1.52,3.94,5.91,201,173,High,2,0,1,0.5825122435329751
26,4.99,4.14,2.84,2.4,5.15,168,100,Moderate,0,1,0,1.3987973148702775
34,7.24,4.28,3.84,0.72,8.42,65,47,Moderate,1,0,1,1.121546806416187
23,3.38,3.73,2.3,2.48,8.94,32,150,Low,0,0,0,1.7840231408215557
20,10.64,1.14,3.4,5.25,5.79,241,152,Moderate,1,1,0,0.4266916892207059
33,4.72,0.74,1.57,2.28,7.81,151,150,Low,2,0,1,0.4894066759731619
31,10.01,1.51,3.79,1.58,6.41,81,104,High,2,1,0,0.529470476576376
30,10.4,5.74,0.51,3.05,8.26,35,104,High,1,0,1,0.6009614806767807
26,10.0,4.0,1.26,5.44,6.22,126,111,High,2,0,1,0.5259999474000053
21,5.5,4.43,1.22,0.6,8.71,233,18,High,0,0,0,1.0272725404959016
24,7.03,1.99,2.93,0.59,6.64,149,60,Moderate,0,0,1,0.6998576529363224
35,9.21,1.73,1.71,4.74,5.24,206,51,High,0,0,0,0.3735070169916377
19,4.04,2.02,1.88,2.73,6.58,127,126,Low,2,1,0,0.9653462957063624
29,8.39,5.19,0.49,5.43,5.23,207,83,Moderate,0,0,0,0.676996343623797
34,8.98,0.97,0.22,2.67,7.15,192,114,High,0,0,1,0.13251668902932193
29,8.7,4.22,0.19,0.6,6.66,147,101,Moderate,0,0,1,0.5068964934601733
25,9.62,3.53,3.75,3.2,7.49,157,86,Moderate,1,1,0,0.7567566780918215
24,8.68,0.98,2.03,4.43,8.58,96,42,Moderate,1,1,0,0.34677415359744773
30,9.66,5.95,1.81,0.86,8.38,134,78,Moderate,1,1,0,0.8033125462409373
31,6.25,2.71,1.38,4.84,8.22,144,36,Low,2,0,1,0.6543998952960167
19,7.81,5.33,0.66,4.06,6.61,127,168,High,2,0,1,0.7669653307342726
18,5.71,3.28,2.46,2.64,7.25,112,113,Low,0,0,1,1.0052537644038941
22,10.77,4.38,3.95,2.22,6.44,76,107,High,0,0,0,0.773444682131413
25,11.9,4.3,0.79,5.77,7.1,54,143,High,1,1,0,0.42773105649318854
33,5.88,2.67,1.73,1.88,5.93,90,166,Low,1,1,0,0.7482991924661238
31,10.28,4.72,3.56,3.65,5.19,218,102,Moderate,0,1,0,0.805447392466207
29,7.81,4.15,2.83,4.77,6.16,180,77,Moderate,1,0,1,0.8937258778840106
34,6.13,1.78,3.92,5.53,5.58,41,170,Low,0,0,0,0.9298530293877603
32,7.55,1.65,0.19,3.71,7.59,227,63,Low,2,0,0,0.24370857699224144
33,3.77,5.86,1.81,1.02,4.53,92,26,High,1,1,0,2.0344822189702336
33,5.8,3.0,3.98,1.08,7.32,36,143,Low,2,1,0,1.2034480683710227
18,9.76,5.32,0.36,1.81,8.25,195,178,Moderate,0,0,0,0.5819671534869721
18,3.72,4.5,3.59,5.09,7.97,166,56,Moderate,2,0,0,2.174730598190699
33,11.45,1.97,1.0,2.97,6.39,93,97,High,2,0,1,0.25938862363418136
21,6.36,4.29,2.18,5.06,5.43,121,99,High,1,1,0,1.017295437532164
21,5.62,3.04,3.98,1.15,5.33,192,170,Low,2,0,1,1.249110098023114
22,10.59,2.57,1.69,3.62,6.91,225,163,High,0,0,0,0.4022662509663597
31,9.15,3.69,1.54,5.15,8.3,243,55,Moderate,1,0,1,0.5715846369852856
34,10.31,2.83,3.14,2.45,8.64,222,90,High,2,0,1,0.5790494103734811
32,6.98,5.74,2.4,5.5,6.71,143,69,Moderate,2,0,0,1.166188944672071
28,3.31,4.98,2.1,1.56,7.79,219,136,High,0,0,0,2.1389721634525185
27,9.22,5.6,2.88,2.89,7.03,123,101,High,1,0,0,0.9197395965575276
30,3.03,4.59,1.44,0.95,6.57,244,68,Moderate,0,0,1,1.9900983531028535
28,7.63,2.91,2.24,1.42,7.33,154,18,Moderate,2,0,0,0.6749671461379888
33,6.59,4.66,0.22,3.37,5.47,228,23,Moderate,2,0,0,0.7405158208625461
22,4.7,4.14,0.33,4.57,5.51,98,90,High,2,0,0,0.9510636274332707
18,8.74,5.84,1.14,4.58,6.7,48,127,High,0,0,1,0.7986269109122528
30,5.16,1.61,1.49,4.83,7.76,32,172,Low,1,0,0,0.600775077369171
23,5.39,3.28,1.52,3.58,6.72,41,78,Low,0,0,0,0.8905378681747925
32,3.56,4.22,2.48,3.31,5.03,48,16,Moderate,1,0,0,1.882021943252263
20,11.19,5.27,2.2,4.18,4.6,64,35,Moderate,2,0,0,0.6675602620589579
19,4.72,2.22,0.44,5.58,4.9,80,90,Low,1,0,0,0.5635592026357622
31,10.52,2.4,1.2,0.97,8.94,83,67,Moderate,1,0,0,0.34220529066489636
27,9.71,0.98,2.62,2.73,4.61,70,112,High,2,0,1,0.37075176408323746
30,5.99,0.8,3.75,1.94,5.97,250,96,Low,0,0,0,0.7595992054091476
29,5.08,1.93,0.08,2.66,6.46,129,175,Low,1,1,0,0.3956692134509422
26,3.58,4.88,0.6,5.72,5.74,130,85,Moderate,0,0,0,1.5307258294061927
18,8.14,4.18,0.79,2.43,7.91,233,148,Moderate,1,0,1,0.6105650355571209
26,8.73,2.72,0.39,5.47,5.15,136,36,Moderate,1,0,0,0.3562427999721879
26,11.81,1.8,2.07,4.66,7.7,207,171,Moderate,2,0,0,0.32768837191461714
19,11.37,1.02,1.53,1.66,7.05,208,53,High,1,0,1,0.22427438660735388
25,4.21,3.54,1.45,4.61,5.04,197,170,Low,1,0,1,1.1852728776073924
24,3.02,0.65,0.69,1.81,6.89,151,69,Low,2,0,0,0.4437084623481912
21,6.73,3.64,1.97,2.7,7.57,166,126,Low,2,0,0,0.8335808568230525
22,8.52,5.54,0.6,1.76,8.92,103,159,High,2,1,0,0.7206571924111277
20,11.15,1.86,1.73,4.42,6.95,137,50,High,1,0,1,0.32197306529389547
18,8.17,1.07,3.17,4.16,4.91,233,124,Moderate,2,0,1,0.518971784703576
22,5.61,2.62,0.64,5.55,6.3,116,48,Low,0,0,1,0.5811050657566728
27,8.79,4.33,3.99,4.13,7.39,244,74,Moderate,2,1,0,0.9465300402127373
22,5.27,5.21,0.8,5.92,7.0,74,115,High,0,0,0,1.1404172409075444
21,5.64,6.0,3.74,4.78,8.74,158,86,High,2,0,0,1.7269500484131122
32,5.55,1.0,1.7,1.68,5.71,20,103,Low,1,0,1,0.48648639883127953
28,4.64,2.42,0.71,1.86,5.08,96,83,Low,0,1,0,0.6745688201360301
29,5.87,0.53,2.2,4.34,6.52,101,82,Low,2,0,1,0.4650765817586744
32,3.25,2.85,0.71,4.85,4.5,200,124,Low,0,1,0,1.095384278343299
32,6.99,1.19,2.45,2.07,8.67,62,87,Moderate,2,1,0,0.5207438453871466
29,4.55,3.35,3.03,5.88,5.57,102,123,Low,2,0,1,1.4021974940225288
23,3.19,3.11,2.01,0.52,6.76,249,61,Low,0,1,0,1.605015170841639
21,3.04,4.37,2.37,4.72,5.38,108,81,Moderate,0,0,1,2.2171045338471926
23,7.41,4.78,0.52,5.15,7.11,62,95,Moderate,0,0,0,0.715249566093176
35,11.32,1.25,1.44,3.05,8.89,166,146,High,0,1,0,0.23763248784165303
23,6.88,0.69,0.71,1.44,4.72,21,134,Low,0,0,0,0.20348834251622927
35,3.94,1.08,1.39,5.43,6.94,57,90,Low,2,0,1,0.6269033941869557
19,7.87,1.14,1.43,4.79,5.13,240,145,Low,1,0,1,0.32655650234351935
32,11.7,2.09,1.12,1.1,8.01,48,110,High,0,0,0,0.2743589509094914
34,9.49,1.86,0.5,2.39,7.53,189,20,High,0,0,1,0.2486827978205693
26,7.69,1.62,3.04,4.34,8.94,195,128,Moderate,2,1,0,0.605981715737098
28,5.81,5.67,2.63,1.51,8.2,230,160,High,1,1,0,1.4285711826899858
27,6.95,5.28,1.99,0.74,8.93,173,36,Moderate,2,0,0,1.0460430149578397
24,4.97,4.98,3.61,3.93,5.01,140,60,Moderate,0,0,0,1.7283698735674298
28,7.8,4.47,2.17,5.92,6.39,229,43,Moderate,2,0,1,0.8512819421433407
32,3.51,1.1,1.37,1.3,8.56,49,43,Low,2,0,1,0.7037035032183753
21,8.62,4.49,1.55,4.19,6.01,141,67,High,2,0,0,0.7006959743972189
35,4.08,1.73,0.87,2.98,5.69,215,15,Low,2,1,0,0.6372547457708956
18,11.07,1.86,0.66,2.01,5.72,60,113,Moderate,1,0,1,0.22764225585887482
34,8.47,4.11,0.48,3.69,6.75,189,99,Moderate,0,0,0,0.5419125688414913
27,10.85,2.7,2.23,4.85,8.52,249,69,Moderate,2,1,0,0.45437783830619005
27,8.55,0.77,0.19,5.33,4.65,21,121,Moderate,1,1,0,0.11228068862214168
24,3.77,3.09,3.84,1.43,8.1,93,19,Low,2,0,0,1.8381957988870559
29,3.03,3.6,2.3,0.65,8.76,91,20,Low,0,1,0,1.9471940768336382
19,8.18,2.93,1.5,1.04,8.12,103,169,High,0,1,0,0.5415647259700824
33,5.6,1.99,2.76,4.42,5.38,68,36,Low,2,0,1,0.848214134247476
28,5.3,3.61,0.98,5.55,8.8,47,52,Low,1,0,0,0.866037572445741
35,10.86,5.96,2.82,4.19,5.29,40,168,Moderate,2,0,0,0.8084713804354162
34,4.09,4.56,0.51,5.81,5.28,105,150,Moderate,0,0,1,1.2396084988732274
32,7.17,1.04,1.45,1.02,4.63,148,83,Moderate,1,0,0,0.34728028629284713
18,3.55,5.28,3.77,4.92,6.05,133,120,High,0,0,0,2.549295056536604
27,10.87,3.5,3.19,2.92,7.49,224,105,High,1,0,1,0.6154553251651035
18,11.73,0.87,3.32,4.37,4.63,244,165,High,1,0,0,0.35720372061349354
31,4.53,4.59,1.5,5.06,6.39,83,156,Moderate,2,0,1,1.3443705641566082
19,7.12,2.72,2.97,3.17,7.66,236,80,Low,0,1,0,0.799157191129608
28,7.33,3.77,0.04,5.57,6.06,162,31,Moderate,0,1,0,0.5197816480516169
33,6.94,1.79,0.89,0.73,8.09,127,145,Low,0,0,0,0.3861670913303903
21,9.88,2.8,0.69,5.21,7.23,78,106,Moderate,1,0,0,0.35323883064384304
32,4.56,2.79,1.34,0.87,8.54,52,126,Low,1,0,0,0.9057015557672027
18,3.74,5.93,3.88,3.53,5.46,185,48,Moderate,0,0,0,2.6229939510711353
25,3.39,5.07,3.48,2.69,7.8,24,131,Moderate,2,1,0,2.52212314981618
21,9.84,2.37,1.18,3.29,5.96,126,60,High,2,1,0,0.3607723210597235
21,9.99,1.92,3.73,5.17,5.57,93,159,High,1,0,0,0.5655655089524015
29,11.56,3.07,0.25,2.61,7.42,73,27,Moderate,0,0,0,0.28719720698986095
35,9.42,3.32,1.87,1.03,5.2,41,100,Moderate,1,0,0,0.5509553555249092
21,4.61,3.5,0.76,5.38,5.38,23,34,Low,2,0,0,0.924077890655555
28,8.67,5.36,3.58,4.55,8.68,213,111,High,0,1,0,1.03114174957996
21,7.37,4.62,0.17,2.18,6.15,142,83,High,1,0,0,0.6499320692086744
23,4.87,0.53,3.74,1.52,8.9,53,74,Low,1,0,0,0.8767965345386993
27,5.05,1.69,2.92,4.55,8.34,197,106,Low,2,1,0,0.9128711063621571
20,3.62,1.23,3.95,1.39,7.88,22,172,Low,2,0,0,1.430938831232367
33,6.86,1.91,0.19,5.73,7.64,49,38,Low,2,1,0,0.3061224043553346
20,3.36,5.28,0.12,4.25,5.68,29,27,High,0,0,1,1.607142378826673
28,10.45,5.44,2.14,2.7,6.06,25,66,Moderate,2,0,0,0.7253587822623176
23,4.22,4.75,3.12,1.77,7.08,66,168,Moderate,1,0,0,1.8649284680264295
26,7.76,3.49,3.71,3.2,8.99,173,126,Moderate,1,0,0,0.9278349319800345
24,8.15,5.79,3.82,3.55,4.95,128,75,High,0,0,1,1.179140959614606
25,5.33,1.94,2.81,5.84,8.4,39,118,Low,2,0,1,0.8911818215418721
21,8.02,1.3,0.85,4.43,7.56,182,161,High,1,0,1,0.26807976707234826
27,7.73,4.82,1.58,3.91,8.42,99,92,Moderate,0,1,0,0.8279429718055664
29,7.17,3.91,2.35,1.91,6.21,34,137,Moderate,0,1,0,0.8730821655394468
35,4.17,2.72,1.13,2.68,8.74,53,69,Low,1,0,0,0.923261169481734
22,11.07,4.48,3.11,5.1,6.49,234,17,Moderate,1,1,0,0.6856367944320872
32,8.05,1.83,2.45,4.49,5.65,163,116,High,2,1,0,0.531676952586714
21,10.35,0.98,2.64,4.02,8.78,160,55,Moderate,2,0,1,0.34975842031319615
28,3.12,1.8,2.0,3.43,8.73,106,17,Low,1,1,0,1.2179483275806642
20,5.39,1.23,3.88,2.34,7.96,182,119,Low,1,0,1,0.9480517721610812
32,10.88,1.47,0.92,3.28,5.05,250,93,High,1,1,0,0.21966909745688443
26,8.33,2.99,0.81,0.69,5.83,118,69,High,1,0,0,0.45618241822540007
28,10.2,0.99,2.62,1.27,8.58,195,148,Moderate,2,1,0,0.35392153392926146
20,4.15,0.8,1.43,3.84,4.75,166,148,Low,0,0,1,0.5373492681086101
23,4.36,0.72,2.87,5.58,8.45,227,142,Low,2,0,1,0.8233943065609387
30,10.84,1.61,2.19,3.54,6.2,124,129,Moderate,2,0,1,0.3505534731961741
33,7.39,2.3,3.41,3.69,6.34,113,168,Low,0,1,0,0.772665659991115
24,6.28,5.54,0.21,1.39,5.5,195,65,High,1,0,1,0.9156049497444347
25,7.19,2.84,2.54,5.54,5.84,25,68,Low,1,1,0,0.7482613702000875
20,8.58,1.93,3.21,5.74,7.9,146,61,High,1,1,0,0.5990675292462088
23,3.91,4.96,3.75,4.55,8.58,219,156,Moderate,1,1,0,2.2276209136519403
30,10.41,3.78,3.19,0.58,8.85,228,68,Moderate,0,1,0,0.6695484467292558
35,7.53,4.8,2.31,5.78,7.11,223,151,High,2,0,1,0.9442229821749026
34,3.13,0.67,2.53,2.37,7.96,247,61,Low,1,1,0,1.0223638906185653
28,4.57,1.66,3.98,1.07,5.65,215,39,Low,0,0,0,1.234135397344552
23,7.47,1.93,0.56,0.66,8.44,188,178,Moderate,0,1,0,0.33333328871040313
32,8.13,5.98,2.41,2.94,7.8,151,36,Moderate,1,0,0,1.031980192868365
18,9.67,5.25,0.68,5.03,7.0,134,148,Moderate,0,0,0,0.6132367514749999
33,11.71,1.93,2.72,5.23,8.58,152,133,Moderate,2,0,0,0.39709646480815847
30,8.49,5.07,0.54,1.13,7.41,136,176,High,0,0,1,0.6607773073289391
34,5.54,0.58,2.8,5.16,7.6,78,17,Low,2,0,1,0.6101081931212647
21,5.74,5.47,2.62,4.96,5.34,247,143,High,1,0,0,1.409407419963864
26,3.92,2.35,3.11,2.04,6.34,116,127,Low,1,1,0,1.3928567875365339
30,5.67,2.68,2.61,4.38,4.92,123,147,Low,1,1,0,0.9329804351004524
33,4.06,3.37,1.2,3.51,5.92,183,78,Low,2,0,0,1.1256154863016046
20,3.09,5.19,0.11,4.12,8.12,162,148,Moderate,0,0,0,1.7152098009029773
20,3.48,0.99,0.52,4.94,7.41,227,93,Low,2,0,1,0.4339079212908272
33,8.12,1.03,2.35,4.96,8.49,68,143,Moderate,2,0,0,0.41625610637240074
28,10.23,3.46,1.05,4.79,7.87,150,21,High,0,0,1,0.44086017195892746
29,7.04,4.53,1.64,2.08,5.99,65,94,High,0,0,1,0.8764203300539304
21,8.66,5.03,2.65,2.69,6.46,180,48,Moderate,0,0,1,0.8868359253076299
32,4.34,4.81,3.1,4.35,7.74,153,180,Moderate,0,1,0,1.8225802252119296
27,9.79,2.02,0.92,2.92,6.12,247,26,Moderate,2,0,1,0.3003064044630844
28,6.5,5.21,2.01,5.76,7.01,91,15,Moderate,0,0,0,1.110769059881683
22,8.93,3.54,3.63,5.5,7.28,95,42,High,2,0,1,0.8029114442428394
19,5.38,3.01,0.33,1.79,6.71,175,57,Low,2,1,0,0.6208177284725411
35,9.93,5.25,1.0,3.35,4.55,194,19,High,2,0,1,0.6294057775019358
18,6.79,3.15,3.17,1.26,5.71,100,176,Low,0,1,0,0.9307804225654753
23,4.09,3.33,0.41,3.93,5.42,101,152,Low,0,1,0,0.9144252042970161
33,4.29,2.18,0.55,0.89,7.96,120,29,Low,2,0,1,0.636363488027159
26,7.88,4.18,3.96,1.4,7.59,69,47,High,2,0,0,1.0329947927671583
21,8.42,3.62,0.32,3.3,4.92,150,117,Moderate,0,0,0,0.46793343611241855
28,9.44,4.25,0.71,4.79,6.05,111,92,High,0,1,0,0.525423673154272
19,10.86,5.95,3.63,5.55,7.37,146,82,High,0,0,1,0.8821361986983244
32,4.81,1.7,1.01,5.23,6.14,33,149,Low,1,1,0,0.5634094462766224
19,9.77,5.39,3.96,2.7,4.52,185,155,High,2,1,0,0.9570111610019283
31,9.72,2.6,3.04,5.75,6.1,152,128,High,0,1,0,0.5802468538840686
25,5.09,5.98,2.01,3.24,8.87,29,62,Moderate,2,0,0,1.5697442888518096
31,8.35,2.09,3.33,2.59,4.97,176,58,Moderate,2,0,1,0.649101718670453
19,7.15,3.98,0.62,3.48,8.46,224,172,Low,0,0,0,0.6433565533767057
28,6.84,5.29,2.87,5.44,6.51,33,35,Moderate,2,1,0,1.1929822817277367
32,5.89,2.32,2.77,3.0,8.43,142,78,Low,0,0,1,0.864176423739147
27,10.8,1.93,2.42,3.83,6.79,30,140,High,2,0,1,0.40277774048354253
33,7.67,5.14,2.85,0.79,4.58,62,88,Moderate,2,0,1,1.0417208550559511
18,11.8,0.55,0.86,2.16,8.54,142,45,Moderate,2,1,0,0.11949151529732922
24,3.49,5.12,2.04,5.21,4.54,212,109,High,0,0,1,2.0515753433881536
25,3.98,5.62,2.28,4.88,4.63,218,84,High,2,0,1,1.9849241243909235
29,8.09,5.94,1.85,1.26,5.3,169,49,Moderate,1,0,1,0.9629170626802149
25,10.94,4.35,2.3,3.47,5.45,167,39,Moderate,1,0,0,0.6078610047659045
31,10.47,3.59,3.64,5.49,7.96,158,31,High,2,0,1,0.69054434665288
30,7.32,3.07,1.52,3.87,6.92,124,80,Low,1,0,1,0.6270490946654241
29,3.74,1.08,1.05,1.42,8.0,64,97,Low,1,0,1,0.569518564299849
21,11.93,4.61,2.1,1.25,6.76,64,72,Moderate,0,0,0,0.5624475639188967
29,4.42,4.28,3.37,1.42,8.0,206,52,Moderate,0,0,0,1.7307688391925704
20,9.55,2.61,3.45,3.48,6.38,132,108,High,1,0,0,0.6345549073764496
32,3.99,3.65,2.8,2.74,6.09,199,92,Low,2,0,0,1.616540948235351
19,8.52,4.86,0.93,4.3,6.9,131,175,High,1,0,1,0.6795773850261286
27,9.81,2.7,0.63,1.19,4.92,147,137,High,1,1,0,0.33944950668200746
18,11.23,5.94,3.64,0.97,4.56,28,138,Moderate,1,0,1,0.8530720522642875
23,9.59,1.62,2.56,0.89,6.93,193,27,High,0,1,0,0.4358706531938839
34,3.8,1.59,2.5,1.33,6.64,243,81,Low,1,0,1,1.0763155062327614
27,9.92,5.52,3.79,2.94,8.61,201,168,High,1,0,1,0.9385079699084707
32,11.3,0.92,1.25,2.74,6.26,119,130,Moderate,2,1,0,0.19203538123580696
30,4.09,3.1,2.44,3.43,5.24,135,111,Low,2,0,1,1.354522896204671
24,11.21,3.5,2.07,4.74,7.04,173,32,Moderate,0,1,0,0.49687774336505414
30,4.96,4.89,3.86,4.83,5.0,131,137,Moderate,0,1,0,1.764112547557954
28,9.8,4.55,2.43,1.56,6.39,224,144,High,1,0,1,0.7122448252811403
23,10.18,1.51,3.65,1.9,7.76,45,57,Moderate,2,1,0,0.5068761781064659
26,5.21,0.76,3.92,3.47,6.75,186,45,Low,1,0,0,0.8982723803699845
32,7.62,0.64,3.89,3.2,7.19,88,27,Moderate,0,1,0,0.5944881109595656
24,7.38,5.38,2.73,5.7,5.66,48,92,High,0,0,1,1.098915840255306
21,8.01,4.97,0.27,1.34,6.79,89,174,High,1,1,0,0.6541821904891149
26,3.35,5.65,2.16,4.65,6.06,226,163,Moderate,2,1,0,2.331342587658929
19,10.52,2.5,0.7,2.99,8.16,175,173,High,0,0,1,0.304182480591019
28,3.43,5.5,1.35,1.87,7.73,50,55,Moderate,0,0,0,1.9970839658647328
26,10.92,4.23,2.28,2.51,5.92,23,78,Moderate,1,0,0,0.5961537915610081
26,10.03,3.08,1.76,1.81,6.19,190,139,High,2,0,0,0.48255229486019
20,6.66,3.49,1.6,1.5,7.9,179,91,Moderate,2,1,0,0.7642641495098874
32,9.48,1.43,3.85,1.11,6.26,156,18,High,0,0,0,0.5569619665651935
26,3.23,4.45,2.38,5.52,7.25,117,100,High,1,1,0,2.114550428931756
26,8.14,4.94,2.15,5.1,7.71,28,49,High,2,1,0,0.8710072640040216
20,8.97,4.75,3.51,5.96,7.36,68,121,High,2,0,1,0.9208471660148086
26,6.52,0.68,0.02,5.7,8.31,78,101,Moderate,0,0,1,0.10736194672362782
24,3.72,1.38,3.72,0.86,8.86,158,82,Low,0,0,0,1.3709673733958672
30,3.94,1.49,1.34,3.4,7.7,174,139,Low,1,0,0,0.7182739293720991
33,11.95,5.63,3.36,2.84,6.39,182,26,Moderate,1,0,1,0.752301192276051
35,11.62,5.43,2.21,2.07,5.86,141,64,High,0,0,1,0.6574870346396701
28,5.64,3.04,3.58,5.58,6.58,121,25,Low,2,0,1,1.1737586571349898
34,9.03,2.22,3.17,5.24,5.78,204,74,High,1,1,0,0.5968991587044122
20,9.53,2.27,1.46,3.1,4.73,41,179,High,1,0,0,0.3913955517948005
35,3.73,0.81,1.47,2.98,8.13,58,21,Low,1,1,0,0.611259889742657
21,6.8,4.69,1.11,4.42,6.34,122,117,Moderate,2,1,0,0.8529410510380808
33,6.01,4.32,2.15,3.33,5.41,225,72,Moderate,0,0,1,1.0765389223728916
22,6.22,2.07,1.3,3.68,5.24,225,176,Moderate,0,0,0,0.541800555980618
28,4.87,3.25,1.79,4.34,4.89,165,20,Low,2,1,0,1.0349073850292843
18,4.85,1.42,1.67,2.75,4.91,163,18,Low,2,0,0,0.6371132706982947
20,6.52,5.86,3.81,4.32,8.0,108,15,Moderate,2,0,0,1.4831286068821155
19,9.82,1.35,3.25,3.66,6.13,71,109,High,1,1,0,0.4684317241922888
32,10.78,4.6,3.63,2.57,5.8,175,63,Moderate,0,0,0,0.7634507640583709
19,4.04,3.04,3.67,2.12,6.28,158,71,Low,2,0,1,1.660890677997357
21,7.39,2.28,1.82,4.67,8.63,44,48,Moderate,0,0,1,0.5548037138289967
25,5.45,3.24,0.69,5.1,5.79,183,22,Low,2,0,0,0.721100785119122
21,5.68,2.59,2.24,4.55,7.63,155,162,Low,0,0,1,0.8503519629662037
22,7.01,2.66,0.64,3.39,7.63,235,120,Moderate,1,0,1,0.47075599561255416
18,3.61,0.87,2.4,4.91,8.14,87,166,Low,1,1,0,0.9058169235964201
28,8.19,1.8,0.03,4.76,6.24,89,160,High,0,0,0,0.22344319616078195
29,9.1,3.73,0.4,2.22,7.97,38,16,High,2,1,0,0.45384610397295566
32,3.66,5.11,2.54,0.62,5.8,53,32,Moderate,0,0,0,2.0901633633433434
31,7.87,3.85,1.41,0.94,8.54,154,87,Low,1,0,0,0.6683607791155299
28,9.37,5.68,2.07,4.97,5.32,178,29,High,2,0,0,0.8271077025498718
21,7.14,0.6,3.85,2.61,5.47,207,51,Low,2,0,0,0.6232492124300824
18,10.5,1.88,2.07,3.21,7.72,105,149,High,2,1,0,0.3761904403628152
32,10.89,4.0,0.22,3.06,4.6,98,148,High,0,1,0,0.3875114428364148
32,10.88,5.33,1.45,1.67,5.21,235,93,High,0,1,0,0.6231617074299901
22,6.04,2.84,3.14,2.17,5.45,80,50,Low,0,0,0,0.9900660612473409
31,5.31,3.16,3.71,5.72,5.62,34,169,Low,2,0,1,1.2937850670837916
28,9.26,0.84,2.34,1.08,4.7,250,45,High,0,1,0,0.3434124899122581
24,3.32,4.7,2.34,0.79,7.11,249,76,Moderate,0,1,0,2.1204812890116598
34,11.31,5.32,1.62,2.1,6.87,115,98,Moderate,1,0,0,0.6136162145343754
23,10.65,2.92,2.09,3.07,6.15,131,90,High,0,0,0,0.47042249104014167
28,3.21,3.82,0.59,2.48,7.69,231,127,Low,1,1,0,1.373831347716091
20,6.82,0.82,3.84,2.45,5.36,222,41,Low,2,0,1,0.6832843572896836
27,4.63,0.62,3.66,1.72,5.93,245,142,Low,0,0,0,0.9244058478605081
19,5.61,1.85,1.53,5.81,6.19,213,73,Low,1,1,0,0.6024954362753232
24,9.58,1.6,1.19,3.16,6.61,130,70,High,2,0,1,0.291231702376649
29,7.58,3.0,3.22,5.95,5.85,227,176,Moderate,2,0,1,0.8205803666780519
35,8.13,1.71,0.11,1.85,6.71,150,97,High,0,0,1,0.22386221108705892
22,11.5,3.38,2.84,2.75,6.6,49,174,High,1,0,0,0.5408695181852593
20,3.89,4.44,3.79,2.44,8.11,31,141,High,2,0,1,2.115680690056378
30,10.97,0.98,2.22,3.84,4.79,38,143,Moderate,0,1,0,0.29170462245172085
23,10.94,3.29,2.57,2.46,6.33,185,81,High,1,0,1,0.5356489455531128
20,10.0,2.72,3.07,3.15,7.25,107,83,Moderate,0,0,1,0.5789999421000058
20,8.44,5.37,2.84,0.96,7.8,197,48,Moderate,0,1,0,0.9727486999112918
33,10.04,1.19,3.8,2.51,8.24,50,61,High,0,0,1,0.4970119026880576
19,5.92,4.42,3.82,1.62,8.87,40,128,High,0,0,0,1.391891656775058
24,9.94,0.87,0.28,4.31,7.93,206,131,High,2,0,1,0.1156941533506888
24,6.15,4.25,1.2,2.12,7.29,47,155,High,0,0,0,0.8861787176945174
32,3.03,5.62,2.32,1.56,8.2,80,106,High,0,0,1,2.6204611813659464
18,7.05,5.2,1.02,5.37,4.99,162,113,Moderate,2,0,0,0.8822693784015067
35,9.21,1.54,1.18,2.33,8.71,79,172,High,2,1,0,0.29533112971431813
18,10.37,2.92,2.13,1.88,8.48,190,147,Moderate,2,1,0,0.48698163095644836
22,4.45,4.46,3.92,4.27,5.08,161,28,Moderate,1,0,0,1.8831456442369334
23,7.04,1.56,2.91,5.0,5.64,89,104,Moderate,0,0,0,0.6349430916274018
33,5.67,1.29,2.93,0.54,7.91,162,64,Low,0,1,0,0.7442679463372229
33,3.93,4.26,2.08,1.42,6.5,206,103,High,0,1,0,1.613231141671465
28,4.9,1.92,3.41,1.19,5.9,153,122,Low,2,1,0,1.0877548800500243
28,10.64,5.28,0.88,0.64,8.81,66,129,Moderate,1,1,0,0.5789473140087111
25,7.66,3.21,0.44,5.6,8.49,106,150,Moderate,2,1,0,0.47650124327660004
23,4.64,0.95,2.73,3.95,5.22,205,26,Low,1,1,0,0.7931032773484316
26,4.2,5.61,0.19,1.74,8.22,142,178,Moderate,1,0,0,1.3809520521542733
19,10.14,1.19,1.26,4.5,5.58,70,118,Moderate,2,0,0,0.24161733317383305
28,7.57,4.52,3.68,3.89,7.23,142,153,Moderate,1,0,1,1.083223106575547
27,5.64,2.23,1.28,4.33,7.18,147,142,Low,1,0,1,0.6223403151878873
24,3.8,4.06,2.1,2.67,6.29,127,117,Moderate,1,0,1,1.621052204986262
20,3.88,1.93,0.45,3.31,5.83,223,133,Low,1,1,0,0.6134019037623959
26,10.95,5.69,1.71,4.04,8.94,121,105,High,0,0,1,0.675799025041185
26,11.79,5.4,1.83,4.92,6.07,71,146,Moderate,1,0,1,0.61323150015
24,4.99,4.17,1.3,5.15,4.99,197,151,Moderate,2,0,1,1.0961921650917503
27,7.38,0.7,2.27,2.96,8.91,229,108,Low,1,0,0,0.4024389698592181
35,9.15,1.77,3.69,1.92,5.91,144,163,Moderate,2,0,0,0.5967212462599731
23,10.63,1.06,1.15,3.77,8.67,74,101,Moderate,2,0,1,0.20790214412961955
25,3.76,4.53,2.81,4.29,6.82,134,82,High,1,0,1,1.952127140391718
32,4.79,0.52,0.25,0.98,4.94,177,79,Low,0,0,1,0.16075153220218535
33,11.48,4.18,2.02,4.69,7.59,202,44,High,2,1,0,0.5400696393667561
29,9.76,0.92,0.26,4.93,7.93,169,91,Moderate,2,1,0,0.12090162695680054
33,5.6,2.65,1.25,1.28,6.5,27,90,Low,0,0,1,0.6964284470663488
24,8.85,0.66,0.46,4.59,6.06,194,85,Moderate,0,1,0,0.12655365801653584
27,8.81,3.7,0.72,2.71,8.25,50,53,High,1,1,0,0.5017025537227522
30,9.97,1.75,2.61,0.79,4.82,161,126,Moderate,0,0,1,0.4373118919446447
29,10.43,2.97,0.07,1.67,5.75,31,114,Moderate,2,0,0,0.2914668943943534
34,5.52,3.43,3.64,2.69,7.3,40,152,Low,1,1,0,1.2807968694208571
23,3.72,1.81,2.28,0.69,7.21,184,67,Low,0,0,0,1.0994620700370779
22,5.03,1.27,1.08,5.8,5.44,42,43,Low,2,0,1,0.4671967262034341
28,7.22,5.42,1.73,5.11,6.78,147,110,Moderate,2,0,1,0.9903045719799762
19,8.12,1.9,0.47,2.56,7.24,151,77,High,2,0,1,0.2918718852374526
19,4.1,4.93,2.01,3.55,7.92,136,127,Moderate,1,0,0,1.6926825139798747
32,9.9,4.89,2.45,0.73,7.39,39,171,High,0,0,1,0.7414140665238317
18,5.23,3.48,3.71,4.57,8.93,181,110,Low,2,0,1,1.3747607314033017
24,10.79,3.44,1.8,3.38,7.54,135,35,High,2,0,1,0.485634802072771
35,3.19,2.07,1.61,1.14,5.16,84,120,Low,1,0,0,1.153604654042428
30,4.99,2.62,3.01,2.65,8.89,161,44,Low,2,1,0,1.1282562869225876
24,10.75,5.48,3.87,1.51,4.75,145,167,Moderate,2,0,0,0.8697673609518736
35,7.01,5.66,2.95,3.24,4.71,213,38,High,0,0,1,1.2282451885527548
24,9.66,3.96,2.83,2.41,4.53,65,168,Moderate,2,1,0,0.7028984779608202
20,5.11,2.94,2.98,2.27,6.63,88,16,Low,1,0,1,1.158512493441782
27,8.42,0.93,3.87,5.9,7.22,157,49,High,1,0,1,0.5700711912029465
25,7.91,1.31,1.73,1.73,5.57,23,19,Low,0,1,0,0.3843235923737557
31,9.75,4.61,3.33,1.59,7.66,37,91,High,0,0,1,0.8143588908349857
31,3.69,2.09,1.46,5.46,4.89,191,96,Low,2,1,0,0.9620593598755122
30,9.3,3.85,1.15,5.44,8.09,248,163,High,0,0,1,0.5376343507920053
34,8.21,5.51,1.37,4.22,8.95,73,179,Moderate,0,0,1,0.8380023339826633
35,8.39,3.35,0.3,0.54,5.21,57,51,High,2,0,1,0.4350416644765597
32,7.67,4.91,0.36,5.4,5.89,51,16,High,2,0,0,0.6870924788666912
26,4.36,1.86,1.17,1.97,7.91,43,141,Low,2,0,1,0.6949539690472548
33,3.39,1.68,0.52,4.19,5.35,34,169,Low,1,1,0,0.6489673601866194
27,8.77,4.56,1.78,3.68,8.15,81,94,High,0,1,0,0.7229189597583855
29,3.41,3.84,1.56,1.09,8.63,215,55,Low,2,1,0,1.5835772482178156
35,7.22,4.81,3.15,5.09,8.64,176,121,High,1,0,1,1.102492922092393
23,8.07,2.79,2.9,0.61,5.27,170,141,Moderate,2,1,0,0.7050804578586793
27,3.57,4.47,2.11,5.71,6.05,171,177,High,0,1,0,1.84313673861716
21,7.31,3.57,3.38,2.29,5.03,247,53,Low,2,0,0,0.9507522639189789
31,11.47,5.03,1.1,3.6,6.18,31,144,Moderate,2,0,0,0.5344376168755348
18,11.23,1.19,0.2,2.06,5.45,25,149,High,2,1,0,0.12377559004669723
30,5.02,1.41,2.99,5.3,5.83,79,74,Low,1,0,1,0.8764938493040142
20,3.54,3.14,1.91,0.65,5.57,74,96,Low,0,0,0,1.4265532693352345
23,7.22,4.18,2.97,5.08,6.17,249,28,Moderate,2,0,1,0.9903045719799762
30,10.68,1.95,1.52,2.21,6.04,91,71,Moderate,1,0,0,0.3249063366192569
29,8.98,2.99,1.15,2.81,5.83,79,65,Moderate,0,1,0,0.46102444754738897
19,9.0,5.13,2.81,3.51,4.87,50,107,High,1,1,0,0.8822221241975418
31,4.13,1.34,3.8,3.44,4.65,211,167,Low,1,1,0,1.244551756767129
32,11.41,1.81,0.27,4.98,8.26,243,67,High,1,0,0,0.1822962153991047
35,6.07,4.12,3.42,5.4,4.54,156,19,High,2,0,1,1.2421744246829614
22,7.05,2.53,0.85,1.51,8.0,91,116,Moderate,2,0,1,0.47943255610885727
21,5.3,1.12,0.67,1.13,5.69,206,131,Low,2,1,0,0.3377357853328707
18,7.05,2.95,0.3,4.28,6.4,35,40,Low,2,0,0,0.46099284241236277
25,5.78,3.84,2.26,1.62,4.93,112,71,Low,0,1,0,1.0553631392105294
21,7.45,2.3,3.27,5.65,6.96,45,62,Low,0,0,1,0.7476509063555831
19,3.3,2.22,0.79,5.12,6.0,158,36,Low,1,1,0,0.9121209357209287
22,8.05,5.74,1.07,5.87,6.89,145,110,Moderate,1,1,0,0.8459626278307295
29,3.73,3.59,2.69,4.39,5.22,131,94,Low,2,0,1,1.6836456612210022
34,5.67,2.63,0.93,5.4,5.75,93,140,Low,2,0,1,0.6278658504645767
31,8.51,5.12,2.97,1.59,7.52,229,53,High,1,0,1,0.9506461867630803
32,3.05,1.88,1.42,4.44,7.82,79,17,Low,1,0,0,1.0819668583715218
35,11.26,5.06,2.76,3.34,5.82,76,76,High,0,0,1,0.6944937216257796
18,4.29,0.62,3.92,0.78,4.98,195,16,Low,0,0,1,1.058274811590953
27,3.11,2.39,3.9,3.08,8.07,63,33,Low,0,0,1,2.02250738826129
27,5.11,0.83,0.85,5.6,8.69,182,137,Low,1,1,0,0.3287670589496949
35,4.31,3.99,2.23,5.58,4.86,137,36,Low,1,1,0,1.4431551175974207
22,11.19,1.17,1.52,2.42,5.82,156,93,Moderate,2,0,1,0.24039318673876797
35,7.0,0.79,3.83,1.42,6.86,215,54,Moderate,1,0,1,0.6599999057142992
26,5.15,5.35,1.91,4.32,4.63,117,105,High,1,0,0,1.4097084641342785
35,11.34,1.41,2.88,1.86,4.63,45,144,High,1,0,1,0.37830684494648636
20,5.28,4.13,2.09,1.47,5.51,182,83,High,0,0,0,1.1780300799185452
20,7.81,5.7,2.57,5.46,8.41,204,66,Moderate,0,0,0,1.0588987120488205
22,10.95,4.47,3.88,1.02,5.47,86,127,High,2,1,0,0.7625570079856614
23,10.76,2.27,1.39,5.02,7.6,68,89,Moderate,0,0,1,0.34014866727242876
29,7.17,3.0,0.44,3.57,7.86,84,159,Moderate,2,0,0,0.4797767810632104
29,4.23,3.99,2.81,4.01,4.98,20,146,Low,0,0,0,1.607564631781411
32,5.48,2.76,3.43,3.7,7.89,58,110,Low,1,0,0,1.1295618376711973
25,6.74,5.16,0.8,4.66,5.54,48,61,Moderate,1,0,0,0.8842728658348863
19,8.84,0.82,3.95,3.42,8.13,85,58,Moderate,2,1,0,0.5395926991410975
25,3.6,1.47,1.44,2.26,8.99,92,137,Low,1,0,0,0.8083331087963587
33,5.05,5.7,0.4,0.59,5.61,31,57,High,2,1,0,1.2079205528870194
24,9.88,4.27,0.81,5.5,7.26,244,115,High,2,1,0,0.5141699884443331
28,10.81,1.4,0.42,2.29,5.17,225,121,Moderate,1,0,1,0.1683626116223301
35,8.43,4.03,0.63,2.75,6.65,42,68,High,2,0,0,0.5527875975340929
32,4.97,4.86,0.48,4.55,6.56,217,129,Moderate,2,0,0,1.0744464638940716
26,7.38,4.55,0.1,2.04,5.52,77,128,Moderate,1,0,1,0.6300812154361496
31,4.24,2.69,3.17,2.0,7.09,188,27,Low,0,0,0,1.3820751457369937
34,11.53,1.45,2.83,4.02,8.21,162,163,Moderate,1,0,1,0.37120551854245293
29,10.77,1.72,0.74,1.1,8.77,161,41,High,0,0,0,0.22841223505921682
25,5.96,4.2,3.71,2.44,7.59,227,178,High,0,0,0,1.327180985372318
34,6.09,5.96,0.15,2.12,7.27,86,131,Moderate,2,0,1,1.0032839075067477
30,9.98,5.63,2.6,2.63,6.35,59,171,Moderate,2,0,1,0.8246492159670125
30,7.86,5.35,0.93,4.94,6.42,210,140,High,1,0,0,0.7989820866435003
25,10.77,1.2,0.95,0.56,8.06,135,107,High,1,1,0,0.19962857942167322
24,11.58,1.77,2.0,0.78,4.8,101,53,Moderate,2,0,1,0.3255612844938442
33,8.38,5.92,1.93,4.03,7.11,148,152,High,0,0,0,0.9367540648264838
20,6.73,1.94,3.55,3.54,4.52,247,158,Moderate,0,0,0,0.8157502502599925
30,6.9,5.85,1.65,1.01,7.65,112,158,High,1,0,0,1.0869563642092226
33,10.33,2.14,0.87,4.97,5.4,213,161,Moderate,2,0,1,0.2913842893142024
21,4.69,2.67,2.4,3.0,7.95,167,157,Low,1,0,0,1.0810232236624255
24,10.54,3.62,3.82,5.73,7.56,194,131,High,1,1,0,0.7058822859694226
19,9.77,1.23,1.07,5.31,7.6,226,51,High,1,0,0,0.2354145101929877
21,7.51,5.13,0.31,2.86,6.93,145,74,Moderate,0,1,0,0.7243674135329675
32,8.12,3.08,1.53,4.18,4.74,60,18,High,0,1,0,0.567733920229813
24,7.6,1.25,1.37,1.49,4.63,99,40,Moderate,1,1,0,0.34473679674515834
21,4.33,5.35,0.09,2.49,9.0,185,21,Moderate,0,0,1,1.2563507491106813
30,6.0,2.41,1.32,2.22,6.5,119,96,Low,2,0,0,0.6216665630555729
28,3.24,3.8,3.5,2.74,6.8,177,138,Low,1,0,1,2.2530857243562576
24,9.4,1.05,2.77,5.2,6.32,96,75,High,2,0,0,0.4063829354911771
19,8.4,3.71,3.99,2.78,7.09,209,155,Moderate,2,0,0,0.9166665575396956
20,3.54,2.17,0.24,1.03,4.97,188,123,Low,2,0,1,0.680790768138201
35,11.09,3.07,1.26,5.6,5.35,45,51,Moderate,1,0,0,0.3904418042883856
24,11.65,3.48,2.0,0.92,7.62,197,174,Moderate,2,0,1,0.4703862257179206
32,8.77,0.8,2.27,5.46,7.79,221,141,Moderate,2,0,0,0.35005697262748325
20,5.31,5.75,0.77,4.09,8.55,197,121,High,2,1,0,1.2278717084987365
18,10.4,4.71,3.77,4.98,8.69,28,156,Moderate,1,0,1,0.8153845369822561
24,11.45,1.93,1.94,0.87,5.53,239,57,High,0,0,1,0.3379912368566606
27,6.57,2.23,3.59,1.71,7.66,41,175,Low,1,0,0,0.885844614026695
24,10.78,1.48,0.9,1.14,7.12,166,54,Moderate,1,0,0,0.2207792002987755
26,3.44,2.3,2.85,4.39,4.68,105,113,Low,1,1,0,1.4970925880544803
33,4.89,0.81,2.26,5.48,8.15,87,44,Low,0,0,1,0.6278117325538379
18,11.21,5.22,3.74,4.92,8.25,34,156,Moderate,2,0,1,0.7992862801707155
34,4.82,3.75,0.58,4.71,5.43,138,22,Low,1,0,1,0.8983400625850492
34,6.69,0.59,0.66,2.14,4.66,55,143,Low,1,1,0,0.18684601093482645
29,10.44,3.88,2.7,5.98,6.92,105,100,Moderate,1,0,0,0.6302681388632052
19,8.81,1.35,2.05,1.58,7.78,95,151,High,1,0,1,0.38592504132519395
21,4.2,5.12,3.97,5.64,7.23,248,104,Moderate,0,1,0,2.1642851989797145
28,4.91,2.69,0.44,2.6,6.26,203,156,Low,2,1,0,0.6374744119196717
26,3.65,5.99,3.32,3.84,7.34,195,148,Moderate,1,0,1,2.5506842326892514
28,8.64,1.89,2.48,2.26,8.25,94,105,High,2,0,0,0.5057869784968775
35,7.66,2.35,2.06,5.01,8.77,181,26,Low,0,0,1,0.5757179405067963
35,7.28,3.4,3.84,3.68,5.8,183,154,Low,1,0,0,0.9945053578976156
19,4.31,2.63,3.02,0.69,7.36,172,93,Low,2,0,1,1.310904568235599
34,8.16,0.6,3.66,4.87,6.74,147,64,High,2,1,0,0.5220587595516226
18,4.47,3.69,0.83,5.74,8.09,139,129,Low,0,0,0,1.0111854561106361
25,7.87,1.06,3.11,5.65,7.63,170,176,Moderate,0,1,0,0.5298601613900684
25,4.26,2.47,3.03,3.3,5.67,185,19,Low,0,0,0,1.2910795091362655
26,4.6,1.03,2.69,1.12,7.85,215,98,Low,1,1,0,0.8086954763705486
22,9.1,4.66,2.79,0.6,7.61,119,151,Moderate,0,1,0,0.8186812287163486
33,7.36,3.69,2.98,1.77,8.73,182,176,Moderate,0,1,0,0.9062498768682232
32,4.71,3.21,0.23,0.72,7.36,192,91,Low,1,1,0,0.7303607791166074
20,7.0,2.38,1.7,4.39,7.38,243,67,Moderate,1,1,0,0.5828570595918486
26,6.03,5.03,0.34,3.8,5.63,41,55,High,1,0,0,0.8905471159955031
32,6.11,2.11,3.58,5.82,8.17,217,66,Low,0,0,1,0.9312600767168449
27,7.71,1.02,2.03,2.45,4.88,169,163,Low,0,1,0,0.3955900913631528
27,6.42,5.6,1.88,5.8,8.03,200,56,High,0,0,0,1.165108852786783
32,7.84,1.77,1.22,4.29,6.25,60,100,Low,2,1,0,0.3813775023753186
26,8.69,3.93,3.34,2.88,7.32,98,129,Moderate,1,1,0,0.8365936896900242
33,4.41,5.26,2.37,4.43,7.22,186,37,Moderate,0,0,0,1.7301583378325762
20,7.65,4.27,2.58,2.72,6.11,170,53,Moderate,1,0,0,0.8954247195523242
31,8.56,4.16,0.67,0.96,8.35,129,164,Moderate,1,1,0,0.5642522705312768
28,8.04,0.76,1.28,2.66,4.88,133,84,High,0,1,0,0.2537313117249613
27,4.32,1.1,0.59,4.23,5.92,59,123,Low,1,0,0,0.3912036131473117
27,5.22,5.33,0.11,1.38,6.58,120,114,Moderate,0,1,0,1.0421453942250203
24,8.55,3.14,2.12,3.04,6.65,117,169,High,1,1,0,0.6152046064088179
27,9.95,1.47,1.03,3.15,5.9,197,33,High,2,1,0,0.2512562561551502
22,9.79,3.28,1.71,1.08,5.76,202,164,High,2,0,1,0.5097037273029902
27,8.93,5.07,2.02,3.71,7.62,29,119,High,0,0,0,0.793952878616699
30,11.67,4.48,1.18,0.7,6.41,233,63,High,2,0,1,0.4850042429302277
20,3.27,5.18,1.1,0.91,8.73,108,115,High,2,1,0,1.9204887093306697
23,3.23,1.95,1.42,1.21,4.62,143,143,Low,1,1,0,1.0433433302342632
21,6.78,3.7,4.0,5.56,8.48,58,76,Low,0,0,0,1.1356930478328837
29,9.91,4.2,0.29,4.97,6.93,104,114,High,0,1,0,0.4530776535744043
29,8.85,0.87,2.35,0.61,6.12,224,159,High,0,1,0,0.36384176679754054
27,10.35,0.76,3.4,0.81,8.22,221,37,High,0,0,0,0.4019323283157171
18,6.36,3.32,2.31,3.63,7.39,74,163,Moderate,2,0,1,0.885219986600631
34,5.22,1.35,1.5,3.19,5.26,47,120,Low,1,1,0,0.5459769069009757
35,8.48,5.67,0.73,5.33,4.92,177,144,Moderate,1,0,1,0.7547168921324421
33,7.97,5.75,3.74,5.57,8.96,192,156,Moderate,1,0,0,1.1907150325326183
25,8.02,1.72,1.51,4.69,8.32,98,87,High,1,1,0,0.40274309192729535
19,5.1,4.04,1.72,5.69,6.96,218,83,Moderate,1,1,0,1.1294115432526386
28,11.4,2.69,2.58,5.42,8.64,172,113,High,0,0,1,0.46228066120345074
33,10.64,2.8,3.05,4.53,4.84,159,55,Moderate,2,0,0,0.5498119784011298
33,5.05,2.99,3.68,4.46,5.17,173,142,Low,2,1,0,1.3207918176649867
18,4.01,3.73,2.46,3.94,8.41,98,116,Low,0,0,0,1.543640512807852
29,8.87,2.23,2.33,4.31,6.91,70,156,Moderate,1,0,1,0.514092388490148
35,3.2,2.65,2.09,1.08,5.87,139,162,Low,1,0,1,1.4812495371095196
20,6.08,2.83,1.81,5.67,8.95,184,48,Low,1,1,0,0.7631577692174722
18,4.13,4.84,0.91,1.39,6.66,123,70,High,0,0,1,1.392251478873734
33,4.86,4.74,2.31,2.66,6.59,197,113,High,1,1,0,1.4506169854697561
35,10.11,0.94,3.74,2.46,5.52,29,163,High,2,1,0,0.4629079660822982
20,10.23,2.24,3.8,5.02,5.77,91,29,Moderate,0,0,1,0.5904202746412244
21,10.98,4.97,3.46,2.88,6.37,127,137,Moderate,1,1,0,0.767759492918079
23,6.41,1.64,1.97,0.86,6.36,152,59,Low,1,1,0,0.563182439441117
19,6.87,3.56,2.46,1.37,6.56,114,123,Moderate,2,1,0,0.8762735260154983
20,4.42,5.05,2.17,5.74,7.95,211,80,High,1,0,0,1.6334837933294584
30,3.25,4.27,1.4,0.51,7.38,193,115,Moderate,0,1,0,1.7446148478108159
19,5.34,2.56,2.78,3.3,6.3,240,100,Low,0,0,1,0.9999998127341174
19,3.17,2.62,3.18,4.47,7.31,142,180,Low,2,0,0,1.8296524196680066
22,8.75,0.96,2.63,0.51,8.64,56,15,Moderate,2,1,0,0.41028566739592376
33,3.25,5.09,1.72,3.39,6.63,222,22,High,2,0,1,2.0953839706510857
30,4.27,0.94,1.74,1.1,5.56,87,114,Low,2,0,0,0.6276345134345401
35,3.02,4.59,2.53,1.03,7.52,111,154,High,0,0,0,2.3576151133724785
23,4.5,5.78,3.84,5.23,4.67,116,31,Moderate,0,1,0,2.137777302716155
29,3.22,3.64,1.52,1.8,7.08,144,155,Low,1,0,0,1.6024839743838588
18,9.81,5.91,2.23,1.93,6.5,23,134,High,1,0,0,0.8297654607782405
27,10.18,4.19,1.87,2.53,6.43,118,37,Moderate,2,1,0,0.5952848138227099
25,4.53,5.88,2.33,1.49,6.18,49,165,Moderate,1,1,0,1.812361630825247
22,10.23,2.66,3.4,3.26,4.52,162,132,Moderate,2,0,1,0.5923753086632153
28,8.93,4.51,2.48,5.15,6.91,193,30,Moderate,1,0,0,0.7827546715840235
33,10.54,3.81,0.33,5.68,4.54,53,23,Moderate,2,0,0,0.3927893365475013
23,7.3,1.11,3.06,2.91,6.27,242,120,Moderate,0,1,0,0.5712327984612605
23,7.6,5.58,2.91,4.35,8.82,152,94,Moderate,0,1,0,1.1171051161703796
23,5.38,1.48,3.5,1.9,8.36,27,117,Low,0,0,1,0.9256503855668429
22,4.21,5.32,1.96,2.62,7.54,229,153,Moderate,2,0,0,1.7292157412789213
28,9.2,1.15,0.88,4.93,8.08,201,138,Moderate,1,0,0,0.22065214992911414
20,7.61,0.8,2.55,3.54,5.01,135,146,Low,1,0,0,0.44021019182520466
25,11.65,4.45,1.77,1.58,8.92,59,30,High,2,1,0,0.5339055335703405
25,6.88,3.63,1.5,1.53,6.65,146,62,Low,1,0,1,0.7456394265058973
26,9.38,4.6,3.81,3.88,7.9,227,33,Moderate,0,1,0,0.8965883905556087
25,7.32,1.5,1.72,0.89,6.7,118,136,Low,1,1,0,0.4398906502881625
27,3.71,4.82,1.67,1.04,6.91,23,155,Moderate,0,0,0,1.7493256740362064
25,8.74,5.1,0.95,4.94,8.54,235,32,Moderate,0,0,1,0.69221960043254
34,8.35,1.76,1.93,1.77,5.54,138,51,Moderate,2,0,1,0.4419161147405851
32,11.37,0.9,3.66,5.85,4.68,56,74,Moderate,2,0,1,0.40105537369785643
18,3.13,5.66,3.25,4.56,7.27,92,55,High,1,0,1,2.8466444579410677
29,4.34,1.85,3.87,3.73,8.94,68,149,Low,1,1,0,1.3179720465502198
32,8.64,1.94,2.15,4.04,8.14,51,164,Moderate,1,1,0,0.473379574840327
26,5.3,1.46,2.87,4.09,8.79,222,99,Low,0,0,0,0.8169809779281174
21,11.97,5.41,2.66,2.0,5.96,40,101,High,2,0,1,0.6741854073362233
30,9.28,3.58,1.79,1.24,8.19,84,142,Moderate,1,0,1,0.5786637307474429
35,4.06,2.97,1.74,1.74,5.35,90,135,Low,2,0,1,1.1600982364290058
21,10.14,1.33,3.9,3.36,8.42,142,80,Moderate,1,1,0,0.5157790418363865
31,8.04,0.99,3.88,5.36,7.63,193,33,Moderate,2,0,0,0.6057213176963536
19,8.69,5.47,1.36,3.8,6.2,232,162,High,0,0,1,0.7859607841241907
31,3.59,4.92,2.47,1.13,7.44,220,147,High,1,1,0,2.0584952483300145
26,10.73,5.14,3.69,1.16,5.48,117,90,Moderate,1,0,1,0.8229262979565426
33,6.17,2.37,2.62,3.58,5.23,89,68,Low,2,1,0,0.8087518948538258
24,5.04,5.47,3.73,4.59,6.18,88,65,High,0,0,1,1.8253964632149873
25,6.16,1.18,2.47,3.53,8.06,188,142,Low,1,1,0,0.5925323713421475
27,5.07,3.59,1.99,1.16,6.81,193,84,Low,0,0,0,1.1005914988971401
31,5.54,2.45,2.94,4.84,8.36,61,148,Low,0,0,0,0.9729240121075791
30,5.7,2.54,1.07,5.14,4.5,120,147,Low,2,0,0,0.6333332222222418
24,4.45,1.54,2.33,0.53,7.32,161,22,Low,2,1,0,0.8696627259184885
24,8.11,4.5,2.92,5.56,4.66,27,105,High,2,1,0,0.9149197392207474
24,7.83,4.17,1.63,0.76,6.95,129,32,High,0,1,0,0.7407406461378485
31,8.33,5.7,0.13,5.81,7.85,39,146,High,0,0,0,0.6998798679616005
25,6.19,1.8,0.48,4.82,5.86,137,90,Low,0,0,1,0.36833596634313953
28,6.19,5.22,3.65,5.02,5.54,124,16,High,0,1,0,1.4329561497647574
20,7.48,3.66,0.54,5.39,5.03,162,59,Low,2,1,0,0.5614972511367311
28,3.67,1.35,0.34,0.6,8.55,153,37,Low,2,0,1,0.4604903377410524
28,6.39,1.84,3.61,0.69,5.65,167,130,Moderate,2,1,0,0.8528950151963983
26,10.12,2.62,3.44,2.01,6.78,176,97,Moderate,0,1,0,0.5988141700776514
25,11.43,0.73,2.91,2.0,4.95,190,118,High,0,0,1,0.3184601646141589
23,6.29,4.6,3.32,5.9,8.59,182,149,Moderate,0,1,0,1.2591412942541662
21,3.81,3.73,0.54,3.18,7.75,46,152,Low,2,0,0,1.1207346139804162
30,6.13,5.04,2.61,2.98,6.72,181,81,Moderate,0,0,0,1.2479606447046256
29,3.73,1.8,3.84,5.23,6.08,87,124,Low,0,0,0,1.512063937784467
30,6.48,0.81,1.95,4.8,8.56,167,15,Moderate,0,1,0,0.4259258601966264
25,6.36,1.04,0.4,1.03,8.04,114,174,Low,1,0,0,0.2264150587397706
34,11.98,4.92,1.34,0.54,5.63,164,109,High,1,0,1,0.5225375189868515
32,11.62,2.48,1.71,5.33,4.8,82,89,Moderate,0,1,0,0.36058516690316983
18,10.94,0.64,0.36,0.64,6.44,171,84,Moderate,0,0,0,0.09140766988960972
22,9.99,0.73,1.2,1.91,5.34,152,50,High,0,0,0,0.19319317385453716
34,7.27,2.09,2.68,1.82,6.51,73,25,Moderate,1,0,0,0.6561209551415467
21,8.74,2.65,0.27,2.95,5.64,147,146,Moderate,2,0,1,0.3340960716137218
29,11.17,1.4,2.13,5.28,8.14,102,177,Moderate,2,0,0,0.3160250388518318
26,3.95,2.1,1.68,0.8,5.58,146,47,Low,0,0,1,0.9569617830476499
30,9.58,2.84,1.05,1.15,8.74,96,54,High,2,0,1,0.4060542373638583
24,5.23,3.23,2.8,3.66,4.72,103,106,Low,2,1,0,1.1529634506762043
28,7.69,2.33,1.39,3.95,8.54,189,180,Moderate,2,1,0,0.48374506063133144
33,3.41,5.27,1.02,2.76,6.76,35,170,High,1,1,0,1.8445742391277886
29,3.88,3.39,1.11,5.99,5.32,112,107,Low,1,0,0,1.1597935155171353
23,10.97,3.74,0.08,3.96,6.43,82,112,Moderate,1,1,0,0.3482223930517418
21,3.26,2.4,3.01,3.36,7.33,233,176,Low,0,1,0,1.6595086934022414
27,8.71,1.67,2.48,2.76,6.47,70,94,Moderate,1,0,0,0.4764637799697153
28,7.44,5.8,3.4,3.66,5.67,106,178,Moderate,1,1,0,1.236558973580783
20,8.4,3.95,3.14,0.91,5.2,39,26,Moderate,0,0,1,0.8440475185657716
33,7.24,5.61,3.87,5.54,4.62,28,129,High,2,0,1,1.30939208433811
32,11.25,4.31,1.67,2.62,6.43,189,144,Moderate,0,0,0,0.531555508306177
28,3.29,3.49,0.9,3.43,7.49,145,50,Low,2,0,0,1.3343460989829488
19,6.24,1.6,2.38,2.04,8.83,152,168,Moderate,1,1,0,0.6378204106057034
28,10.34,5.22,0.71,2.52,6.83,43,101,High,2,0,1,0.5735009116536837
31,4.38,0.6,0.82,5.12,4.66,22,43,Low,2,0,1,0.3242008392235527
35,11.64,5.24,0.24,1.11,5.53,110,97,Moderate,1,0,0,0.4707903375609676
21,8.63,1.01,2.82,5.44,8.32,116,38,Moderate,1,0,0,0.44380064382379564
27,5.04,3.22,3.05,0.52,5.66,216,37,Low,2,0,1,1.244047372212823
23,8.8,2.66,1.1,1.07,8.67,188,165,High,2,0,0,0.4272726787190138
22,6.35,3.2,2.98,1.0,6.7,169,32,Low,0,0,0,0.9732281931924105
31,6.1,1.73,0.83,1.59,5.66,237,93,Low,2,1,0,0.41967206234884225
18,11.32,1.43,0.71,5.53,4.83,53,130,High,0,1,0,0.18904591969559012
29,9.03,2.54,3.04,3.49,5.83,48,39,High,2,1,0,0.6179401309036401
20,7.36,4.54,3.98,3.17,7.96,181,53,Moderate,2,0,1,1.157608538368405
27,11.84,3.1,2.89,5.17,7.52,71,125,High,1,0,1,0.5059121194330981
27,9.84,4.18,2.01,4.62,7.05,184,34,Moderate,1,0,0,0.629064976721039
27,3.78,2.43,3.66,2.39,7.16,81,69,Low,0,1,0,1.6111106848913532
34,4.45,2.01,0.68,3.76,6.12,59,142,Low,2,0,0,0.6044942461810682
27,11.19,5.69,1.56,1.65,7.46,118,81,High,2,0,1,0.6478998527345977
21,5.24,0.96,0.28,4.78,5.07,62,33,Low,2,0,1,0.23664117621351596
29,11.44,3.43,0.66,2.84,8.89,163,149,Moderate,0,1,0,0.3575174512659571
25,11.45,1.06,0.99,3.72,7.7,64,97,High,2,0,0,0.17903928567342484
18,4.88,3.08,2.18,1.06,8.18,229,37,Low,2,0,0,1.0778686315842967
33,3.48,3.14,0.23,1.04,4.85,66,72,Low,1,0,1,0.9683905263245614
26,11.93,4.67,3.45,1.17,8.72,214,74,Moderate,0,0,0,0.6806369924025992
28,9.28,1.94,2.03,2.66,6.52,43,110,High,0,0,0,0.4278016780386123
28,8.72,5.61,3.16,1.3,7.01,84,54,Moderate,0,1,0,1.00573382961768
33,10.81,2.17,1.93,5.12,8.46,64,47,High,2,1,0,0.3792784107975568
21,8.08,4.38,1.27,2.61,8.07,244,40,High,0,1,0,0.6992573392008244
18,7.67,4.49,2.07,4.94,4.56,189,169,High,0,0,1,0.855280201397627
30,9.24,4.33,2.36,5.23,7.27,171,153,Moderate,1,1,0,0.7240258956681931
21,3.95,5.36,0.09,5.16,8.65,137,147,High,1,0,1,1.37974648614013
21,6.8,3.17,1.69,2.26,6.62,192,162,Moderate,1,0,1,0.7147057772491503
35,5.97,4.52,2.2,0.63,8.84,232,109,High,2,0,1,1.1256279521561219
27,10.27,0.86,3.45,5.71,5.8,199,36,High,0,1,0,0.4196688977927072
21,7.89,4.03,0.32,4.23,7.96,145,151,High,1,1,0,0.5513307286019357
26,8.53,2.72,1.65,2.56,7.46,198,112,Moderate,1,1,0,0.512309435837112
21,11.89,5.85,3.04,2.08,5.33,118,158,High,2,0,0,0.7476870691600447
21,11.69,4.97,2.54,3.86,6.09,25,26,High,2,1,0,0.6424293719051009
22,4.52,1.99,2.52,0.84,5.5,214,128,Low,2,1,0,0.9977873898700466
35,4.04,2.13,1.86,5.71,4.73,20,161,Low,2,1,0,0.9876235179149708
23,4.36,4.79,2.27,5.98,6.11,133,124,Moderate,0,1,0,1.6192656836546597
32,4.16,4.91,3.19,0.72,6.29,114,85,High,2,0,1,1.947114916558914
33,4.93,0.59,1.83,4.16,6.63,85,110,Low,2,1,0,0.4908721113849673
30,8.05,1.26,1.04,1.18,6.49,247,28,High,2,1,0,0.2857142502218322
27,4.22,4.46,3.06,5.51,8.72,129,69,Moderate,2,0,0,1.7819900990544788
32,4.32,1.42,2.92,5.65,7.01,63,69,Low,2,0,1,1.0046293970765283
32,7.28,5.24,1.26,1.43,7.85,195,59,Moderate,1,1,0,0.8928570202119477
22,8.59,1.69,0.57,0.62,5.47,123,135,Moderate,1,0,1,0.26309659335313235
23,11.99,2.37,3.1,4.53,5.16,26,165,Moderate,0,1,0,0.45621347320988553
26,4.69,5.53,0.42,5.03,8.02,184,70,High,1,1,0,1.2686564459154699
35,4.19,3.22,1.43,5.39,6.95,201,116,Low,2,0,0,1.1097849379988214
34,7.96,4.36,1.2,4.11,5.66,245,54,High,0,1,0,0.6984923745612596
28,3.07,2.74,3.84,1.01,7.63,235,139,Low,1,1,0,2.1433217774196165
31,6.92,0.97,0.6,2.4,4.88,130,24,Low,0,0,1,0.226878579930841
21,3.91,2.75,1.83,1.48,4.96,169,117,Low,2,0,1,1.1713551991418927
23,3.83,3.59,1.88,4.52,5.2,117,64,Low,1,0,1,1.4281980605226994
22,5.53,1.68,2.34,4.61,8.97,21,103,Low,2,1,0,0.7269438106792384
30,9.71,4.39,1.97,4.72,8.06,214,132,Moderate,0,1,0,0.6549947832137195
34,10.75,3.63,0.15,5.53,5.89,119,51,High,1,0,1,0.3516278742671745
29,7.28,3.67,0.3,2.9,6.65,92,52,Low,0,1,0,0.5453295954217589
21,5.51,3.05,2.23,0.93,5.54,131,112,Low,2,0,0,0.9582575393361996
19,4.72,4.97,3.4,2.11,6.58,237,71,High,0,1,0,1.7733047090456124
31,9.01,2.14,2.67,1.24,8.24,100,128,High,0,1,0,0.533851217108633
18,5.52,3.26,3.8,3.64,8.2,87,45,Low,2,0,0,1.2789852755461457
27,6.67,2.67,2.41,0.94,6.75,235,38,Low,0,1,0,0.761619076219029
29,11.41,3.22,2.55,3.87,6.65,89,167,High,1,0,0,0.5056967129100164
26,6.41,2.82,1.51,5.65,8.12,167,38,Moderate,2,0,1,0.6755069148975171
26,11.19,1.67,1.21,1.28,5.0,199,80,High,0,0,1,0.2573726311552609
27,9.22,1.23,1.22,1.02,4.57,166,146,Moderate,2,0,0,0.2657266523073045
34,3.9,3.9,2.24,2.82,4.84,94,117,Low,1,0,0,1.5743585706772898
31,6.18,3.91,2.31,0.68,5.94,157,70,Low,0,0,0,1.006472329049785
29,3.32,5.46,1.33,4.12,8.81,102,84,Moderate,1,0,0,2.045180106873462
26,3.34,4.49,2.43,2.14,8.86,58,26,High,2,1,0,2.0718556671090815
24,11.92,1.05,3.17,4.34,4.94,106,161,Moderate,2,0,0,0.35402681593734764
20,8.47,2.92,1.73,2.36,8.59,75,112,Moderate,0,0,1,0.5489963932707919
33,9.9,1.63,2.19,4.19,5.18,110,66,High,1,0,0,0.38585854688297505
21,7.23,1.36,0.28,2.8,4.83,233,154,Moderate,0,0,0,0.22683261039659608
35,7.49,1.48,0.46,3.21,6.65,64,46,Moderate,2,1,0,0.2590119814403229
24,6.26,3.95,2.4,5.6,5.51,70,42,Low,0,0,0,1.0143768347640838
24,5.3,4.17,1.52,2.64,8.23,48,66,Moderate,1,0,0,1.0735847030972256
25,8.33,5.75,1.03,4.7,4.51,234,89,Moderate,0,0,0,0.8139254725179506
35,5.48,3.57,1.03,2.98,5.49,71,123,Low,0,0,1,0.8394159052160756
21,11.29,5.18,0.76,1.8,8.82,82,124,High,1,0,0,0.5261292713791611
21,7.51,4.21,1.79,2.42,6.15,56,101,High,1,0,1,0.7989346472790083
30,3.79,1.59,3.99,2.37,6.85,176,15,Low,0,1,0,1.4722951260435022
19,7.33,1.2,1.0,4.26,6.88,118,78,Low,1,1,0,0.30013638470172105
24,9.81,4.57,2.99,4.29,6.28,72,154,High,1,1,0,0.7706421232780711
21,9.02,1.5,1.15,5.16,6.11,231,63,Moderate,0,0,0,0.29379154170825483
23,7.61,4.6,0.6,4.87,8.49,50,104,Moderate,1,0,0,0.6833113425346461
19,4.58,4.12,1.13,3.03,8.61,118,86,High,0,0,0,1.146287959325773
34,11.78,1.37,3.39,4.87,5.71,210,87,Moderate,0,0,0,0.40407466858449337
35,7.65,1.68,2.37,3.75,5.5,232,174,Moderate,1,1,0,0.529411695501739
35,9.33,1.77,0.44,1.26,5.83,198,143,High,1,0,0,0.23687028543726846
29,6.78,4.24,3.22,5.23,7.49,186,177,High,2,0,0,1.1002948229653655
23,7.27,5.04,3.51,5.59,5.01,181,60,High,1,0,0,1.176065862989565
34,10.51,5.41,1.84,1.19,7.8,108,169,High,2,1,0,0.6898191541561224
25,6.59,2.21,1.78,1.38,4.93,158,143,Low,1,0,0,0.6054627305822867
32,10.01,0.51,0.71,1.59,7.58,221,111,High,2,0,1,0.12187810970248655
35,4.2,4.14,1.03,1.94,7.8,133,45,High,2,0,0,1.2309520878685505
28,8.51,1.0,0.7,3.48,8.67,164,110,High,0,0,1,0.1997649588995348
27,10.3,5.61,3.83,4.63,7.85,120,102,High,2,1,0,0.9165047653878869
27,7.13,4.4,0.77,2.99,5.05,196,56,Moderate,1,0,1,0.7251050876430452
22,3.07,5.61,3.91,5.91,6.81,219,76,High,2,1,0,3.0
31,8.71,4.36,1.5,1.96,6.15,149,159,Moderate,0,0,1,0.672789819427116
34,10.23,5.82,3.1,2.47,8.32,173,54,Moderate,1,0,0,0.8719451738079009
35,5.55,3.58,1.28,2.23,5.78,60,24,Low,2,0,1,0.8756755178963032
21,4.67,3.27,2.76,4.26,6.31,81,78,Low,2,1,0,1.2912202802526165
31,9.72,1.3,0.2,3.95,6.48,175,105,High,1,1,0,0.1543209717776778
22,8.36,2.56,3.32,2.66,6.36,38,104,High,2,0,1,0.7033491981639716
30,4.85,2.05,1.97,1.8,4.57,125,115,Low,2,1,0,0.8288658084812766
30,8.64,3.0,0.47,3.01,8.71,86,20,High,0,0,1,0.40162032388653657
28,4.64,3.29,2.55,2.65,5.05,60,133,Low,1,1,0,1.2586204184007719
27,3.81,4.69,3.46,5.68,7.01,225,150,Moderate,0,0,0,2.1391070501031364
20,8.3,1.98,3.0,3.61,5.66,23,20,High,0,0,1,0.5999999277108521
26,3.45,5.81,1.89,5.97,7.38,194,97,Moderate,1,1,0,2.2318834110482864
28,10.61,2.31,1.34,5.09,5.67,27,50,Moderate,2,1,0,0.3440150476894395
29,7.97,1.13,3.7,5.42,8.88,248,73,Low,0,0,0,0.6060225086546414
28,8.72,5.12,0.49,4.92,5.16,213,67,Moderate,0,0,1,0.6433485500747076
33,10.06,5.47,3.44,3.19,8.79,118,113,High,0,1,0,0.8856857966515113
31,3.48,2.39,3.5,4.41,5.8,110,39,Low,0,1,0,1.6925282492734917
21,8.93,4.49,0.16,3.91,5.73,152,159,Moderate,0,1,0,0.5207166270194148
32,4.71,1.31,1.16,1.1,8.56,111,55,Low,2,1,0,0.5244160245401221
26,3.71,5.33,3.29,1.07,6.37,160,159,Moderate,1,0,0,2.3234495085041758
23,7.25,3.45,3.4,4.49,8.78,124,143,Moderate,1,0,1,0.9448274558858681
26,5.93,2.73,2.52,2.01,4.73,175,70,Low,2,0,1,0.8853286871283833
31,5.97,1.07,3.86,1.84,7.86,242,80,Low,2,1,0,0.8257955065669168
32,8.87,3.54,1.32,5.22,6.76,84,167,Moderate,0,1,0,0.5479142561539735
33,10.35,3.11,3.51,4.81,7.45,230,99,High,0,1,0,0.6396134647716459
20,11.99,3.29,1.78,5.09,9.0,28,145,Moderate,2,0,0,0.42285234171373304
34,3.5,1.11,1.14,0.52,7.45,88,85,Low,1,1,0,0.6428569591837259
22,6.14,3.08,0.36,5.05,7.62,164,99,Moderate,0,0,0,0.5602604950715806
22,6.62,5.44,2.1,5.65,4.82,107,106,Moderate,1,1,0,1.1389726376174265
18,7.8,3.32,2.99,4.09,8.63,184,122,Low,0,0,0,0.8089742552597109
32,4.49,1.48,1.47,5.68,6.43,168,63,Low,1,0,0,0.6570154438718387
35,8.03,4.47,2.88,3.21,5.14,126,33,Moderate,2,0,0,0.9153174451659472
33,7.06,0.99,0.04,1.44,8.25,196,64,Low,2,1,0,0.14589233061015147
28,11.45,2.23,2.78,2.41,4.81,95,162,High,2,0,0,0.43755454693846757
31,10.84,3.1,0.91,3.02,7.3,233,148,Moderate,0,1,0,0.36992616513596266
19,6.95,5.2,3.05,0.68,7.5,216,162,Moderate,1,0,0,1.1870501889136418
22,6.32,4.31,3.64,2.73,7.72,124,137,High,0,0,1,1.257911193368482
30,6.44,5.45,3.7,4.82,5.29,182,135,Moderate,1,0,1,1.4208072327939079
18,6.25,1.14,0.62,2.72,8.29,228,126,Low,1,0,0,0.2815999549440072
25,5.39,3.38,3.48,4.1,5.69,121,153,Low,2,0,0,1.2727270365998076
18,8.67,3.96,3.82,2.72,6.78,167,99,Moderate,2,1,0,0.8973470706635444
20,9.04,4.97,0.92,4.54,8.65,96,47,Moderate,2,0,0,0.6515486004924115
35,10.01,2.79,3.48,4.61,5.77,126,58,Moderate,1,0,0,0.6263735637988448
24,3.83,4.49,2.86,4.63,7.96,93,39,Moderate,0,1,0,1.919059551159386
32,8.28,1.91,3.34,2.92,8.09,49,48,High,0,1,0,0.6340578944374524
29,10.85,4.66,0.1,5.07,7.95,127,166,High,0,1,0,0.4387096369852869
34,10.92,3.26,1.76,1.27,5.18,35,137,High,0,1,0,0.45970691760925664
22,6.41,3.79,3.1,5.55,8.69,77,86,Low,2,1,0,1.0748828276313842
28,9.43,0.75,1.49,3.55,7.91,167,32,High,2,1,0,0.23753974151222257
31,11.07,4.83,2.34,5.78,5.14,36,169,High,1,1,0,0.6476964184556081
33,4.1,2.8,0.24,3.72,6.77,239,136,Low,0,0,0,0.7414632337894552
35,8.87,2.23,1.04,0.93,5.48,190,98,Moderate,2,0,0,0.3686583575356982
35,10.93,1.75,3.37,2.17,8.86,81,113,Moderate,1,0,1,0.46843545576985773
28,5.21,4.61,2.91,5.25,5.58,107,157,High,0,1,0,1.4433778419620265
27,3.03,5.57,1.51,0.65,4.79,131,31,High,2,1,0,2.336632892200366
34,8.51,4.44,2.3,3.48,5.96,129,113,Moderate,1,0,1,0.7920093076369792
20,7.98,3.59,2.24,5.31,8.82,228,133,Moderate,2,0,1,0.7305763495518358
20,4.59,0.86,0.66,4.13,8.22,119,39,Low,2,0,0,0.3311546119488863
20,5.95,4.43,0.27,0.94,7.44,180,174,Moderate,0,1,0,0.7899158336275909
19,9.15,0.71,0.94,1.38,8.69,149,165,High,2,1,0,0.18032784914449737
32,9.68,3.04,1.74,4.58,7.61,181,90,High,0,1,0,0.4938016018799999
19,7.31,5.83,1.35,5.95,7.85,69,141,Moderate,2,1,0,0.9822160079047869
25,11.47,5.64,2.05,5.37,5.65,101,107,High,0,0,0,0.6704445797345614
26,10.28,1.43,1.36,5.27,4.82,43,75,Moderate,2,0,0,0.27140075180926543
28,7.75,2.87,0.43,1.66,5.35,187,69,Low,1,1,0,0.4258063966701424
20,4.11,4.11,0.98,1.27,5.43,242,122,Moderate,2,0,1,1.2384425210602137
21,11.51,4.58,1.48,3.98,7.83,58,34,Moderate,0,0,1,0.526498651042689
35,4.94,4.52,2.03,3.72,5.46,76,67,Moderate,2,0,1,1.3259106627711206
20,8.67,3.84,3.77,4.96,8.2,25,56,High,2,0,1,0.8777392297878628
34,8.72,3.5,1.06,1.62,5.93,184,147,High,2,0,1,0.5229357198468212
35,3.08,5.88,2.1,4.75,6.69,229,166,High,0,0,1,2.5909082497051137
33,8.12,1.48,1.13,1.94,5.21,71,103,High,2,0,1,0.3214285318437769
26,3.25,4.49,3.12,1.52,7.98,27,52,High,1,1,0,2.3415377410653107
22,11.34,4.02,2.22,3.54,4.91,138,114,High,2,1,0,0.5502645017403438
21,6.02,3.93,1.43,3.3,6.37,154,42,Moderate,0,0,0,0.8903653006037707
26,5.92,2.82,2.27,5.36,5.35,213,59,Low,0,0,0,0.8597971520612918
32,3.52,4.18,0.29,3.11,8.91,246,166,High,0,0,1,1.2698860028732946
31,6.5,3.36,1.07,3.72,6.86,175,104,Low,0,0,0,0.6815383566864066
21,3.86,5.28,3.76,1.42,5.46,183,101,Moderate,2,0,0,2.341968305189558
29,7.69,5.2,0.69,5.39,7.14,225,107,High,2,1,0,0.7659296793329415
31,3.17,4.54,2.14,4.96,5.79,188,116,High,0,0,0,2.1072548557555657
28,6.96,2.24,1.61,5.74,6.45,74,126,Low,2,0,1,0.5531608400630977
33,11.49,5.74,2.59,0.76,6.41,177,23,High,1,0,0,0.7249781788530741
24,4.76,5.63,2.27,4.25,4.74,106,101,Moderate,0,1,0,1.6596635168774125
27,10.78,6.0,2.99,5.9,6.61,54,139,Moderate,2,1,0,0.8339516851621814
34,11.82,2.46,2.98,0.61,5.15,248,46,High,0,0,1,0.4602368476956981
34,10.6,5.82,0.61,1.64,5.26,41,26,High,2,0,0,0.60660371635814
34,9.19,2.05,0.56,0.68,8.28,54,19,High,0,0,0,0.2840043216535015
34,4.56,1.41,0.91,2.17,4.86,150,154,Low,2,0,1,0.5087718182517942
26,3.97,5.51,3.29,4.29,5.07,40,180,Moderate,2,1,0,2.2166241267949305
26,7.73,4.57,2.24,1.27,6.37,76,84,High,2,1,0,0.8809830684368605
29,7.02,1.07,3.19,4.93,6.31,157,65,Low,1,0,0,0.6068375203935156
27,6.0,1.11,3.34,5.88,6.51,134,82,Low,2,1,0,0.7416665430555762
35,3.23,0.91,0.99,2.83,6.81,195,52,Low,1,1,0,0.5882351120015132
25,6.95,3.74,2.37,2.99,7.66,25,84,Moderate,1,1,0,0.8791365641530123
24,6.55,1.57,0.97,3.6,8.47,28,117,Moderate,2,0,0,0.38778620033798467
28,11.48,4.46,2.0,0.71,4.57,58,32,High,2,0,0,0.5627177210176202
31,9.39,0.88,2.29,4.44,8.61,119,128,High,2,0,1,0.3375931482861397
24,6.5,4.43,3.47,4.37,8.55,168,147,Moderate,2,1,0,1.2153844284023956
33,8.93,4.51,2.05,1.79,8.89,82,148,Moderate,0,0,0,0.7346023813435184
22,5.52,3.29,0.76,3.85,8.06,58,111,Low,1,0,0,0.7336955192580581
28,6.7,5.37,2.91,5.12,5.15,184,99,High,1,0,1,1.2358207110715358
34,10.78,5.06,1.15,5.3,8.29,231,17,High,1,0,0,0.5760667369140318
27,4.63,0.66,2.13,3.64,5.17,97,71,Low,0,0,1,0.6025916625072003
27,4.73,3.27,2.05,4.84,5.61,204,133,Low,0,0,1,1.1247354915992618
35,10.8,5.05,3.13,4.87,6.31,217,122,Moderate,0,0,1,0.7574073372770984
32,5.83,5.67,0.7,1.33,6.68,41,96,High,2,0,0,1.092624169361206
18,4.6,1.51,1.08,4.09,5.54,184,36,Low,2,0,1,0.56304335586014
18,3.54,3.46,0.04,4.28,5.75,57,161,Low,2,0,0,0.9887002856778854
19,6.95,3.73,0.7,5.99,7.92,29,150,Moderate,0,0,1,0.6374099802287797
21,4.98,3.95,3.37,0.5,6.17,188,139,Low,0,0,0,1.4698792229158186
18,10.29,5.35,1.1,1.04,8.28,247,46,High,0,1,0,0.6268220965187468
25,9.04,5.28,2.98,3.67,4.78,26,47,Moderate,0,1,0,0.9137167130844346
22,11.34,3.47,3.71,5.11,8.52,92,62,Moderate,1,1,0,0.6331569106563572
21,9.42,4.8,3.23,0.97,8.32,33,36,Moderate,2,0,1,0.8524415230953797
22,11.68,0.5,2.44,3.26,5.84,189,60,High,2,0,1,0.2517123072164121
25,8.72,5.12,2.85,3.9,5.87,200,46,Moderate,2,0,0,0.9139907208726238
31,5.17,4.16,2.38,4.11,8.33,212,41,Moderate,1,0,0,1.264990084141183
32,12.0,0.93,1.17,5.69,4.51,97,158,High,0,0,1,0.1749999854166679
29,6.42,1.3,2.5,3.96,7.27,68,176,Moderate,1,0,0,0.5919002193301839
22,8.83,4.18,3.89,3.85,5.09,183,47,High,2,0,0,0.913929681321667
31,9.19,3.05,2.87,5.34,6.42,235,33,High,0,0,0,0.6441783847466394
18,3.87,0.62,3.91,2.98,5.95,71,78,Low,0,1,0,1.1705423331931955
32,9.01,0.59,2.22,5.27,6.79,161,126,Moderate,2,0,1,0.31187565905930537
22,10.37,1.28,2.81,2.09,5.71,56,118,High,1,0,0,0.3944069050716582
19,3.9,4.88,2.99,1.21,6.04,158,82,High,2,1,0,2.0179482005261025
27,5.99,4.05,2.44,1.52,6.47,36,87,High,0,0,0,1.083472273209971
32,9.09,5.14,0.58,1.18,6.3,151,39,High,0,0,0,0.6292628570667924
25,4.73,2.14,0.83,3.86,5.12,173,131,Low,2,1,0,0.6279068439943247
19,11.83,1.47,3.07,0.77,6.03,59,26,High,1,0,1,0.38377004363735895
34,3.09,1.54,1.02,2.37,8.13,131,106,Low,1,0,1,0.8284786962852115
26,9.29,4.77,3.08,5.69,5.63,244,90,Moderate,2,0,1,0.8449945269112459
18,8.34,2.04,1.46,5.67,4.89,213,149,High,0,0,1,0.4196642182656813
27,11.13,5.5,0.73,3.33,5.13,182,161,High,2,1,0,0.5597483773810982
32,11.55,5.49,3.56,5.04,6.35,76,15,High,2,1,0,0.7835497157099814
27,11.75,3.42,2.7,4.41,4.8,131,65,Moderate,0,0,1,0.5208510195020409
28,9.48,3.6,0.64,1.06,4.97,242,144,Moderate,1,1,0,0.4472573367872008
21,11.65,2.89,3.57,2.53,8.54,114,114,Moderate,2,1,0,0.5545063901711254
19,11.41,2.12,2.72,1.56,5.94,238,25,Moderate,1,0,0,0.4241892704479167
29,10.53,4.66,2.87,3.62,8.32,87,114,High,1,0,1,0.7150996471890175
22,9.21,1.57,2.72,3.89,8.15,114,136,High,1,1,0,0.4657979950273621
31,11.28,2.5,2.75,4.63,8.56,122,94,High,0,0,0,0.4654254906537686
28,7.58,1.13,0.46,0.81,7.07,124,132,Low,2,0,0,0.2097625053083766
31,11.36,1.75,1.13,2.83,8.63,148,95,Moderate,1,0,0,0.2535211044435648
27,7.0,3.97,0.28,4.55,5.51,83,121,Low,0,0,0,0.6071427704081757
35,11.49,3.13,3.09,0.75,5.47,211,100,High,1,0,1,0.5413402487954527
29,11.29,3.86,3.55,3.95,7.37,180,115,High,1,0,1,0.6563329799527919
33,6.39,5.81,2.67,2.54,6.53,120,93,High,0,1,0,1.3270733447459555
23,10.93,1.22,3.12,2.73,5.15,45,174,High,0,1,0,0.39707224180491846
31,6.49,5.71,3.92,2.8,5.54,175,29,High,2,1,0,1.4838210348503795
33,9.13,4.67,3.71,4.16,6.36,202,129,High,1,0,0,0.9178531305746844
29,9.24,4.59,3.83,3.96,6.38,27,55,Moderate,0,0,0,0.9112553126347065
26,10.33,2.37,1.79,1.97,5.68,42,131,High,2,1,0,0.40271051280633957
27,10.2,4.0,0.1,3.77,8.64,185,137,Moderate,0,0,1,0.40196074490580935
18,7.42,0.57,2.53,4.62,6.08,215,121,Low,0,1,0,0.41778970110650926
19,7.8,2.31,2.4,1.6,7.55,34,116,Moderate,2,0,1,0.6038460764299902
35,11.55,2.5,2.96,0.98,4.69,69,18,High,2,0,1,0.47272723179850806
30,4.92,4.31,3.06,5.63,4.75,95,83,High,1,0,0,1.4979671752099235
21,4.81,0.52,0.8,2.06,6.07,166,122,Low,0,0,1,0.274428217374591
35,11.26,2.23,2.61,5.42,8.98,194,164,High,2,0,1,0.429840103921838
26,10.04,5.17,0.68,4.7,5.6,137,32,High,2,0,1,0.5826692646743761
25,6.04,2.05,3.45,1.95,5.71,221,153,Moderate,2,0,1,0.9105958757291597
32,11.16,1.61,0.25,1.19,7.86,102,48,High,1,0,1,0.1666666517323789
34,4.53,2.12,2.93,2.71,5.53,74,27,Low,0,1,0,1.1147900408852007
32,8.56,2.89,3.52,5.85,5.59,213,65,High,2,0,1,0.7488316882205972
25,6.55,4.7,1.33,0.72,7.78,250,30,Moderate,1,0,0,0.9206105464716723
24,4.08,5.17,0.61,1.47,7.77,123,62,Moderate,0,1,0,1.4166663194445295
29,11.63,0.99,3.19,0.59,8.93,144,94,High,0,1,0,0.35941527434090503
30,7.54,3.42,1.8,1.23,7.5,150,129,Moderate,1,0,0,0.6923076004897081
28,10.93,1.78,0.48,5.14,6.62,183,164,Moderate,1,0,1,0.20677033789841373
30,3.37,3.66,1.86,1.95,7.4,102,165,Low,1,1,0,1.6379817097977123
31,9.31,1.12,3.44,5.33,7.39,128,67,Moderate,0,1,0,0.4897958657576944
20,10.6,4.27,0.85,1.49,4.6,247,117,High,1,1,0,0.48301882235671484
19,7.88,2.76,3.91,1.59,4.63,205,84,Low,0,0,1,0.8464465930905338
28,9.57,4.6,1.1,2.11,8.75,104,40,Moderate,2,0,1,0.5956112230291303
23,3.66,0.86,1.25,1.86,6.2,160,103,Low,0,0,0,0.5765025747260724
30,11.43,5.84,1.71,4.55,6.89,177,68,Moderate,0,0,0,0.6605423744057416
18,5.16,3.28,1.81,3.22,8.31,237,83,Low,2,0,1,0.9864339173577679
34,10.67,2.55,1.8,2.05,8.55,213,101,Moderate,1,0,0,0.40768506019821366
34,7.85,3.14,1.02,1.04,7.12,79,154,Moderate,1,0,1,0.529936238224683
34,8.31,1.78,3.51,3.37,8.23,230,27,High,0,0,1,0.6365823542018828
25,12.0,1.76,2.81,3.74,8.42,216,111,Moderate,1,0,1,0.3808333015972249
26,4.63,0.72,2.06,3.81,6.35,105,89,Low,2,0,1,0.6004318357598627
24,10.04,3.33,3.96,5.53,6.15,249,120,High,1,0,0,0.7260955452096072
34,3.37,4.79,3.11,5.78,7.43,225,156,High,2,0,0,2.344212954239479
22,8.27,2.54,0.75,1.94,4.98,159,16,Moderate,1,1,0,0.3978234101785478
34,8.16,1.04,2.85,2.41,8.5,119,148,High,2,1,0,0.47671562785347704
35,11.4,5.15,1.54,4.53,4.78,46,142,High,2,0,1,0.5868420537857848
21,3.27,2.71,0.78,1.21,8.57,236,85,Low,0,0,1,1.0672779610770762
33,7.89,2.78,3.39,2.34,6.98,127,115,Low,0,1,0,0.7820024357411361
22,10.79,1.11,2.71,1.42,5.95,129,36,High,1,0,0,0.3540314778469437
21,7.9,2.41,2.39,2.76,5.42,60,138,Low,0,1,0,0.6075948597981191
33,3.99,2.56,1.68,5.86,5.39,196,170,Low,1,1,0,1.0626563752740914
33,10.08,1.51,1.09,4.34,7.9,100,153,Moderate,2,0,0,0.2579364823475712
22,6.1,2.65,2.98,5.12,8.31,134,31,Moderate,0,0,1,0.922950668368743
32,6.97,5.09,1.54,1.14,5.92,70,149,High,1,0,1,0.9512193757217539
30,10.92,1.11,2.07,3.66,7.05,162,74,Moderate,1,1,0,0.29120876454132194
31,8.77,5.02,2.67,5.38,5.51,189,157,High,2,0,1,0.8768528076564645
24,6.37,2.18,3.41,5.61,6.79,100,155,Moderate,0,0,1,0.8775508826450733
26,11.31,1.49,1.98,5.59,7.51,130,130,High,2,0,1,0.30680810726718766
34,3.69,5.83,4.0,1.67,7.16,53,93,High,0,1,0,2.6639559176271224
24,10.23,5.8,2.64,5.12,6.84,173,177,Moderate,1,1,0,0.8250243572801215
34,5.67,4.88,0.93,3.86,4.99,52,38,High,2,0,1,1.0246911773031433
26,9.4,5.05,0.65,5.7,4.86,62,18,High,1,1,0,0.6063829142145837
19,4.08,0.76,0.63,2.07,8.99,115,53,Low,0,0,0,0.3406861910082865
30,4.38,2.1,1.84,4.9,8.27,59,24,Low,1,0,0,0.89954317362028
31,10.04,0.8,0.76,5.84,6.48,37,28,High,1,0,0,0.15537847057983364
25,11.18,5.34,3.81,1.21,6.04,199,130,High,2,1,0,0.8184256870817812
21,7.28,4.74,3.37,4.29,8.8,109,179,High,0,0,1,1.1140108359875225
20,7.51,3.18,1.32,4.88,7.93,112,155,Low,0,1,0,0.5992009854592563
24,7.2,1.97,2.01,3.05,7.09,142,35,Low,1,1,0,0.552777701003097
19,10.46,1.92,1.95,4.81,8.05,213,89,High,2,0,1,0.36998084417009136
28,10.23,0.71,0.22,5.46,8.65,247,153,High,0,1,0,0.09090908202257263
20,3.49,4.85,1.84,2.11,5.48,223,144,Moderate,2,1,0,1.9169048948696572
21,9.51,5.44,1.89,6.0,8.87,120,19,Moderate,1,0,0,0.7707675319907958
30,8.29,5.42,1.55,0.79,4.92,79,89,High,0,0,0,0.8407719130552579
25,3.28,4.38,2.0,6.0,8.98,48,35,High,0,0,1,1.9451213581947078
34,7.89,1.56,2.36,1.56,6.07,149,62,Moderate,0,0,0,0.4968313692228936
34,11.27,5.24,2.12,1.28,5.99,178,46,Moderate,1,1,0,0.6530611665429312
21,10.09,1.32,3.05,3.54,5.21,215,72,High,2,0,0,0.43310203834469396
20,9.99,5.35,1.89,2.55,5.94,226,87,High,1,0,0,0.7247246521797145
29,4.73,2.12,0.45,1.61,8.94,178,25,Low,0,0,1,0.5433402656785907
21,5.5,1.08,2.76,5.26,6.62,161,132,Low,1,0,1,0.6981816912396924
24,9.2,5.53,0.0,5.08,8.78,212,92,Moderate,2,0,0,0.6010868911862076
29,5.07,1.68,0.83,5.47,8.32,196,162,Low,0,0,0,0.495068935883839
27,5.47,5.72,2.89,1.16,8.63,116,166,Moderate,0,0,0,1.5740399316197564
23,11.32,0.76,2.32,4.77,8.96,203,145,Moderate,1,0,1,0.2720847816179522
33,11.2,3.29,2.3,1.8,8.98,200,170,Moderate,1,1,0,0.4991070982940091
24,11.91,3.22,2.22,2.66,6.75,227,48,High,0,0,1,0.45675898767766693
22,5.37,0.88,1.32,5.54,7.33,185,77,Low,0,0,0,0.40968335015207635
27,11.88,2.3,3.19,5.94,5.98,46,100,High,2,1,0,0.4621211732221235
25,11.41,2.81,3.13,1.39,8.9,248,113,Moderate,2,1,0,0.5205959228224432
21,7.37,1.08,3.75,3.96,5.6,58,157,Moderate,1,1,0,0.6553594768847385
35,8.54,3.38,1.89,2.93,7.46,39,45,Moderate,1,0,0,0.6170959464758845
27,4.93,1.84,2.56,3.41,6.84,80,113,Low,1,0,1,0.8924947479726678
32,5.27,1.08,3.27,3.52,6.98,55,156,Low,2,0,0,0.8254267883440629
21,8.29,5.99,2.19,5.03,7.35,195,64,High,1,0,0,0.9867308821796283
35,6.66,4.08,1.52,5.23,5.63,210,65,Moderate,0,1,0,0.8408407145884812
18,6.67,2.71,0.09,4.08,6.7,177,143,Low,0,0,1,0.4197900420104884
18,4.63,3.27,2.67,5.58,7.19,71,145,Low,0,0,1,1.2829370879185553
22,10.5,4.71,0.22,0.91,4.98,247,56,Moderate,1,0,1,0.4695237648072605
32,7.16,3.7,2.58,1.51,6.61,70,123,Low,1,1,0,0.8770948495677584
18,5.93,1.71,3.37,1.26,4.72,37,177,Low,2,1,0,0.8566609010689881
18,7.32,3.39,3.75,5.63,7.46,231,34,Low,0,0,0,0.9754097028128822
24,9.72,4.67,3.17,2.78,8.75,230,39,High,0,0,0,0.806584279157996
23,11.17,0.76,1.39,0.78,7.15,167,35,Moderate,2,0,0,0.19247983952731965
34,3.25,4.92,2.51,0.96,7.62,234,97,Moderate,2,1,0,2.28615314272211
23,9.53,2.39,3.36,1.12,5.25,148,131,Moderate,1,0,0,0.6033577541072662
32,10.22,1.57,0.22,3.17,7.01,132,172,High,1,1,0,0.17514675389953485
20,3.28,2.53,1.21,1.91,7.67,148,45,Low,1,1,0,1.1402435548037941
29,8.0,4.87,1.18,4.48,6.03,172,31,Moderate,1,0,0,0.7562499054687619
23,5.71,5.27,2.46,3.9,4.75,66,73,High,2,0,0,1.3537650869062894
18,10.25,4.67,2.31,0.89,6.68,69,106,High,0,1,0,0.6809755433194593
29,7.75,2.32,2.21,1.05,6.17,135,136,Moderate,0,0,0,0.5845160536108317
33,6.84,5.43,3.64,5.93,6.58,34,114,Moderate,0,1,0,1.326023197949825
25,3.19,1.64,2.82,2.42,7.03,155,51,Low,0,0,1,1.3981186839753341
18,3.08,3.07,3.45,5.19,6.23,49,124,Low,0,0,0,2.1168824295836264
32,5.95,0.83,1.76,5.81,4.95,96,93,Low,2,0,0,0.4352940444883958
23,6.6,1.46,3.09,3.78,6.05,169,148,Low,0,0,0,0.689393834940328
27,11.54,2.25,1.35,1.49,7.83,237,173,High,1,1,0,0.31195837851313885
24,6.33,3.9,3.86,4.06,5.03,227,115,Low,0,1,0,1.225908179161425
25,10.4,5.93,3.14,3.94,6.76,37,153,Moderate,2,0,1,0.8721153007581443
25,3.53,0.82,3.12,5.73,5.13,101,156,Low,0,1,0,1.11614699259292
28,3.23,5.98,1.09,4.38,7.5,20,100,Moderate,0,1,0,2.188853811500368
29,9.67,4.54,3.45,3.36,7.88,136,65,Moderate,2,0,0,0.826266719103752
18,5.37,1.13,0.11,6.0,8.2,125,41,Low,0,0,1,0.23091243372207937
32,9.85,0.68,3.38,2.31,5.51,235,64,High,0,1,0,0.412182699270792
34,11.84,2.05,0.08,3.41,7.83,101,26,High,0,0,1,0.17989863345450732
27,9.38,5.11,0.48,2.39,6.2,33,70,Moderate,0,1,0,0.5959487637581276
33,5.31,3.33,3.56,1.32,6.92,231,29,Low,0,0,0,1.2975515447172234
22,6.64,5.21,0.19,4.13,7.56,128,135,High,2,0,1,0.813252889570348
32,3.94,4.66,1.73,3.8,8.95,56,109,High,0,1,0,1.6218269995362946
31,6.08,4.84,1.79,4.45,7.69,86,165,Moderate,2,0,1,1.0904603469637586
29,3.98,0.54,3.7,3.98,4.85,146,146,Low,0,1,0,1.065326365495888
19,8.32,1.58,3.08,2.84,5.0,124,107,Moderate,2,0,0,0.5600960865269127
30,11.8,2.82,2.6,2.98,5.1,110,102,High,1,0,1,0.4593219949727123
24,8.48,4.92,1.91,3.45,8.26,248,122,High,0,0,1,0.8054244333225904
26,5.76,2.01,0.73,3.35,6.01,237,95,Low,0,0,0,0.4756943618586177
21,7.4,5.06,1.51,4.25,5.91,168,15,High,2,0,1,0.8878377178597677
24,4.45,0.55,3.85,1.62,7.8,120,99,Low,0,1,0,0.9887638227497028
21,4.19,2.67,2.38,1.48,7.24,185,49,Low,2,1,0,1.2052503090094726
25,5.79,3.44,1.9,4.25,4.7,76,41,Low,2,0,0,0.9222796334577489
29,4.78,5.55,3.66,4.65,4.98,55,114,Moderate,0,0,1,1.926777839586226
18,6.62,1.93,1.69,5.26,6.46,239,121,Moderate,1,1,0,0.5468277119595601
20,8.8,1.68,1.77,3.71,6.53,128,91,Moderate,1,1,0,0.3920454099948398
23,5.69,3.54,3.4,2.88,8.51,39,97,Low,2,0,1,1.2196834411804143
25,11.62,5.87,2.78,3.92,5.61,116,149,Moderate,2,0,1,0.7444061321509354
23,8.19,2.88,2.9,1.48,4.57,227,36,Moderate,2,0,0,0.7057386195679342
18,10.32,4.41,0.76,2.77,7.88,171,88,High,1,0,1,0.5009689437045597
24,6.84,3.15,1.19,1.53,8.81,104,130,Moderate,2,0,0,0.6345028312130363
31,7.86,3.12,3.97,4.28,4.69,37,59,Moderate,0,1,0,0.9020355086468818
33,3.81,5.9,2.36,5.13,5.79,99,62,High,2,1,0,2.1679784336014607
23,5.45,0.72,0.04,1.42,7.57,115,97,Low,2,1,0,0.13944951569733657
23,3.45,2.93,3.92,0.99,7.0,157,26,Low,2,1,0,1.9855066708676314
25,8.57,3.8,2.55,2.65,6.67,101,65,Moderate,2,0,1,0.7409567396783268
33,9.31,2.37,2.29,2.49,6.88,49,164,Moderate,2,0,0,0.5005370031646613
31,10.43,4.25,3.55,1.13,8.4,153,16,High,2,0,0,0.7478426895644593
19,9.32,2.82,3.0,3.81,6.93,87,140,High,0,1,0,0.6244634523107885
33,10.65,5.62,1.76,0.89,6.17,163,47,Moderate,0,0,0,0.6929576814124243
19,6.09,2.64,2.45,5.85,8.96,177,20,Low,1,0,0,0.8357962502797618
19,9.29,0.54,1.82,2.49,5.82,190,75,High,2,1,0,0.25403657114783956
22,11.61,5.68,0.1,5.12,7.8,81,64,Moderate,2,0,1,0.4978466410123479
35,5.15,3.72,2.38,5.5,8.21,148,46,Low,0,0,1,1.1844657894241184
19,3.5,3.23,0.89,1.29,5.24,250,176,Low,0,0,0,1.1771425208164226
19,11.61,3.97,0.85,2.57,8.85,171,86,High,0,1,0,0.41515930963313447
22,4.42,2.83,3.73,1.32,8.39,184,77,Low,2,0,1,1.4841625601442172
30,3.4,5.37,2.75,1.69,5.11,188,129,High,0,0,1,2.3882345916957086
24,5.75,2.0,3.63,5.01,5.49,179,144,Low,2,0,1,0.9791302644990844
22,5.6,5.51,2.64,2.04,8.16,63,168,High,0,0,0,1.4553568829719854
23,4.24,4.33,0.91,0.67,7.29,170,140,Moderate,2,0,1,1.235848765130008
23,8.5,2.74,1.76,2.52,4.87,109,102,High,2,0,0,0.5294117024221527
27,4.27,5.98,3.62,3.05,5.5,57,124,Moderate,0,0,0,2.2482430331983534
35,4.92,3.17,1.41,5.94,6.51,181,71,Low,1,0,1,0.9308941197369676
24,11.8,0.92,3.46,5.86,5.98,49,52,High,1,0,0,0.3711864092214907
30,7.0,2.44,1.77,2.45,4.98,242,137,Low,2,1,0,0.6014284855102163
25,5.09,2.68,3.09,4.09,6.17,24,46,Low,2,1,0,1.1335950621620703
25,9.56,0.96,3.58,2.93,8.2,55,21,Moderate,2,1,0,0.47489534781429416
20,11.79,3.0,3.86,3.47,5.29,52,176,High,0,0,1,0.5818489752460582
35,9.26,4.03,1.68,0.5,6.66,179,174,Moderate,1,0,1,0.6166306029556585
34,10.69,2.22,1.72,5.71,7.09,179,160,Moderate,2,1,0,0.36856872136868846
22,8.56,3.39,2.33,1.64,8.37,101,18,High,0,0,0,0.6682242210018434
24,4.16,4.45,2.43,5.16,7.85,68,47,Moderate,0,0,0,1.6538457562870779
28,10.02,1.61,0.95,4.3,6.26,234,170,High,0,0,0,0.255488996458184
21,11.83,2.36,3.98,2.62,8.23,218,79,Moderate,1,0,1,0.535925567546444
31,9.99,5.6,2.38,3.59,6.45,24,28,High,0,1,0,0.798798718838967
24,4.69,2.79,2.97,5.05,6.77,240,151,Low,2,1,0,1.2281447274744717
26,8.58,1.85,3.52,5.05,8.85,74,158,Moderate,2,1,0,0.6258740529284321
18,5.8,5.33,1.09,3.27,8.25,57,75,Moderate,0,1,0,1.1068963608799378
18,8.97,3.92,1.97,4.6,8.28,179,176,Moderate,2,1,0,0.6566331486473636
21,3.35,5.82,3.03,0.53,6.37,32,168,High,2,0,1,2.641790256182013
18,5.53,4.21,0.62,0.68,6.47,239,132,Moderate,1,1,0,0.873417563577294
19,3.45,5.75,1.34,0.92,7.77,222,176,High,0,0,0,2.0550718680951103
25,4.48,0.94,3.55,3.15,7.62,184,103,Low,1,1,0,1.002231919144661
22,11.78,3.02,3.86,0.72,7.48,99,81,High,0,0,1,0.584040697449856
24,11.93,0.55,3.96,2.69,6.46,151,136,Moderate,2,0,1,0.37803852656843867
18,11.34,1.6,0.65,5.12,7.46,143,110,High,2,1,0,0.19841268091598935
21,7.0,0.68,3.29,4.83,7.27,159,41,Moderate,2,0,1,0.5671427761224606
34,4.14,5.94,0.83,5.9,7.55,238,101,High,0,1,0,1.6352653054914723
22,5.05,2.1,3.05,1.29,5.86,24,46,Low,1,1,0,1.0198017782570736
29,6.43,2.65,1.35,2.91,6.4,206,118,Moderate,2,1,0,0.6220838845903757
33,5.32,2.16,0.5,3.48,5.56,177,152,Low,2,1,0,0.49999990601505523
21,6.92,2.77,1.56,5.71,4.55,58,115,Moderate,2,0,1,0.6257224529302814
35,6.11,3.96,0.41,5.05,6.41,202,124,Moderate,1,0,1,0.7152208322060831
35,5.93,4.3,1.82,2.84,8.03,164,55,Moderate,1,0,1,1.0320402981382297
23,7.26,5.68,2.79,2.76,8.89,91,154,High,2,0,0,1.1666665059688006
30,5.19,2.12,1.81,3.57,5.27,32,42,Low,2,0,0,0.7572252876251854
23,11.74,4.58,2.09,1.79,5.08,87,59,High,0,0,1,0.5681430521172869
29,5.05,5.32,0.63,4.1,7.36,106,136,Moderate,1,1,0,1.1782175884717647
19,4.31,4.61,0.77,1.98,5.4,222,139,Moderate,0,1,0,1.2482595711694733
20,10.56,5.35,0.72,3.26,5.89,239,160,Moderate,1,0,0,0.5748105516277886
23,7.37,3.56,0.2,1.6,7.18,113,87,Moderate,2,0,0,0.5101763215500242
32,11.03,2.6,2.82,2.88,7.36,223,23,High,2,1,0,0.49138708146989296
30,6.13,1.23,1.61,5.29,5.63,141,65,Low,1,0,0,0.46329519358969107
21,6.27,1.8,1.8,5.68,7.88,146,30,Moderate,0,0,0,0.5741625878528568
19,6.66,3.78,3.22,3.94,6.29,191,67,Low,2,1,0,1.0510508932356015
28,10.48,5.7,3.79,5.83,7.44,130,26,Moderate,0,0,0,0.9055342647390969
31,3.5,4.01,0.16,3.24,6.51,140,75,Moderate,1,1,0,1.1914282310205053
31,10.51,4.04,1.74,2.97,7.23,88,113,High,0,0,0,0.5499523739341224
25,9.65,3.71,1.11,5.89,8.91,88,171,Moderate,0,0,0,0.4994818135252007
19,4.68,3.58,2.44,3.59,5.18,187,59,Low,1,0,0,1.2863245114691215
27,10.93,1.09,3.65,4.45,8.99,237,26,High,2,0,0,0.4336687617869386
18,5.09,1.78,0.05,4.05,7.69,117,35,Low,2,1,0,0.359528416595596
24,5.24,1.6,1.29,4.88,6.9,88,71,Low,2,0,0,0.5515266123040816
26,10.33,4.81,0.38,2.16,8.88,126,39,Moderate,0,0,0,0.5024200868906015
21,6.25,3.06,2.61,0.6,6.69,231,165,Low,0,0,0,0.9071998548480232
18,9.02,5.96,3.91,1.05,6.05,239,30,Moderate,0,0,0,1.0942349119473493
35,8.26,4.35,0.27,3.12,8.96,144,104,Moderate,1,0,1,0.5593219661837813
18,4.64,1.12,2.28,2.98,6.51,217,122,Low,2,0,1,0.7327584627675727
27,9.21,2.75,0.11,2.72,6.29,56,94,High,0,0,1,0.31053199668490805
29,3.58,5.15,0.27,4.86,8.39,148,176,High,1,1,0,1.5139660575513805
22,10.32,5.57,2.65,3.25,6.23,144,148,High,0,0,1,0.7965115507256251
20,8.46,5.45,2.16,4.03,5.7,116,74,Moderate,2,0,1,0.8995270804341513
22,11.39,2.98,3.25,3.86,6.51,88,46,Moderate,0,0,0,0.5469709791948218
34,7.52,4.51,1.17,3.71,5.38,120,177,Moderate,0,1,0,0.7553190484948074
25,11.92,2.16,1.02,0.65,6.8,204,145,Moderate,1,0,1,0.26677850110918616
25,7.9,2.38,0.54,5.58,5.48,36,94,Low,0,0,0,0.369620206377189
27,7.35,5.4,2.77,3.96,8.42,22,80,Moderate,2,0,1,1.1115644746170783
23,3.16,4.14,1.26,1.76,6.04,223,94,High,2,0,0,1.7088602187151203
20,11.36,5.09,2.66,3.6,6.91,198,148,Moderate,1,1,0,0.6822182498047316
32,5.63,5.44,1.05,5.95,6.53,233,86,Moderate,0,0,1,1.1527529035962871
23,3.47,4.64,2.13,5.33,4.77,219,122,Moderate,2,0,1,1.9510080832829728
22,10.32,0.81,0.46,1.45,6.79,25,37,High,2,1,0,0.12306200357926322
23,11.24,1.08,2.3,5.36,7.32,184,23,Moderate,0,0,0,0.3007117170185305
31,11.16,2.43,0.22,2.34,6.13,114,74,Moderate,0,0,0,0.23745517585527104
33,3.74,0.88,0.54,3.02,5.93,192,171,Low,1,0,1,0.379679042866566
20,9.29,3.96,1.71,5.1,6.93,171,147,Moderate,1,0,1,0.6103336264441738
29,8.19,3.62,0.97,5.64,8.46,193,85,High,0,0,1,0.5604394920098301
32,6.61,1.06,3.29,4.77,5.02,115,133,Low,0,0,1,0.6580936977165358
23,3.54,5.14,1.9,2.94,8.61,131,117,Moderate,2,0,1,1.9887000031920892
28,11.87,2.32,0.66,0.74,5.69,187,73,High,1,0,0,0.2510530538287234
33,11.79,5.5,2.64,4.03,7.65,186,73,Moderate,0,0,0,0.6904155478867221
18,6.58,1.55,2.45,1.7,5.2,50,107,Low,0,1,0,0.60790264317589
34,4.64,4.5,1.09,5.6,6.45,75,36,Moderate,0,0,0,1.2047411196678621
32,10.81,0.97,3.57,1.01,4.76,195,79,High,2,0,1,0.41998145976119705
29,8.48,5.55,0.9,4.12,5.95,103,85,High,2,0,0,0.7606131178522267
23,10.44,5.4,2.89,0.76,5.36,133,74,High,1,1,0,0.794061226622488
34,3.63,0.85,2.15,5.87,4.56,207,131,Low,2,0,0,0.8264460533206465
34,4.67,0.85,2.77,4.43,6.28,250,105,Low,1,1,0,0.7751604335844896
19,11.01,5.64,3.97,5.26,8.8,175,128,High,0,0,0,0.8728427908408001
20,5.46,3.77,0.25,6.0,6.07,178,40,Low,1,0,1,0.7362636014169227
26,5.48,1.88,0.26,5.56,8.47,161,180,Low,1,0,0,0.39051087764400033
23,6.25,2.32,3.11,5.3,5.35,227,53,Low,0,0,1,0.8687998609920222
20,4.23,5.35,2.98,2.05,7.27,46,95,Moderate,0,0,1,1.9692666739322282
25,8.14,1.14,2.65,4.2,7.15,35,160,High,0,0,1,0.465601908402714
26,8.61,5.49,2.27,5.6,5.41,95,159,Moderate,0,0,1,0.9012774795264252
31,10.98,5.11,1.81,4.26,5.3,95,174,High,1,0,1,0.6302367367726105
32,8.79,4.72,1.85,1.29,8.8,89,114,High,0,1,0,0.7474401880045294
21,11.41,4.54,1.94,3.55,4.83,169,49,High,0,0,1,0.5679228248972109
34,8.85,5.72,1.57,1.48,6.75,83,92,Moderate,1,0,1,0.8237287204826306
29,7.62,4.51,0.77,0.98,8.42,113,88,High,0,0,0,0.6929132948932683
26,5.88,4.86,3.67,2.22,5.51,72,56,High,0,1,0,1.4506800253945538
24,6.78,1.52,3.51,5.88,7.76,179,23,Moderate,1,0,0,0.7418877961817408
32,11.77,0.68,0.53,4.97,6.88,241,26,High,0,1,0,0.10280372958337047
33,11.36,5.55,2.16,1.9,4.87,198,55,Moderate,2,0,0,0.6786971233541266
23,7.44,4.36,1.86,4.53,5.42,213,123,Moderate,0,0,0,0.8360213930078773
19,10.2,5.11,3.36,4.76,8.28,69,114,High,2,0,1,0.8303920754517575
20,10.2,4.84,0.85,3.11,8.96,119,38,High,2,1,0,0.5578430825644037
32,8.31,5.79,3.15,3.77,6.86,117,59,High,1,1,0,1.0758121449082858
31,10.16,1.46,2.66,2.5,6.72,33,128,Moderate,0,0,0,0.4055117711110462
20,9.01,5.57,0.34,2.45,7.98,224,128,Moderate,0,0,0,0.6559377740357633
25,3.98,2.86,0.81,1.89,7.05,58,156,Low,0,0,1,0.9221103210778088
31,9.61,5.04,2.0,2.04,5.96,158,104,Moderate,2,1,0,0.7325701631040414
31,3.95,4.55,2.05,3.12,5.62,23,42,High,2,1,0,1.6708856529403409
29,7.74,5.22,2.43,5.13,7.92,146,157,High,2,0,1,0.9883719653266194
34,5.1,4.45,2.25,3.6,7.16,247,163,High,2,1,0,1.3137252326028956
21,5.84,0.94,2.91,4.39,6.26,21,165,Low,2,0,0,0.6592464624577975
33,5.84,4.12,1.41,3.84,8.09,199,69,Moderate,1,1,0,0.9469176460757456
31,9.79,4.98,3.98,1.39,7.47,217,130,High,0,1,0,0.9152195183636858
24,6.06,1.25,2.7,4.21,5.58,29,132,Low,2,0,1,0.6518150739579086
33,6.61,1.93,2.11,5.24,5.88,131,22,Low,1,1,0,0.6111950663850126
20,9.37,2.7,1.57,4.78,7.76,176,141,Moderate,1,1,0,0.45570966321134876
29,10.84,0.54,2.37,0.92,5.67,153,18,High,0,0,1,0.26845015973707015
28,10.79,5.08,1.46,0.51,5.42,122,70,Moderate,0,1,0,0.6061167186175423
33,5.9,2.34,2.95,3.97,5.44,67,122,Low,0,0,0,0.8966100175237258
23,5.55,0.81,3.6,3.34,8.78,228,100,Low,1,0,1,0.7945944514244232
19,10.18,1.68,0.07,4.01,4.79,211,99,High,0,0,0,0.17190568055936342
27,3.95,3.39,1.98,2.25,5.09,205,20,Low,1,0,0,1.35949332671055
29,11.9,0.59,1.33,5.85,5.66,167,111,Moderate,2,0,0,0.16134452425676266
35,10.18,3.64,1.24,5.16,7.72,35,87,High,1,0,1,0.4793712692169677
28,3.71,6.0,2.85,5.14,4.73,183,60,High,0,0,1,2.385444100958463
31,7.44,3.78,0.63,2.56,5.86,239,86,Moderate,2,0,1,0.5927418558142666
20,10.64,3.38,2.95,3.45,7.67,119,107,Moderate,2,0,0,0.5949247561160944
31,8.52,4.11,3.87,5.54,7.61,237,164,High,2,0,0,0.9366196083779804
33,5.48,1.0,3.63,4.43,6.63,144,18,Low,1,1,0,0.8448903567718326
35,6.48,2.13,0.25,5.42,4.73,29,153,Low,1,0,0,0.36728389393767064
28,8.71,1.06,0.74,0.67,5.48,41,167,Moderate,0,0,0,0.2066589889025271
28,5.06,2.34,2.52,4.46,5.8,62,123,Low,2,0,0,0.9604741184833757
35,11.04,2.66,3.13,5.55,4.7,241,172,High,0,1,0,0.5244564742340151
20,10.51,4.43,2.55,0.66,6.11,59,111,High,1,0,1,0.6641293373806529
22,7.17,5.6,1.78,5.38,7.41,36,28,High,1,0,0,1.0292885593739804
27,9.58,3.29,2.04,4.93,8.38,26,79,Moderate,2,0,0,0.5563673740743869
18,6.02,5.32,3.88,4.58,8.81,232,90,Moderate,1,1,0,1.5282389487975168
33,4.31,4.71,0.43,1.2,5.44,97,82,High,1,0,0,1.1925751293329165
34,3.3,3.85,1.47,5.56,6.05,164,177,Low,1,0,0,1.6121207235997808
29,10.87,4.7,0.15,0.81,6.35,154,89,Moderate,0,0,1,0.4461821116667792
35,3.79,1.01,0.17,5.09,8.86,65,172,Low,2,1,0,0.3113455642887693
24,6.44,2.28,0.41,5.46,4.53,146,81,Low,2,1,0,0.4177017984935095
18,8.58,5.61,3.7,4.78,4.66,197,142,High,2,1,0,1.0850814586152147
29,6.26,5.41,1.54,5.97,5.35,195,87,Moderate,1,0,1,1.110223464820533
27,10.51,3.01,3.18,3.91,7.65,189,16,High,0,0,1,0.5889628364450203
19,6.22,0.6,0.86,1.2,8.28,234,118,Low,0,1,0,0.23472665036549029
25,3.87,5.19,0.1,3.07,4.65,78,15,High,0,0,0,1.3669247113889633
33,6.77,3.93,1.68,4.09,8.64,134,16,Low,1,0,1,0.828655712163115
19,11.85,3.93,3.79,0.54,7.45,249,159,Moderate,1,1,0,0.6514767382720054
27,9.93,3.4,1.41,2.38,7.34,29,66,High,1,1,0,0.4843906863654898
19,3.48,4.09,3.8,4.99,8.84,30,100,High,0,0,1,2.2672407278043885
26,5.2,3.18,1.96,0.82,5.44,250,157,Low,0,0,1,0.9884613483728176
24,6.38,3.7,2.74,5.59,5.63,192,35,Moderate,1,0,0,1.0094042305009043
26,10.12,4.07,1.41,0.77,8.77,95,69,High,0,1,0,0.54150192277649
30,8.13,2.53,1.1,1.27,8.35,162,60,Moderate,1,0,1,0.4464944100252878
25,3.33,3.7,2.54,5.4,5.2,240,33,Low,1,0,0,1.8738733111491557
24,6.86,3.2,0.45,3.16,5.81,60,31,Low,0,0,0,0.5320698932842721
25,6.78,3.68,1.98,3.09,8.39,178,109,Low,0,1,0,0.8348081364589769
35,6.86,3.48,3.75,2.86,6.0,95,40,Moderate,0,0,0,1.0539357064233663
32,5.72,1.87,3.79,3.19,7.23,84,54,Low,1,1,0,0.9895103165191754
31,3.26,1.59,0.62,4.77,8.99,96,82,Low,0,0,0,0.6779139024803981
26,3.51,1.26,2.86,1.06,5.65,84,61,Low,1,0,0,1.173788839376399
20,11.11,1.51,2.52,3.09,5.74,191,42,Moderate,2,0,1,0.3627362409778362
33,7.57,1.54,0.52,3.27,5.79,69,148,Moderate,0,0,0,0.2721267804323936
19,10.72,4.33,3.59,5.28,8.12,27,163,High,0,1,0,0.7388059012307928
20,7.23,0.92,1.47,0.98,8.38,185,134,Low,1,1,0,0.33056703588284425
19,5.86,4.28,1.0,1.0,8.8,61,47,Moderate,1,1,0,0.901023737026666
22,6.98,2.13,1.23,4.27,7.52,243,23,Moderate,0,0,0,0.4813752892012479
31,8.88,5.77,2.34,1.51,8.54,58,96,High,1,1,0,0.9132881854405196
23,8.76,4.67,0.25,2.08,5.65,214,103,High,1,1,0,0.5616437715018526
30,3.36,2.39,2.01,2.5,6.1,158,143,Low,2,1,0,1.3095234197846966
26,7.25,4.26,1.01,4.6,7.1,221,157,Moderate,2,1,0,0.7268964514625583
25,10.89,4.93,3.28,1.3,8.26,40,62,High,1,0,0,0.7539025937646837
22,6.21,1.0,3.16,3.01,8.28,45,178,Low,2,1,0,0.6698871707106006
22,6.93,5.63,0.57,3.25,4.51,34,128,Moderate,2,1,0,0.8946607655612171
29,5.3,2.1,1.1,1.85,8.68,162,28,Low,1,0,0,0.6037734709861375
34,11.59,0.92,3.39,3.92,8.78,116,54,Moderate,0,0,0,0.3718722716244805
26,9.96,3.65,1.07,4.24,6.44,112,159,High,0,0,0,0.4738955347494443
34,8.02,2.49,1.87,1.67,6.16,173,37,High,2,0,0,0.5436408299699714
23,6.74,1.21,0.75,5.57,4.68,176,118,Moderate,1,1,0,0.2908011437980499
33,3.1,1.24,0.15,5.19,5.78,141,108,Low,2,1,0,0.4483869521332412
33,4.14,2.22,1.28,3.89,8.47,146,146,Low,2,1,0,0.8454104238139073
26,3.48,2.43,2.16,5.51,8.96,123,127,Low,0,0,1,1.3189651382284084
24,6.98,4.99,3.75,5.02,7.0,30,66,High,0,0,1,1.2521488177437223
29,10.43,0.99,0.77,2.35,6.87,64,65,Moderate,1,0,1,0.16874399149146777
25,5.75,2.89,1.5,3.93,7.54,121,94,Low,1,0,0,0.7634781280907604
27,6.05,4.53,1.1,3.26,5.52,151,16,Moderate,2,1,0,0.9305783585820896
18,6.95,2.65,1.17,3.4,8.4,141,105,Moderate,1,0,1,0.549640208684862
25,8.41,0.86,0.73,5.8,6.08,55,97,Moderate,0,0,1,0.18906061961229256
32,11.3,5.82,1.9,2.75,7.48,140,147,Moderate,0,1,0,0.6831857802490461
28,10.87,3.25,0.84,2.72,4.68,200,174,High,1,0,0,0.3762649147870364
25,11.64,2.62,1.17,4.27,6.89,80,76,High,2,0,1,0.32560134659782247
28,3.06,5.65,0.16,3.75,7.71,138,31,High,2,0,1,1.8986921899698725
29,3.65,5.85,0.34,1.17,7.96,61,159,High,0,0,0,1.6958899463315213
30,10.2,3.52,1.56,1.62,8.89,95,114,Moderate,0,1,0,0.4980391668589053
32,7.11,3.81,2.48,3.09,5.96,242,96,Low,2,0,1,0.8846693551801188
20,6.68,1.3,0.14,3.94,5.78,184,45,Low,1,1,0,0.21556883000466617
25,11.12,3.43,3.6,1.8,6.31,65,163,Moderate,0,0,1,0.6321941877523214
27,8.78,5.27,2.96,3.72,5.64,205,171,Moderate,0,0,0,0.937357524218961
27,5.94,1.31,2.4,3.99,5.39,177,58,Low,1,0,1,0.6245790194311415
24,8.23,1.22,2.63,2.79,8.09,20,67,High,2,1,0,0.46780067219918925
31,10.08,1.31,2.43,4.79,6.31,57,176,Moderate,2,0,1,0.3710317092230448
23,4.7,4.8,0.47,2.82,4.63,70,28,High,2,0,0,1.1212763571752429
25,11.04,0.94,0.35,5.48,8.36,206,39,High,0,1,0,0.11684781550291529
23,7.13,2.77,1.87,3.19,8.74,63,146,Low,0,0,0,0.6507712972270271
29,5.31,4.14,3.03,1.63,7.47,211,137,High,2,1,0,1.3502822315852672
21,9.56,5.74,1.9,2.5,6.44,132,20,High,0,1,0,0.7991630963218519
31,4.97,2.22,2.71,0.85,5.34,25,111,Low,0,1,0,0.9919515106737403
30,11.62,2.27,3.8,1.52,4.61,166,80,High,2,0,0,0.5223751701914656
29,4.12,1.03,2.39,4.98,6.0,220,133,Low,0,0,1,0.830096885898814
34,10.4,4.92,0.73,1.73,7.89,234,77,Moderate,1,0,1,0.5432691785318098
35,8.11,2.54,3.47,5.92,6.09,218,31,High,0,0,1,0.7410603278593925
35,10.68,4.23,0.48,2.56,7.92,109,49,Moderate,2,0,1,0.4410111946618733
33,4.11,0.57,0.41,1.0,7.0,26,94,Low,0,1,0,0.23844276436915707
22,6.47,0.77,2.68,4.01,6.41,50,27,Moderate,0,0,0,0.5332302112472626
31,10.74,3.77,1.76,0.64,5.78,220,64,High,0,0,1,0.5148975312013473
25,6.3,2.93,2.3,3.48,6.48,247,139,Moderate,1,0,0,0.8301585983875241
31,5.63,3.66,1.51,1.8,5.18,87,115,Low,0,0,0,0.9182946859156863
35,8.36,2.81,2.35,1.58,8.88,181,55,Moderate,1,0,1,0.6172248065520567
22,6.88,0.61,1.13,1.24,4.59,226,103,Low,1,1,0,0.25290693998445635
20,8.93,5.01,3.9,1.81,5.43,180,61,High,1,0,1,0.9977602466113947
23,6.07,5.72,3.95,3.72,8.96,175,117,Moderate,0,1,0,1.5930804624249648
30,8.12,4.78,3.36,1.06,6.93,218,145,Moderate,2,0,0,1.0024629307311663
25,10.14,2.09,0.33,0.61,8.69,194,155,High,1,0,0,0.23865875358394933
34,10.91,2.89,1.85,4.27,8.17,141,30,Moderate,1,0,1,0.4344637548612507
22,11.51,3.96,0.16,5.78,7.75,114,110,Moderate,2,1,0,0.3579495779366136
28,9.25,2.78,2.2,3.39,8.0,33,156,High,1,0,1,0.5383783201753168
25,10.58,1.47,0.41,3.08,6.36,198,35,High,2,0,1,0.1776937450194948
20,11.02,2.54,2.53,5.82,4.98,199,141,High,1,0,0,0.46007255353243626
23,3.46,5.81,2.58,4.72,5.18,52,81,Moderate,1,0,1,2.424854790504396
31,7.24,2.51,1.81,2.87,5.55,59,106,Moderate,2,0,0,0.5966850004578729
32,11.51,5.63,1.63,4.16,5.05,61,16,High,1,0,1,0.6307558096650036
28,6.11,1.84,3.0,1.89,6.67,204,86,Moderate,2,1,0,0.7921438965394604
32,10.72,3.11,3.62,3.83,5.47,110,173,Moderate,0,1,0,0.6277984488993985
35,5.7,3.55,3.95,1.86,5.18,170,18,Low,1,0,0,1.3157892428439923
24,7.38,5.67,2.76,5.74,6.95,153,165,High,2,0,0,1.1422762679842455
24,5.49,2.33,3.09,4.32,4.85,233,158,Low,0,0,0,0.9872493647997513
35,10.9,3.05,0.03,5.28,7.81,244,38,Moderate,0,1,0,0.2825687814157081
25,9.66,2.3,2.27,2.31,7.27,55,63,Moderate,1,0,1,0.47308483715477884
29,11.71,4.62,2.27,4.61,7.74,82,156,Moderate,2,1,0,0.5883859446297229
24,7.01,3.37,0.82,4.12,5.97,154,30,Moderate,2,0,1,0.59771746109594
34,3.61,5.75,2.15,2.28,7.27,37,104,High,1,0,0,2.1883650447742258
22,10.61,5.33,1.85,0.79,6.37,120,90,Moderate,1,0,0,0.6767200116192261
22,7.77,3.94,3.87,5.6,6.93,176,42,Moderate,2,0,0,1.0051478757853443
31,4.93,4.0,1.82,4.75,7.08,81,145,Low,1,1,0,1.1805271439093015
25,10.56,1.6,1.81,5.24,8.62,171,42,High,0,1,0,0.3229166360874398
28,7.1,5.42,2.7,1.69,4.59,33,59,High,0,1,0,1.143661810751858
23,11.16,2.52,2.08,0.9,7.04,83,53,Moderate,0,0,1,0.41218634299405527
34,7.57,3.89,3.65,0.87,6.32,241,22,Low,0,0,1,0.9960368565341008
28,11.86,3.23,3.07,0.99,6.35,107,144,High,2,0,1,0.5311972570659986
24,9.53,3.62,2.03,4.14,7.32,109,66,High,1,1,0,0.592864575774966
27,7.47,2.07,0.73,5.03,8.21,74,25,Moderate,0,0,1,0.37483261381089505
25,5.43,2.73,0.29,1.73,7.5,234,135,Low,0,0,0,0.5561693266723156
28,10.61,4.53,2.46,1.23,7.77,171,159,Moderate,2,0,0,0.6588123789997758
21,5.86,5.3,1.81,3.15,8.37,61,50,Moderate,0,0,0,1.2133103731552262
21,6.42,0.85,3.03,3.52,5.35,154,41,Low,2,0,0,0.6043612765792404
22,5.68,5.9,0.05,2.23,8.73,157,69,Moderate,0,0,1,1.0475350268424248
24,10.93,4.08,2.52,3.1,8.06,43,94,Moderate,1,0,0,0.6038425797033322
32,8.26,3.18,2.19,1.71,8.47,63,56,Moderate,2,1,0,0.6501209866681615
32,5.75,2.43,3.75,2.73,7.93,80,17,Low,0,0,1,1.0747824217769701
30,10.12,4.08,0.75,0.78,5.11,25,179,High,0,1,0,0.47727268011139534
26,4.41,5.66,3.98,3.26,5.92,39,66,High,0,1,0,2.1859405474057714
35,8.54,1.27,0.21,0.62,5.93,209,155,Moderate,1,1,0,0.1733020874353528
25,4.44,3.83,1.11,2.56,5.49,25,47,Low,2,0,1,1.1126123620242427
33,6.92,2.38,2.08,3.97,6.72,184,135,Low,1,0,1,0.6445085773831536
23,7.11,3.67,2.46,1.88,5.46,165,79,Low,1,0,0,0.8621658421707675
34,8.62,1.16,1.41,1.02,6.65,91,130,Moderate,0,0,0,0.29814381692067093
34,4.1,3.02,1.71,2.21,4.56,175,121,Low,0,1,0,1.1536582552053039
24,8.1,5.79,2.12,5.66,7.66,137,29,High,1,0,1,0.9765430893156681
28,5.67,5.74,3.58,3.57,7.0,105,17,Moderate,1,0,1,1.6437386871713073
24,3.24,5.25,2.22,0.59,7.44,162,48,High,1,0,0,2.305554843964554
23,3.5,4.8,2.0,5.19,5.87,55,57,High,1,1,0,1.9428565877552606
33,6.79,3.27,2.51,1.21,5.6,44,102,Low,1,0,1,0.8512517155741213
23,10.1,3.84,1.43,2.29,6.51,100,75,High,2,1,0,0.5217821265562251
31,11.19,4.32,1.01,1.54,7.09,27,135,Moderate,1,1,0,0.4763180986310904
33,8.12,4.3,0.01,5.42,8.87,67,46,Moderate,0,0,1,0.5307881119719075
25,4.4,4.98,2.77,3.39,8.88,175,136,High,2,1,0,1.7613632360538098
19,8.72,1.26,1.69,4.68,4.64,234,149,High,0,0,0,0.33830271349739527
32,6.04,5.42,0.97,2.66,7.49,143,135,Moderate,1,1,0,1.0579468447107871
32,7.92,4.42,3.49,4.13,5.22,63,146,Moderate,0,0,0,0.9987372476341859
20,6.95,4.58,3.82,1.53,5.45,33,152,Moderate,0,0,1,1.2086329196211627
35,3.94,3.11,1.28,4.36,7.71,217,96,Low,1,0,0,1.114212915174387
21,11.25,1.45,0.8,5.15,7.98,163,111,High,0,0,1,0.19999998222222382
22,7.42,4.09,0.98,3.54,5.55,204,33,High,2,0,1,0.6832883176161297
18,10.25,2.88,1.31,0.91,6.87,172,140,Moderate,2,0,1,0.4087804479238587
18,3.68,5.53,2.17,5.78,5.72,115,139,Moderate,1,1,0,2.092390735763387
35,3.77,5.43,0.39,4.99,6.68,173,20,Moderate,1,1,0,1.5437661687622892
34,6.33,1.79,1.93,2.68,5.39,197,99,Low,1,0,1,0.5876776322784151
32,4.5,5.53,3.27,3.82,5.05,156,108,Moderate,1,0,1,1.955555120987751
31,4.28,1.72,1.43,2.64,7.11,193,152,Low,0,1,0,0.7359811364530054
27,8.27,3.75,3.8,1.6,5.64,118,164,High,1,0,0,0.9129382209264546
27,8.05,0.54,0.45,0.6,6.17,98,101,Moderate,2,1,0,0.12298135118244084
25,8.73,3.2,3.5,3.53,8.95,101,179,High,1,1,0,0.7674684115156459
27,6.05,4.29,3.64,5.08,4.6,46,132,High,1,1,0,1.3107435850010603
23,6.85,3.12,0.53,0.92,8.49,194,90,Low,0,0,0,0.5328466375406369
30,6.22,3.18,1.72,2.67,6.55,153,35,Moderate,1,0,1,0.7877812238293853
26,7.17,5.21,3.34,2.59,5.26,121,160,High,2,0,1,1.1924684529332703
31,4.08,5.81,0.02,1.94,6.09,179,141,High,1,1,0,1.428921218401662
26,8.58,5.53,0.12,4.84,8.66,173,57,Moderate,0,0,0,0.6585080817589649
29,6.86,5.84,3.21,1.48,8.37,136,157,Moderate,0,0,0,1.3192417901979898
35,3.1,4.39,1.73,3.08,7.24,250,65,Moderate,2,1,0,1.9741929115506733
32,8.04,5.79,3.81,4.21,6.23,236,42,High,0,0,1,1.1940297022351118
19,4.74,5.12,1.8,5.85,5.91,96,33,Moderate,0,0,0,1.4599153038153365
33,11.54,1.77,1.67,2.26,7.55,136,179,Moderate,1,1,0,0.29809356169033263
28,6.08,4.54,2.34,4.17,6.65,68,144,Moderate,0,1,0,1.131578761253493
19,6.21,1.28,0.67,0.61,8.53,128,120,Moderate,1,0,0,0.314009611270594
27,6.18,1.84,0.8,1.75,5.05,226,127,Moderate,1,1,0,0.4271843968957287
24,3.78,3.08,1.83,4.05,5.61,167,119,Low,1,1,0,1.2989414553064933
33,10.12,2.53,3.27,3.63,6.99,64,132,High,0,1,0,0.5731224730116135
29,3.65,0.51,2.47,3.0,8.24,107,94,Low,1,1,0,0.8164381324827036
27,7.27,4.26,1.84,5.01,4.95,53,147,Moderate,2,1,0,0.8390645338288124
26,3.9,5.97,0.48,1.58,6.38,29,38,Moderate,0,0,0,1.653845729783146
24,6.09,5.63,2.54,5.26,6.52,162,20,High,2,1,0,1.3415432936710519
34,7.8,1.56,2.23,4.13,5.8,173,113,Low,2,0,1,0.4858973736029008
26,5.37,2.05,2.48,4.47,6.73,62,78,Low,2,0,1,0.8435752619040479
28,7.33,4.37,3.55,2.39,6.88,79,63,Moderate,0,0,1,1.0804909849261957
29,3.74,5.47,2.22,1.79,6.95,169,60,High,1,0,1,2.0561491828478116
33,9.5,3.63,3.55,3.0,5.41,196,167,High,2,0,1,0.7557893941274322
34,10.27,4.52,2.07,4.56,7.19,124,126,Moderate,0,0,1,0.641674718434789
27,7.73,3.54,3.27,4.62,9.0,243,148,Low,0,0,1,0.8809830684368605
20,7.55,4.9,0.55,4.6,6.19,97,46,Moderate,0,0,0,0.7218542090259326
35,5.15,3.68,3.94,4.0,7.97,153,20,Low,0,0,0,1.4796113631822594
23,9.54,2.96,3.81,4.15,6.92,133,116,High,0,1,0,0.7096435314839066
30,4.31,5.99,3.72,0.94,7.52,206,172,Moderate,1,0,1,2.252899709304012
35,9.38,0.84,3.19,5.51,7.66,221,111,Moderate,2,1,0,0.42963748084888265
22,9.62,2.87,2.77,1.82,7.63,195,80,High,0,1,0,0.5862785253348728
21,3.63,4.73,0.09,4.53,8.42,63,60,High,0,0,0,1.3278233256685055
21,8.57,5.18,3.99,3.63,7.47,82,72,High,0,1,0,1.0700115437559459
28,5.62,3.72,1.0,1.27,8.01,243,124,Low,0,1,0,0.8398575018047151
18,10.82,2.97,0.53,2.62,5.42,148,175,Moderate,0,1,0,0.3234750163146935
23,10.42,4.03,0.22,4.76,7.89,206,119,Moderate,2,0,0,0.4078694426228942
20,7.12,1.85,3.45,2.64,5.22,170,70,Moderate,0,0,1,0.744381917923888
26,9.01,5.44,3.72,2.43,4.87,220,101,High,2,1,0,1.0166480558659208
29,3.19,4.85,3.56,3.01,4.84,56,49,Moderate,0,0,1,2.6363628099176144
18,10.96,1.08,1.24,2.65,5.81,78,169,Moderate,0,1,0,0.21167881280302805
28,8.04,5.12,3.74,4.31,8.16,128,107,Moderate,2,1,0,1.1019899126878219
34,3.64,2.2,3.15,3.87,7.36,96,100,Low,0,1,0,1.4697798159945559
30,7.19,5.52,3.13,3.76,7.44,245,66,High,2,0,1,1.2030596379611072
18,6.46,2.68,0.58,4.2,6.72,99,135,Low,1,1,0,0.5046438847300488
27,10.64,5.9,2.16,5.55,6.48,58,138,High,1,0,0,0.7575187257971123
35,8.36,3.17,0.22,2.95,8.21,96,180,Moderate,0,1,0,0.4055023438394326
30,11.29,3.83,0.54,5.33,8.02,204,142,Moderate,2,0,1,0.38706816766446706
27,4.2,3.99,0.12,2.76,6.76,136,72,Low,0,0,0,0.9785711955782868
30,6.17,1.47,3.6,5.17,7.55,158,16,Low,2,0,0,0.8217178570959713
21,3.08,0.59,1.07,2.89,7.35,25,100,Low,0,1,0,0.5389608639737454
19,8.62,4.88,2.98,1.43,5.72,127,51,High,1,1,0,0.9118328408546589
18,6.25,1.85,3.05,4.52,8.43,234,82,Low,1,0,1,0.7839998745600201
33,5.34,1.88,1.85,2.06,7.43,158,165,Low,2,0,0,0.6985017418536064
31,11.92,0.99,2.13,2.83,8.21,116,69,Moderate,0,1,0,0.26174494448448454
23,8.79,4.14,2.05,5.46,7.52,166,138,Moderate,2,0,1,0.7042092486678899
33,4.14,4.71,2.77,2.46,6.84,55,143,Moderate,2,1,0,1.8067628486080078
27,4.73,4.14,2.86,4.15,5.18,58,25,High,0,1,0,1.4799151205253442
31,8.17,3.51,2.17,3.49,8.48,80,81,High,2,0,1,0.6952263530934697
34,9.74,4.08,3.02,0.89,4.8,50,53,High,1,0,1,0.7289526972327827
23,6.53,5.65,2.45,3.12,7.9,55,56,High,0,0,0,1.2404286002406433
30,3.62,3.03,2.92,5.77,5.86,206,109,Low,1,0,0,1.6436459547939348
18,5.65,5.71,2.57,2.2,7.36,113,64,High,0,1,0,1.4654864662855809
35,10.93,1.7,3.66,1.76,4.93,195,149,Moderate,1,0,0,0.49039336775906983
21,11.23,2.66,0.43,5.94,8.66,52,125,Moderate,1,0,0,0.27515580808942053
27,11.96,5.37,0.23,5.11,5.8,244,28,High,2,0,0,0.46822738559971694
21,9.51,1.24,3.51,5.96,8.02,55,174,Moderate,0,0,0,0.4994741851236399
31,10.27,2.06,3.49,3.12,7.52,154,78,High,1,0,0,0.5404089055103306
35,6.29,1.1,3.86,1.7,8.62,110,163,Moderate,0,0,0,0.7885531337753364
35,4.68,5.85,2.19,0.99,6.7,121,166,High,2,0,0,1.717948350865737
35,10.98,3.87,3.01,4.63,7.33,66,94,Moderate,1,0,0,0.6265937498548497
22,5.97,4.14,1.77,5.13,4.83,43,97,High,1,0,0,0.9899495829230179
31,11.6,1.07,2.74,4.99,6.45,177,87,High,2,0,0,0.32844824754756496
23,10.09,1.24,1.42,4.17,6.25,170,164,Moderate,1,1,0,0.2636273276880746
27,7.76,5.23,2.7,4.45,6.29,247,68,Moderate,1,0,0,1.021907084805788
26,7.43,2.5,2.74,3.68,7.59,146,34,Moderate,2,0,1,0.7052488956596372
29,11.97,3.89,0.31,0.71,7.26,239,131,High,1,1,0,0.3508771636694099
22,11.27,1.89,0.12,5.17,5.61,112,49,Moderate,0,0,0,0.17834958488468636
30,8.28,3.17,2.78,0.82,8.03,66,45,Moderate,1,1,0,0.7185989470291128
31,3.83,2.71,0.31,5.9,5.66,164,71,Low,2,0,1,0.7885115434695709
23,4.49,4.4,2.37,1.05,8.11,110,95,Moderate,1,0,1,1.5077947644109655
31,11.34,5.13,2.23,3.17,5.56,203,16,Moderate,2,1,0,0.6490299251296362
29,9.63,4.06,0.93,2.65,5.67,217,163,High,0,1,0,0.5181723241773287
23,9.72,3.57,0.71,4.66,8.0,82,46,High,2,1,0,0.4403291728056406
29,11.6,2.15,1.76,4.73,5.64,237,150,Moderate,0,1,0,0.3370689364595745
26,4.94,5.12,0.37,6.0,6.68,48,131,High,1,0,1,1.1113358074219013
26,4.7,3.5,2.23,1.38,5.12,109,143,Low,1,0,0,1.2191486767768773
19,9.52,3.5,3.31,5.61,7.37,74,42,Moderate,1,0,0,0.7153360593134392
26,7.95,3.55,3.63,2.36,7.66,29,138,Low,2,0,1,0.9031445404849634
27,6.1,5.03,2.05,3.66,5.15,235,149,Moderate,1,0,1,1.160655547433517
23,4.29,5.06,2.18,3.61,4.75,71,80,High,1,0,1,1.687645294255176
25,4.9,2.93,2.17,2.46,6.98,92,102,Low,0,0,1,1.0408161141191603
34,3.85,3.27,3.21,1.27,5.55,196,41,Low,2,0,1,1.6831164459437802
33,9.99,2.69,1.12,2.23,6.84,239,78,High,1,1,0,0.3813813432050708
34,7.64,5.45,3.06,5.48,5.24,134,17,High,2,0,0,1.113874199754686
33,5.13,3.43,1.25,1.49,8.03,100,30,Low,1,1,0,0.912280523921925
31,7.85,4.2,2.88,1.93,6.4,79,114,Moderate,0,0,0,0.9019107131323932
27,6.38,1.22,1.02,3.73,8.36,43,59,Moderate,2,1,0,0.35109712365248846
21,8.97,1.93,0.48,4.02,7.1,85,161,High,2,0,1,0.2686733256774442
21,4.06,2.32,3.76,3.27,8.28,21,61,Low,0,1,0,1.4975365769614344
35,3.12,5.65,0.28,2.21,7.25,35,43,High,1,0,1,1.900640416461405
33,10.06,0.57,2.48,0.8,5.94,57,138,Moderate,2,0,0,0.3031808843756576
28,7.97,5.18,1.67,1.5,5.63,108,88,Moderate,2,0,0,0.8594729160008888
18,6.6,2.82,0.4,2.26,7.32,232,168,Low,1,0,0,0.4878787139577706
33,4.64,5.16,1.75,5.61,7.1,78,87,Moderate,1,0,1,1.4892238169776257
27,5.45,0.91,1.76,1.27,5.84,26,128,Low,2,0,1,0.4899081669893271
26,8.67,5.67,0.4,3.35,8.71,96,133,High,2,0,1,0.7001152595022769
29,4.72,3.65,0.09,5.78,5.16,236,28,Low,1,0,0,0.7923727134803573
22,10.91,4.72,1.39,1.46,7.59,214,131,Moderate,0,0,1,0.560036612278954
27,8.69,1.82,0.41,5.46,7.73,101,179,High,1,0,1,0.2566167713904751
19,10.88,0.64,1.82,0.8,7.61,167,131,Moderate,0,0,0,0.22610292039495217
34,3.08,2.75,1.78,2.17,6.75,150,163,Low,0,1,0,1.4707787432536548
31,7.52,5.74,0.5,5.14,6.41,81,69,Moderate,2,0,0,0.8297871236985208
28,11.07,5.42,2.89,2.5,5.23,57,155,High,2,0,1,0.7506774389631944
21,9.51,5.2,1.52,4.94,7.54,150,24,High,1,0,0,0.706624531374918
20,8.01,3.04,1.94,5.33,6.33,215,86,High,0,1,0,0.6217227688236245
26,10.96,4.2,2.31,1.33,7.47,76,124,Moderate,0,0,1,0.5939780479947037
23,8.46,3.81,2.04,4.82,8.24,74,91,High,2,0,0,0.6914892799658061
25,7.84,5.58,1.55,2.4,7.31,115,68,Moderate,1,1,0,0.9094386595103751
23,7.33,3.91,2.38,2.13,8.73,80,172,Low,2,0,0,0.8581172089881024
25,3.13,5.58,0.77,5.04,7.93,243,24,High,1,1,0,2.028753345446215
29,3.68,5.77,2.16,3.59,7.0,201,62,Moderate,0,0,1,2.1548907187796957
23,5.67,3.28,0.26,2.57,5.88,69,129,Low,1,0,0,0.6243385142260116
25,8.13,2.17,2.14,3.64,5.09,104,144,High,1,0,0,0.5301352361457274
29,8.34,5.47,1.81,1.52,5.27,191,28,High,2,0,1,0.872901573992617
30,7.17,3.87,1.94,3.89,6.22,82,136,Low,2,0,0,0.8103206680166433
21,10.81,0.67,2.21,5.5,6.37,33,150,Moderate,0,1,0,0.26641995685291797
32,6.56,1.69,0.65,1.34,8.86,129,163,Moderate,1,0,0,0.3567072626970636
28,5.68,4.0,3.25,3.05,5.75,183,127,Low,0,0,1,1.2764082259844673
19,3.81,5.39,2.07,5.98,7.25,70,138,High,0,0,1,1.9580047354318277
31,11.74,2.27,1.52,0.64,8.35,41,117,High,2,1,0,0.32282791117309106
20,6.12,5.53,0.95,2.5,6.99,225,154,High,2,0,0,1.0588233564014125
18,6.2,5.17,3.99,3.16,7.46,67,178,Moderate,1,0,1,1.4774191165453037
26,9.6,5.21,2.16,5.54,8.57,128,77,High,2,0,1,0.7677082533637237
22,10.01,5.2,1.69,4.36,5.01,174,173,Moderate,1,1,0,0.6883116195492889
21,10.3,1.59,0.03,4.13,7.26,48,125,Moderate,1,0,0,0.15728153812800602
33,4.66,2.3,1.32,5.39,4.64,176,68,Low,1,1,0,0.7768238676343632
23,3.09,4.13,1.41,2.3,7.47,23,42,Moderate,1,0,1,1.7928796786797156
28,11.37,3.74,3.06,1.29,5.09,108,82,High,0,0,1,0.5980650309529437
23,9.18,1.66,2.58,0.96,5.28,97,65,Moderate,0,1,0,0.46187358803119966
18,4.96,3.96,0.96,1.27,6.71,128,163,Low,1,0,0,0.9919352838840153
33,11.1,5.28,0.05,3.98,6.81,50,22,High,1,0,0,0.48018013692070843
30,7.32,2.18,0.82,5.6,5.81,186,63,Moderate,1,1,0,0.4098360095852446
32,3.35,0.88,0.29,4.68,7.58,70,65,Low,1,0,0,0.34925362708846946
24,7.33,5.97,0.1,0.62,4.77,82,110,Moderate,0,0,1,0.8281035705179303
33,8.01,5.44,1.15,5.27,7.56,135,175,High,1,1,0,0.8227214952906998
18,5.21,4.14,0.5,2.88,8.4,63,127,High,0,0,1,0.8905948386574205
22,11.49,2.98,2.55,3.05,5.09,174,92,High,0,1,0,0.48128803470078024
20,3.03,1.53,0.95,3.97,7.66,22,162,Low,2,0,0,0.8184815780588851
32,10.68,3.57,3.68,3.97,5.74,209,105,High,2,1,0,0.6788388877491679
24,10.89,0.71,0.64,3.76,8.03,94,91,Moderate,0,0,1,0.12396693076520379
27,9.63,1.7,0.37,1.84,8.23,215,24,High,2,0,1,0.21495324870682775
23,8.59,2.56,0.76,4.64,7.18,194,15,Moderate,2,1,0,0.3864958805010617
23,3.22,2.99,0.61,0.61,7.63,103,106,Low,0,1,0,1.1180120751515294
31,9.36,1.73,2.55,1.14,5.59,142,87,Moderate,1,0,0,0.45726490841186873
25,11.78,3.89,0.53,3.18,5.56,28,165,Moderate,1,0,1,0.37521219225702956
23,5.93,3.02,0.98,2.92,6.24,217,81,Low,0,0,0,0.6745361425740063
22,10.86,1.77,2.0,4.77,7.27,99,31,High,0,1,0,0.34714545606395436
21,5.11,3.4,1.89,3.59,5.23,176,109,Low,0,0,1,1.0352248463356464
26,10.99,4.64,2.14,2.05,8.06,198,175,High,2,0,1,0.6169244206620181
25,7.52,1.51,2.18,2.35,4.81,214,28,Moderate,1,0,0,0.490691424110183
35,11.01,4.35,2.84,5.24,6.16,165,118,Moderate,1,1,0,0.6530426291514415
21,7.66,0.58,2.45,4.5,7.77,160,155,Low,1,0,1,0.3955613060624927
29,8.56,0.55,2.93,0.88,7.09,197,26,Moderate,2,0,0,0.4065420085815411
30,4.84,4.42,1.54,1.3,5.72,93,125,High,1,0,0,1.2314047042552263
21,6.28,3.2,1.8,5.01,8.52,106,103,Moderate,1,0,0,0.7961782171690737
35,5.67,5.6,2.73,3.07,8.5,168,168,Moderate,1,0,0,1.469135543362338
25,5.84,2.71,1.68,3.25,8.75,147,15,Low,2,1,0,0.7517122000492807
20,9.15,2.62,0.61,3.29,8.63,33,20,Moderate,1,1,0,0.3530054259010464
31,11.48,3.3,3.56,1.3,5.37,111,145,Moderate,2,0,1,0.5975609235574109
35,11.42,5.83,1.14,2.15,7.36,99,114,Moderate,1,0,1,0.6103326961179776
20,4.62,5.97,0.7,1.29,6.35,35,123,Moderate,0,0,1,1.4437226312288676
21,7.27,1.37,3.09,2.22,5.15,39,157,Low,1,0,1,0.6134799706354924
31,7.35,2.86,1.82,4.39,7.13,195,157,Moderate,1,0,0,0.6367346072469922
32,11.33,5.41,3.63,4.74,7.29,143,48,High,2,1,0,0.7978816594985296
31,4.79,3.13,2.15,3.01,8.78,59,120,Low,1,0,0,1.1022962208149851
34,3.99,2.79,1.35,4.12,7.27,122,93,Low,2,1,0,1.0375937249138534
23,11.53,3.46,3.8,4.42,6.67,181,165,Moderate,1,0,1,0.6296616973407028
26,3.8,1.85,3.12,2.04,7.2,207,42,Low,0,0,1,1.3078943926593705
20,5.43,0.95,1.41,1.32,8.33,85,102,Low,2,1,0,0.4346223877306836
27,4.96,5.63,1.38,0.81,8.67,117,169,Moderate,2,0,0,1.4133061666721438
20,3.54,1.88,3.1,2.48,5.87,178,50,Low,2,0,1,1.406779263621677
27,4.37,1.86,3.33,5.85,8.9,133,30,Low,1,0,0,1.1876427488231696
33,6.56,1.29,1.58,3.87,6.72,234,179,Low,0,1,0,0.437499933307937
25,5.54,5.94,3.81,3.01,8.85,217,53,Moderate,2,0,0,1.7599274801574945
19,3.32,1.39,1.26,3.92,4.56,26,39,Low,1,1,0,0.7981925306649004
19,8.07,3.46,3.63,1.36,7.99,184,162,Moderate,0,1,0,0.8785624685796198
20,9.82,3.84,3.02,5.06,5.05,153,121,Moderate,1,0,0,0.6985742669476306
31,5.17,3.55,3.81,2.0,7.51,182,101,Low,1,0,1,1.4235974035594963
30,3.05,4.61,3.72,1.38,6.08,118,176,Moderate,1,0,1,2.73114664552569
20,7.76,5.77,1.88,0.92,7.94,228,66,High,1,0,0,0.9858246152287866
24,11.75,1.78,3.8,1.01,5.14,145,28,High,1,0,0,0.474893576604802
34,10.1,1.63,3.21,4.6,7.05,25,86,Moderate,1,1,0,0.47920787334575515
19,9.58,1.74,1.9,3.85,6.32,151,100,High,0,0,0,0.3799582066849471
19,10.02,1.92,3.39,3.79,7.92,199,96,High,1,1,0,0.5299400668722489
30,8.27,1.34,0.09,2.39,5.2,126,70,Moderate,1,0,1,0.1729141266125603
34,10.75,2.36,1.77,1.96,5.81,39,77,High,2,0,1,0.38418601077339437
23,9.47,4.77,1.41,1.3,5.53,72,77,Moderate,0,0,0,0.652587048301262
33,8.56,3.32,0.18,5.18,5.44,197,37,Moderate,0,1,0,0.4088784569067223
18,5.84,3.78,2.95,4.72,4.63,220,118,Low,0,0,1,1.1523970629457085
32,4.02,4.13,2.38,3.15,8.03,239,72,Moderate,0,1,0,1.6194025822381637
19,8.59,1.14,2.41,3.39,5.12,195,112,High,0,0,1,0.4132711975237256
24,8.53,5.1,0.88,2.62,8.87,120,169,Moderate,1,0,1,0.701055017461311
31,3.32,5.43,2.08,1.35,7.98,57,68,Moderate,2,1,0,2.262047511431472
29,4.91,2.24,2.72,5.9,6.59,29,100,Low,2,0,1,1.0101830936490646
20,11.54,5.19,2.52,3.44,5.18,124,172,High,1,0,0,0.6681108606489724
32,7.92,4.8,1.89,1.54,4.54,180,80,High,2,1,0,0.8446968630433253
18,11.25,2.65,1.7,1.22,6.01,150,159,High,1,0,0,0.38666663229629933
34,11.48,3.72,3.12,1.83,6.59,228,178,High,2,0,0,0.5958187634304213
18,3.02,3.38,3.25,5.35,7.42,85,67,Low,2,0,0,2.195363511469036
24,3.63,5.8,0.03,4.64,7.62,73,109,High,1,1,0,1.6060601636197895
28,5.96,0.88,3.66,5.52,8.99,133,148,Low,1,1,0,0.7617448386334164
34,9.7,1.59,3.12,3.13,7.07,50,113,High,2,1,0,0.4855669602508289
26,9.07,2.74,3.31,1.55,7.59,33,81,Moderate,0,0,0,0.6670341050679047
18,3.62,5.62,3.68,4.87,7.77,163,162,Moderate,2,0,1,2.5690600637955625
23,5.51,5.91,3.56,2.49,7.7,231,74,High,0,0,1,1.7186929730139797
20,4.42,1.36,1.61,3.7,5.14,215,71,Low,2,1,0,0.6719455493335862
31,4.39,2.6,3.17,1.25,7.58,30,132,Low,2,1,0,1.314350497870046
23,9.59,4.02,3.39,3.04,7.41,97,88,Moderate,0,1,0,0.7726797942982488
26,9.8,4.87,0.07,5.34,7.27,149,148,Moderate,1,0,1,0.5040815812161652
25,8.45,1.97,2.56,2.69,6.95,110,26,Moderate,2,0,0,0.5360946111130639
21,5.39,4.22,3.06,1.81,7.98,75,161,High,2,0,1,1.350649100065102
21,7.18,1.39,0.06,0.84,6.46,144,173,Moderate,2,1,0,0.20194983259751634
30,4.98,5.0,0.38,5.42,5.32,143,66,Moderate,2,0,1,1.0803210682086206
27,5.48,3.22,2.32,0.59,5.18,45,153,Low,1,1,0,1.0109487206297953
23,6.08,2.27,2.06,3.31,5.96,138,65,Low,0,1,0,0.7121709354982014
18,11.61,2.99,3.31,5.62,6.06,30,108,Moderate,0,1,0,0.5426356121760887
31,5.5,4.87,3.94,3.03,7.8,190,30,Moderate,1,1,0,1.6018178905785654
33,3.62,3.45,1.41,5.56,4.82,53,32,Low,1,0,0,1.3425410655963907
35,11.04,3.6,3.06,1.63,8.85,62,20,High,1,1,0,0.6032608149220278
28,10.74,0.94,3.24,2.91,7.21,150,128,High,0,0,1,0.38919921888275427
19,3.1,5.96,0.73,2.27,8.27,31,34,Moderate,1,0,0,2.1580638199794127
27,10.23,4.05,0.15,3.8,5.3,236,159,Moderate,0,0,1,0.41055714461806997
27,8.77,3.17,1.86,4.5,7.33,127,125,High,1,0,0,0.5735461147609905
22,7.25,3.68,3.16,5.23,7.01,38,39,Low,1,1,0,0.9434481457312902
34,9.36,3.45,3.16,1.1,8.79,194,89,Moderate,1,0,0,0.7061965057482367
31,3.74,3.19,0.97,0.66,6.94,92,170,Low,1,0,0,1.112299167834447
19,10.2,1.26,3.87,3.0,5.81,164,77,Moderate,2,0,1,0.5029411271626346
30,6.17,2.23,1.12,3.47,6.35,34,162,Moderate,0,0,1,0.542949668889843
30,3.54,1.36,0.24,5.23,7.18,68,177,Low,2,1,0,0.45197727345274763
19,10.3,4.74,0.74,1.28,5.95,221,145,Moderate,0,0,0,0.5320387832972056
32,7.63,5.03,1.79,2.25,5.17,236,72,Moderate,1,1,0,0.8938399877011812
35,4.4,1.15,1.65,0.54,5.94,213,26,Low,1,1,0,0.6363634917355699
19,10.92,4.66,2.35,2.66,5.28,96,61,High,2,0,1,0.6419413331555556
33,9.87,0.59,0.08,2.1,6.2,38,106,High,0,1,0,0.06788246526013524
21,6.59,5.58,2.34,2.46,6.68,229,160,Moderate,1,0,0,1.2018207584490503
28,5.38,3.66,1.74,2.16,8.39,154,52,Low,1,0,0,1.0037172855544079
30,3.66,5.3,0.43,3.4,8.34,243,29,Moderate,1,1,0,1.5655733427395235
31,3.82,0.72,3.49,5.52,5.02,114,125,Low,1,1,0,1.1020939523314262
31,4.76,3.91,3.7,3.94,7.8,97,105,Low,0,0,0,1.598739159928748
27,7.11,5.98,2.05,1.04,5.92,115,174,High,2,0,0,1.1293950591568132
21,10.76,1.23,3.71,3.25,6.74,95,52,Moderate,0,0,0,0.459107764023442
24,10.18,0.57,0.42,2.27,8.69,65,77,High,2,1,0,0.09724949928786845
19,5.38,1.05,2.35,4.45,5.98,150,89,Low,1,0,0,0.6319701427564791
31,3.1,0.64,2.86,1.11,5.71,33,68,Low,0,0,1,1.1290318938606794
24,10.97,4.57,3.63,2.46,6.63,207,28,Moderate,0,0,0,0.7474930950325346
31,7.41,5.82,2.73,5.63,6.76,129,106,Moderate,1,1,0,1.1538459981314444
30,10.76,3.27,0.76,5.88,7.52,154,127,High,1,1,0,0.3745352811770185
27,3.07,2.45,3.02,2.47,4.83,234,117,Low,0,0,1,1.7817583772774017
20,9.32,3.51,0.27,3.29,7.33,175,32,High,2,0,0,0.4055793556245327
18,3.72,5.14,2.1,5.11,6.58,221,44,High,1,0,1,1.9462360359580548
28,11.59,3.59,3.27,2.9,5.2,202,130,High,2,0,0,0.5918895088965048
21,6.11,2.58,1.8,1.68,8.5,224,138,Moderate,1,0,1,0.7168574931493464
20,4.94,5.59,3.15,1.14,8.84,220,39,High,2,0,1,1.7692304110869612
26,9.01,2.24,3.71,2.29,6.26,28,129,Moderate,2,1,0,0.6603772851967498
21,3.37,2.87,2.9,1.29,5.9,206,82,Low,1,1,0,1.7121656640457967
20,8.7,3.66,0.95,4.98,6.4,45,54,Moderate,1,0,1,0.529884996564943
22,6.65,1.73,1.8,5.46,8.81,28,168,Low,0,0,1,0.5308269878455657
23,10.55,1.36,2.88,5.94,4.94,161,80,Moderate,1,0,1,0.4018956965027776
33,9.24,5.61,0.63,1.16,5.98,75,37,High,0,0,0,0.6753246022375973
33,3.24,2.1,3.55,3.93,8.34,206,152,Low,2,1,0,1.7438266222757337
30,4.31,4.76,3.82,1.97,8.3,206,42,High,0,0,1,1.9907187956568921
35,10.87,2.23,2.37,2.88,5.23,150,79,Moderate,1,0,1,0.42318303374581107
22,6.63,3.18,3.72,4.72,7.59,228,117,Moderate,0,1,0,1.0407238249285333
19,10.46,0.79,2.48,1.16,5.05,55,146,High,0,1,0,0.3126194729809299
27,3.18,4.41,1.99,4.11,8.97,140,73,High,2,1,0,2.0125779834660427
21,9.53,3.05,0.01,0.76,8.63,164,138,High,0,0,1,0.3210912569683886
25,11.69,2.83,2.32,3.33,4.79,33,130,High,2,0,0,0.4405474387897829
33,10.82,5.72,0.27,2.71,8.96,33,118,High,1,0,0,0.5536043850642898
22,5.58,0.82,1.09,3.89,6.78,123,89,Low,0,0,0,0.34229384546705277
21,4.55,2.31,0.71,5.4,6.4,133,75,Low,1,0,0,0.6637361178601939
26,3.83,3.06,2.16,1.67,5.32,40,53,Low,2,0,1,1.3629239261295234
29,3.21,5.96,0.86,2.29,8.82,192,102,High,2,1,0,2.124609930028059
18,5.6,4.09,1.51,5.92,7.87,161,61,High,2,1,0,0.9999998214286033
27,4.65,2.48,0.74,5.31,7.37,22,19,Low,1,0,0,0.6924729693606516
23,7.28,5.8,0.7,3.44,8.42,50,144,Moderate,0,0,1,0.8928570202119477
35,5.46,5.69,2.01,1.92,6.36,108,176,Moderate,1,1,0,1.4102561519677377
30,11.45,3.1,1.82,1.55,8.56,67,23,Moderate,0,0,0,0.42969428561621964
35,8.49,5.64,2.45,4.17,6.61,92,153,Moderate,2,0,1,0.9528856357025165
29,4.44,2.25,2.07,1.9,6.18,130,75,Low,0,1,0,0.9729727538349653
32,5.6,5.84,1.57,5.83,6.85,51,96,Moderate,1,0,1,1.3232140494260627
31,9.77,0.78,2.68,3.1,5.96,215,44,Moderate,0,0,0,0.35414530663814675
22,5.88,3.56,1.57,3.35,7.17,73,66,Low,1,0,0,0.8724488312161851
31,7.92,4.42,0.77,5.03,8.43,171,172,High,0,0,0,0.6553029475627591
22,7.22,5.66,0.62,0.63,8.43,147,132,Moderate,0,1,0,0.869805973711084
27,10.15,5.58,0.21,3.23,6.94,141,75,High,2,0,1,0.5704432935523849
28,4.34,5.37,0.65,1.13,5.82,62,23,Moderate,0,0,1,1.3870964545860704
23,9.96,5.07,2.42,1.89,7.03,186,96,Moderate,2,1,0,0.7520079566257072
29,8.19,2.21,1.69,1.54,7.03,212,136,Moderate,2,0,0,0.47619041804756806
31,11.17,5.49,0.41,3.07,8.49,179,179,Moderate,1,0,0,0.5282004898656679
19,9.17,3.8,0.94,1.75,7.95,176,148,High,2,1,0,0.5169028880149523
26,8.76,5.46,0.87,1.88,5.33,117,161,Moderate,1,1,0,0.7226026572371397
19,10.04,1.41,1.9,1.53,5.94,220,85,Moderate,1,0,1,0.3296812420636213
25,10.3,0.65,0.99,5.47,6.39,23,139,Moderate,2,0,1,0.1592232855123024
33,10.1,2.9,1.4,2.6,5.66,213,167,Moderate,1,1,0,0.4257425321046998
26,7.79,3.27,2.27,2.2,6.96,21,47,Moderate,0,0,0,0.7111680730207866
30,6.27,0.88,2.91,5.44,6.18,247,172,Moderate,1,0,0,0.6044656133228687
22,10.42,1.77,3.77,1.17,8.3,159,76,Moderate,0,1,0,0.5316698146190197
32,6.07,2.66,2.45,2.79,6.18,111,73,Low,0,1,0,0.8418450013434924
26,6.42,4.8,0.92,1.2,6.26,229,37,Moderate,0,1,0,0.8909655933075399
32,4.36,4.79,1.35,1.46,5.96,98,147,Moderate,1,0,0,1.4082565577393216
31,8.71,4.0,3.42,3.83,4.99,154,16,Moderate,1,1,0,0.8518942764759728
30,3.02,3.95,2.86,3.86,7.31,121,28,Low,1,0,0,2.2549661407396884
18,6.61,5.37,1.81,5.67,8.53,54,23,Moderate,0,0,0,1.0862328160010868
35,9.97,2.37,1.8,2.8,8.86,48,18,Moderate,0,0,0,0.4182547223415524
18,3.89,1.72,0.64,0.96,7.26,243,175,Low,2,1,0,0.6066836486674424
22,5.34,2.74,1.0,4.35,8.38,93,16,Low,0,0,0,0.7003744006789512
20,4.05,2.56,1.87,5.6,5.51,249,27,Low,1,1,0,1.0938268904131134
29,11.8,5.46,0.32,1.61,4.71,138,62,Moderate,1,0,0,0.4898304669635198
21,7.57,1.75,3.28,2.75,5.03,55,168,Moderate,1,0,0,0.6644649056189027
27,8.0,1.01,1.18,1.21,7.72,76,103,Moderate,0,0,0,0.2737499657812543
19,4.27,4.19,3.96,2.16,8.14,237,141,Moderate,1,0,0,1.9086646583923519
20,7.96,2.45,0.29,3.07,5.44,109,163,Low,2,0,1,0.3442210622837862
33,7.56,5.33,0.4,3.32,6.38,248,135,High,0,0,1,0.7579364076803694
25,8.14,4.56,3.53,3.72,5.98,145,62,High,0,1,0,0.9938573717619936
21,3.56,3.47,3.65,1.15,8.18,126,150,Low,0,1,0,1.9999994382024049
24,7.71,1.59,3.81,5.93,7.09,75,97,Moderate,2,0,1,0.7003890142167297
24,7.39,4.92,0.18,2.03,6.59,67,157,Moderate,2,1,0,0.6901216928116789
18,11.43,5.34,0.28,2.01,4.69,88,21,High,2,1,0,0.49168849591526725
21,3.99,5.5,0.08,3.87,5.74,235,143,Moderate,0,1,0,1.3984958901012805
21,4.53,2.57,3.25,1.9,5.79,155,95,Low,0,0,1,1.2847679283073006
27,11.79,0.93,3.29,0.6,7.26,146,99,Moderate,0,0,0,0.3579304191746888
25,3.69,1.73,0.74,1.72,4.92,169,74,Low,2,1,0,0.6693765123640887
29,9.34,5.17,0.97,5.4,6.65,62,124,Moderate,1,0,1,0.6573875099156842
25,8.15,2.81,3.57,1.42,7.53,133,65,High,1,1,0,0.7828219898377927
25,6.56,3.39,3.61,0.57,7.6,190,105,Low,2,0,0,1.067073008068139
26,11.12,4.59,2.52,4.19,7.51,136,123,Moderate,0,0,0,0.6393884317096734
33,11.24,2.22,0.88,3.68,8.94,72,177,High,2,0,0,0.2758006872063446
26,3.98,3.73,0.02,0.9,8.2,177,15,Low,2,1,0,0.9422108185399953
25,3.42,1.4,3.84,3.29,8.02,71,113,Low,1,0,0,1.532163294689095
24,3.21,4.87,3.46,0.74,6.42,100,155,High,2,1,0,2.595014767908172
30,11.66,5.11,1.21,2.74,6.16,104,133,Moderate,2,1,0,0.5420239672363665
18,11.87,3.39,0.81,4.85,7.1,188,47,High,1,0,0,0.3538331631143081
19,7.28,5.13,3.26,5.0,7.55,56,154,High,2,0,0,1.1524723691658834
18,11.92,0.56,0.01,5.96,6.45,167,138,High,0,0,0,0.04781878793466545
30,5.73,1.24,2.68,5.09,5.02,123,164,Low,2,0,1,0.6841185542550515
33,8.25,3.0,3.25,1.79,5.82,242,96,High,0,1,0,0.7575756657484042
22,10.25,4.16,2.9,2.24,7.98,192,118,High,2,0,1,0.6887804206067883
20,5.82,2.25,0.48,0.63,4.85,114,93,Low,1,0,0,0.46907208435187553
29,7.41,3.12,2.28,3.48,6.8,29,29,Low,0,0,1,0.7287448409251227
33,10.66,4.68,1.77,3.37,7.1,118,32,Moderate,2,0,1,0.6050656092808997
22,6.36,0.82,2.82,4.83,7.74,112,130,Low,0,1,0,0.5723269540366424
22,6.62,0.7,1.81,2.47,5.15,179,150,Low,0,0,1,0.37915402127582754
20,4.22,1.32,1.24,1.54,7.29,213,24,Low,0,0,0,0.606634927337695
33,4.29,3.31,1.92,0.63,7.68,203,68,Low,2,0,0,1.2191139349384768
32,3.72,2.67,0.93,4.05,7.77,32,174,Low,0,1,0,0.9677416753382593
34,4.91,1.36,1.05,5.5,8.11,49,126,Low,2,1,0,0.4908349305835172
26,3.77,3.42,3.84,4.64,8.41,134,124,Low,1,1,0,1.9257289321673918
22,3.87,2.71,1.04,2.37,7.02,42,162,Low,1,0,0,0.9689919976764864
25,7.6,0.99,2.62,0.65,6.08,22,176,Low,0,0,0,0.4749999375000083
25,6.33,2.32,2.41,2.48,7.19,66,17,Moderate,2,1,0,0.7472352689991677
18,8.72,4.4,3.84,5.17,4.51,64,51,Moderate,2,0,1,0.9449540200740802
31,7.17,0.76,3.21,5.22,4.89,119,20,Low,2,0,1,0.5536958781456236
18,5.02,1.39,3.96,1.38,6.1,98,72,Low,1,1,0,1.0657368394946536
31,9.32,2.34,0.15,1.26,6.64,99,40,Moderate,0,0,1,0.2671673533082239
23,5.26,3.71,1.53,1.53,8.79,78,173,Low,0,1,0,0.9961975292400135
31,9.51,4.35,0.2,5.47,6.21,33,132,Moderate,2,0,0,0.478443693118434
21,6.18,0.67,1.84,3.95,4.77,155,34,Moderate,1,0,1,0.4061488015940451
35,6.26,4.13,3.09,4.04,5.41,238,54,Moderate,2,0,1,1.1533544483459348
29,5.14,1.33,1.1,3.82,4.54,40,96,Low,0,0,1,0.47276255393724637
31,5.37,3.4,1.64,5.73,5.91,188,131,Low,2,0,0,0.9385473112574839
30,9.38,4.09,2.75,3.83,5.27,153,165,Moderate,2,1,0,0.7292110096789968
23,9.39,2.57,2.89,1.56,4.74,101,94,High,1,0,1,0.5814695866379567
26,5.76,4.58,0.71,3.47,8.54,248,64,Moderate,1,0,0,0.9184026183328787
30,10.12,4.52,2.38,3.16,6.92,235,127,Moderate,1,1,0,0.6818181144448504
31,8.54,0.62,1.58,0.61,8.94,170,117,Moderate,1,1,0,0.25761121105255147
23,5.48,0.83,3.92,0.55,7.55,99,39,Low,1,1,0,0.8667881629948607
24,11.26,3.13,3.37,1.69,6.2,25,82,Moderate,0,1,0,0.5772646023743693
35,11.51,2.83,1.62,2.13,7.84,127,63,Moderate,2,1,0,0.38662029655775015
20,10.16,1.21,2.42,1.15,5.6,102,79,Moderate,0,0,1,0.35728342940123725
29,9.77,3.91,3.27,5.48,4.79,124,50,Moderate,2,1,0,0.7349026883415878
26,3.08,4.79,3.27,3.36,8.78,182,19,Moderate,1,0,1,2.6168822672460172
25,5.38,0.94,0.56,1.83,7.91,102,180,Low,2,0,0,0.27881035709844665
18,4.26,1.12,0.79,1.25,6.65,239,20,Low,2,0,1,0.44835670226368496
21,11.88,5.59,3.2,3.25,4.67,86,69,High,2,0,1,0.7398989276179353
20,4.25,3.7,1.7,4.36,8.35,152,22,Low,0,0,0,1.2705879363322503
18,10.07,2.13,1.5,5.1,4.6,141,74,Moderate,0,0,0,0.3604766275594213
32,6.26,1.7,2.38,4.32,7.37,165,95,Low,2,1,0,0.6517570843838524
26,9.11,4.57,3.94,1.58,7.74,243,19,High,2,1,0,0.9341382070100762
24,9.58,3.91,0.64,5.46,6.75,42,60,High,2,0,0,0.4749477583561839
26,9.78,3.54,3.96,5.82,8.15,222,155,High,1,0,1,0.7668710872319953
34,6.21,2.24,0.59,4.72,4.74,44,41,Low,0,0,0,0.4557165127670672
25,10.19,5.29,2.9,0.57,7.64,206,97,High,1,1,0,0.8037290673474909
28,5.46,0.99,1.11,5.57,7.64,157,122,Low,1,0,1,0.3846153141730194
27,4.12,4.01,2.22,1.35,6.1,151,31,Moderate,0,1,0,1.512135555306904
21,8.19,2.39,2.66,4.5,7.8,191,153,Moderate,1,0,1,0.6166055413180049
34,3.98,3.98,1.59,1.75,5.99,45,163,Low,0,0,0,1.3994971358047397
26,6.22,2.79,3.36,1.37,6.72,162,49,Moderate,1,0,1,0.9887458217450448
33,4.2,0.76,0.17,4.28,6.23,25,50,Low,1,0,0,0.22142851870749555
33,6.9,1.17,0.71,1.23,8.17,122,78,Moderate,1,0,1,0.2724637286284451
32,8.61,2.13,0.93,4.24,7.18,237,113,Moderate,1,0,0,0.35540065558645123
23,10.28,1.62,0.72,5.9,8.19,215,158,High,2,0,1,0.22762643700131938
24,10.95,4.58,2.74,3.07,7.23,83,175,High,0,1,0,0.6684930896353344
24,3.7,5.27,1.31,4.57,5.14,25,135,High,0,0,1,1.7783778977357032
32,11.77,3.55,1.2,3.99,6.5,86,103,Moderate,0,1,0,0.40356835993471885
23,11.55,5.34,1.2,2.74,5.31,229,154,High,1,0,1,0.566233717209202
22,9.48,0.53,3.82,5.15,6.57,21,102,High,0,0,0,0.45886071109064225
18,4.12,5.5,1.64,2.28,6.7,31,86,Moderate,2,1,0,1.7330092881045416
25,7.32,4.59,2.22,4.39,6.13,122,147,High,1,0,0,0.9303277417585052
24,9.82,3.9,2.32,3.75,7.29,92,135,High,2,0,1,0.6334011574947905
21,6.8,2.82,1.13,2.03,7.04,120,45,Moderate,1,1,0,0.5808822675173135
18,8.01,1.9,3.79,2.5,6.91,240,102,Moderate,0,0,0,0.7103619587563098
33,3.3,5.58,1.79,2.87,5.61,203,82,Moderate,1,1,0,2.2333326565658616
32,8.73,2.04,1.44,3.14,7.91,59,36,Moderate,2,1,0,0.3986253838917086
19,8.48,2.13,3.16,3.39,5.04,160,29,Moderate,1,0,0,0.6238206811532215
27,3.96,5.84,2.9,0.6,8.68,128,176,High,1,0,1,2.20707014972976
34,6.47,5.03,2.28,4.13,5.66,213,22,Moderate,1,0,1,1.129829809918113
18,10.55,4.63,0.57,5.87,8.0,129,104,Moderate,0,0,0,0.49289094854114235
24,10.29,2.08,2.1,1.79,5.28,110,41,Moderate,0,0,1,0.4062195912323041
28,9.43,2.76,0.61,3.79,7.92,245,88,Moderate,0,0,0,0.35737005754294193
20,10.46,0.93,2.01,1.6,7.44,108,32,High,0,0,0,0.2810707188268911
30,6.31,2.02,2.78,4.55,8.02,102,91,Moderate,2,1,0,0.7606971853094794
18,6.83,3.62,0.93,4.06,5.78,150,114,Low,0,0,1,0.6661785261817678
23,3.98,3.78,1.57,1.16,8.22,71,50,Low,1,1,0,1.3442207677837266
23,6.24,1.16,1.4,4.95,6.79,25,46,Low,2,1,0,0.4102563445102011
21,3.5,2.58,3.48,3.71,4.68,190,41,Low,0,0,1,1.7314280767348353
26,8.05,3.56,1.22,5.24,7.2,128,15,High,1,1,0,0.5937887461131993
33,3.43,1.93,0.22,2.55,8.76,215,176,Low,0,0,0,0.6268219746874708
26,11.16,4.19,2.36,3.95,8.2,177,176,Moderate,1,1,0,0.5869175101328397
28,7.41,3.76,2.91,1.72,5.89,184,48,Low,1,1,0,0.9001348312908459
25,4.52,1.69,3.54,0.88,7.17,160,113,Low,2,0,0,1.1570793900266838
32,11.69,1.86,1.68,0.85,8.43,69,120,High,1,1,0,0.302822899672977
32,8.02,1.32,1.43,5.7,5.44,38,151,High,2,0,0,0.3428927253250966
30,8.4,2.14,2.1,2.35,5.4,92,140,Moderate,1,0,0,0.504761844671209
32,3.77,5.79,2.95,5.94,6.27,86,25,Moderate,0,1,0,2.3183017723337476
29,6.62,2.17,0.33,4.7,6.62,48,79,Moderate,0,0,0,0.3776434474858841
25,5.98,4.86,0.34,2.93,6.78,201,81,Moderate,2,1,0,0.869565071979085
21,3.53,5.39,3.49,2.93,6.94,115,144,Moderate,1,0,1,2.5155800239150072
22,4.06,5.23,1.73,5.09,7.14,129,29,High,0,0,0,1.7142852920479579
34,6.87,2.75,1.69,0.96,6.28,104,180,Low,2,0,0,0.6462881155330253
18,5.13,5.9,3.54,5.32,7.9,23,142,Moderate,1,0,1,1.840155586714311
26,3.2,3.05,1.81,1.77,8.82,138,20,Low,0,0,0,1.518749525390773
27,9.05,4.85,1.5,1.25,8.87,31,179,Moderate,1,1,0,0.7016573810323335
35,10.54,4.56,3.77,3.49,5.47,195,96,High,0,0,1,0.7903225056620015
26,8.09,0.84,0.26,3.73,6.13,103,45,High,0,0,1,0.13597031693815614
18,10.86,2.07,2.15,3.01,8.31,123,128,Moderate,2,1,0,0.38858191633684014
21,7.19,2.62,3.7,1.5,7.25,194,48,Moderate,0,1,0,0.878998486926497
34,11.24,4.12,1.6,5.29,4.52,171,66,Moderate,0,1,0,0.5088967518775133
24,5.81,2.37,3.07,1.54,7.36,99,48,Low,1,1,0,0.9363165341968099
29,9.62,4.78,3.11,4.66,7.9,70,114,Moderate,1,0,0,0.820166234909955
22,11.86,0.83,3.55,3.9,6.22,159,49,Moderate,0,0,1,0.3693085691982657
33,3.93,0.87,2.72,4.59,8.16,103,27,Low,0,1,0,0.9134857726499306
21,11.76,1.02,2.19,5.84,5.32,154,58,High,1,0,0,0.27295916046265645
19,8.81,2.26,3.82,5.52,5.44,43,54,High,2,1,0,0.6901247797815233
22,11.21,2.02,2.83,4.57,5.33,35,134,Moderate,2,0,0,0.4326493815656216
18,10.55,3.71,2.77,3.78,5.71,208,28,High,2,0,1,0.6142179512589621
32,4.45,5.63,3.92,2.71,5.6,45,26,Moderate,2,0,0,2.146066933468105
24,5.6,1.67,1.7,5.39,7.17,38,103,Low,2,0,0,0.6017856068239988
21,7.0,2.52,1.64,4.87,7.0,29,45,Low,0,1,0,0.5942856293877672
18,3.05,1.54,0.14,2.8,8.99,64,180,Low,2,1,0,0.550819491534593
25,9.88,2.63,2.17,1.11,6.48,139,128,Moderate,1,0,0,0.4858299103411022
34,9.43,2.24,1.81,3.6,4.63,182,93,Moderate,1,1,0,0.42948033621629533
25,10.52,4.31,1.25,5.34,4.97,78,57,Moderate,0,0,1,0.5285170600268955
23,10.26,3.88,1.12,3.96,6.1,149,53,High,0,1,0,0.48732938719986485
21,3.39,3.47,3.27,4.35,6.94,107,27,Low,1,0,0,1.988200003480825
21,9.4,5.27,0.1,4.48,5.86,109,48,Moderate,2,0,0,0.5712765349705813
35,8.33,4.94,1.93,2.19,6.71,24,138,Moderate,2,1,0,0.8247297929496048
27,8.47,3.9,2.64,4.06,7.11,122,73,Moderate,1,0,0,0.7721368627937588
30,8.12,0.95,1.67,4.24,6.59,211,33,Moderate,2,0,0,0.32266005878570714
25,9.81,2.35,0.44,5.85,8.74,201,125,Moderate,2,1,0,0.2844036407335738
26,5.74,2.63,3.11,5.39,6.05,168,146,Low,2,1,0,0.9999998257840025
22,8.76,4.66,0.84,1.59,4.54,157,105,High,0,0,0,0.6278538096057296
34,11.31,4.41,1.53,2.81,8.02,155,109,High,0,0,1,0.5251988925553588
31,3.06,4.32,2.26,4.52,5.37,244,179,High,1,0,0,2.150326094664675
30,4.86,3.97,0.59,2.75,4.71,217,149,Low,1,0,1,0.9382714118783103
31,10.14,1.02,2.03,6.0,8.42,49,20,High,0,1,0,0.3007889249715064
23,11.56,3.74,0.93,2.81,7.4,24,25,Moderate,0,0,1,0.4039792038080274
28,7.11,5.46,2.22,2.24,5.72,56,62,High,2,1,0,1.0801686244488573
19,7.09,2.11,2.09,2.64,5.31,212,119,Low,1,0,1,0.5923835553760852
30,11.98,0.79,2.43,1.32,6.49,64,143,High,1,0,0,0.2687812797344508
35,11.38,4.6,0.0,2.48,7.88,66,149,High,2,1,0,0.4042178906662662
31,10.04,5.06,1.51,3.13,6.79,216,173,Moderate,1,0,1,0.6543824049419916
23,10.37,2.19,3.27,5.72,7.64,179,133,High,1,1,0,0.5265187534697442
34,7.85,3.31,2.38,2.3,7.07,121,127,Low,2,0,1,0.7248406719948188
29,5.6,1.18,1.45,0.88,6.46,123,160,Low,0,0,0,0.4696427732780762
31,10.12,2.41,3.42,5.48,5.68,112,170,High,0,1,0,0.5760868995961562
19,8.35,3.77,1.38,1.37,6.94,243,75,Moderate,2,1,0,0.6167663932016296
28,8.98,4.47,1.52,4.88,5.68,73,74,High,2,0,0,0.6670377876349903
21,8.44,3.21,0.69,5.7,6.81,188,124,High,2,0,0,0.4620852533074345
33,3.91,5.37,1.81,2.5,7.8,96,26,High,2,1,0,1.8363166659036658
25,8.89,4.79,3.66,1.77,8.67,86,163,High,0,0,0,0.95050607980809
20,7.86,2.47,0.22,4.57,6.43,69,17,Low,2,0,0,0.34223914220876056
25,10.56,3.39,0.33,4.46,5.94,150,136,Moderate,0,0,1,0.3522726939135707
26,7.99,3.83,2.95,3.49,5.69,71,136,Low,2,1,0,0.8485605946732673
24,10.39,4.71,0.35,0.86,6.78,119,176,High,2,0,1,0.48700669037471694
23,11.36,4.5,1.9,2.93,6.39,233,179,High,0,0,0,0.5633802320968107
23,3.0,0.68,0.24,0.71,4.54,29,31,Low,0,0,1,0.30666656444447854
30,4.67,5.75,0.49,3.82,8.06,233,152,Moderate,0,0,0,1.3361881507091755
23,5.21,5.73,2.94,5.15,5.51,91,104,High,1,1,0,1.6641071661982405
33,8.33,2.11,0.59,2.43,7.19,52,18,Moderate,0,1,0,0.3241296129496263
33,10.39,5.46,3.81,5.3,6.05,75,53,High,0,1,0,0.8922039564770012
21,10.06,3.0,3.25,2.18,4.88,127,123,High,1,0,1,0.6212723040484788
34,10.38,3.94,3.59,3.14,4.86,183,180,Moderate,0,0,0,0.7254334561239444
28,6.38,5.93,2.69,4.0,6.91,216,31,High,1,0,0,1.351096966912701
18,11.26,3.99,1.34,3.0,4.55,192,19,Moderate,1,0,0,0.47335697394698284
28,8.27,1.0,2.55,3.4,6.39,39,73,High,2,0,0,0.4292623422899224
32,3.32,2.81,0.39,0.98,7.24,210,109,Low,1,0,1,0.9638551313689364
25,5.92,1.25,1.44,2.97,7.26,59,22,Low,1,0,1,0.4543918151365177
26,11.64,0.52,3.97,4.52,7.12,163,170,Moderate,2,0,1,0.38573879847604825
28,10.17,5.22,2.32,5.93,7.6,129,63,High,2,0,0,0.7413961906198435
22,8.91,2.36,4.0,5.51,5.53,163,176,Moderate,0,1,0,0.7138046336919603
23,10.21,1.74,2.18,2.8,7.16,114,90,Moderate,2,0,0,0.38393727875247025
28,10.77,2.1,0.76,3.51,5.27,81,180,High,0,1,0,0.26555243588185373
34,11.81,3.61,3.61,3.17,8.36,250,69,High,0,0,1,0.6113462649156423
22,8.04,2.92,2.32,3.36,6.54,154,26,Moderate,2,0,0,0.6517412124699986
21,9.24,1.1,1.75,4.97,7.12,179,71,Moderate,2,0,0,0.30844152506044104
29,7.54,1.43,1.54,1.86,6.19,154,99,Low,2,1,0,0.39389915200276493
26,10.59,3.18,2.11,3.03,8.53,246,119,High,2,1,0,0.49952780929860163
32,5.71,1.03,1.33,2.11,8.17,154,127,Low,0,1,0,0.4133099101033433
18,11.1,1.85,2.64,5.22,6.64,45,133,Moderate,2,1,0,0.4045044680626606
26,8.62,4.89,2.2,5.33,7.64,249,76,Moderate,0,0,1,0.822505705045742
34,5.73,4.04,1.48,2.47,6.95,226,144,High,1,0,1,0.963350617216297
23,10.56,3.08,0.33,3.63,5.44,162,141,High,0,0,1,0.3229166360874398
22,9.17,1.85,0.01,3.84,6.4,157,144,High,1,0,1,0.20283531048688003
27,8.49,0.98,0.77,5.61,5.08,124,59,High,2,1,0,0.20612482848941951
32,5.56,2.35,2.04,2.5,7.07,239,47,Low,1,0,0,0.7895682033150715
22,10.83,0.79,3.25,0.59,5.79,228,164,Moderate,1,0,1,0.3730378233575417
27,6.13,1.58,3.33,4.96,6.18,175,60,Low,2,0,0,0.8009786621568251
23,6.83,3.09,0.33,5.17,4.89,159,49,Low,0,1,0,0.500731991108054
22,3.61,1.7,3.0,0.98,7.21,165,58,Low,0,0,1,1.3019386975239065
27,5.95,5.61,3.81,1.31,6.39,195,15,High,1,1,0,1.5831930112280652
32,11.36,2.72,1.15,4.18,7.93,136,24,High,0,0,1,0.3406689840960402
22,9.48,5.5,0.35,3.51,7.13,100,44,Moderate,2,0,0,0.6170885425012086
26,4.15,5.98,3.51,4.1,6.2,55,105,High,1,0,0,2.2867464369285693
33,5.75,4.44,1.37,2.5,5.91,36,160,High,1,0,0,1.010434606880938
34,4.27,2.25,0.04,3.45,7.84,36,35,Low,2,0,1,0.5362996402108572
29,10.75,5.43,2.75,2.83,8.81,114,70,High,0,0,1,0.7609301617739385
22,11.85,4.68,2.25,4.1,7.68,127,15,Moderate,1,0,0,0.5848100772312171
32,8.35,4.3,3.49,3.55,7.51,70,68,Moderate,0,0,1,0.9329340200079019
35,8.45,2.67,0.36,0.78,8.47,134,125,High,0,0,0,0.35857983922132086
29,5.19,5.96,2.64,0.92,8.24,168,155,High,1,1,0,1.6570324360245785
20,5.39,2.7,2.14,4.0,7.0,222,106,Low,2,1,0,0.8979590170762491
25,11.04,2.72,1.75,0.77,8.16,21,81,Moderate,0,0,1,0.4048912676728925
33,9.94,1.21,1.97,2.03,4.56,40,46,Moderate,1,0,1,0.31991948491755684
21,11.77,4.88,0.11,5.49,6.79,159,109,Moderate,2,0,1,0.42395918233142044
21,10.93,1.88,0.42,2.07,6.33,169,116,Moderate,1,0,0,0.21042998989661574
21,3.25,2.15,0.67,3.66,6.49,224,41,Low,0,1,0,0.8676920407101413
21,11.36,5.33,0.76,5.2,8.45,21,159,High,2,0,1,0.5360915021046213
21,11.91,1.74,2.81,4.16,7.28,145,46,Moderate,1,1,0,0.3820318738848133
31,6.44,2.09,3.57,0.93,6.25,65,97,Moderate,0,0,0,0.8788818511053026
32,8.51,3.1,2.14,4.61,4.64,234,167,Moderate,0,0,0,0.615746108607978
29,11.82,2.86,1.57,3.44,8.75,163,66,Moderate,2,1,0,0.3747884623698424
27,7.98,1.19,2.69,5.52,5.26,27,76,Moderate,1,0,1,0.48621547791785985
33,6.58,4.58,3.13,2.48,5.13,147,59,High,1,1,0,1.1717323447215282
28,5.75,3.15,3.82,0.81,5.94,130,17,Low,2,0,0,1.2121737022306605
34,11.2,1.53,1.94,3.54,5.7,173,43,High,2,0,0,0.3098214009088035
20,5.55,1.92,0.07,4.83,5.3,70,46,Low,2,1,0,0.35855849395342454
33,5.38,5.45,1.31,3.6,6.12,173,112,High,1,1,0,1.2565053426569994
32,9.32,0.63,0.46,3.29,7.14,175,83,Moderate,0,0,0,0.11695277715098959
34,8.28,0.82,1.55,2.67,4.56,154,141,Moderate,0,0,1,0.2862318494889071
22,8.04,5.69,0.86,5.6,4.64,167,61,Moderate,0,0,1,0.8146765155874983
23,10.61,3.22,3.3,4.42,6.3,147,55,High,0,1,0,0.6145145509411357
29,7.07,1.78,0.49,3.14,5.58,123,73,Low,2,1,0,0.32107491922561254
30,4.05,5.21,3.5,1.82,7.75,157,57,Moderate,2,0,0,2.1506167529341353
20,8.28,2.93,1.9,5.71,5.43,33,64,High,1,0,0,0.5833332628824562
20,5.89,3.77,2.19,5.68,6.68,98,148,Low,2,0,1,1.0118843782878815
35,9.63,5.53,2.73,5.98,4.94,159,77,Moderate,0,0,0,0.8577361518446364
33,5.16,4.0,0.62,6.0,6.9,73,120,Low,2,1,0,0.8953486636921194
34,7.22,2.09,0.93,0.98,4.79,23,166,Moderate,0,0,1,0.41828249054259137
21,6.66,0.85,1.0,5.94,7.01,195,109,Low,2,0,0,0.277777736069409
35,9.74,3.83,3.04,3.1,7.06,109,55,Moderate,2,1,0,0.7053387366181996
31,11.1,2.81,2.1,4.85,5.12,192,128,High,0,0,0,0.4423423024916845
23,8.18,3.68,0.81,5.66,4.8,60,154,High,2,0,0,0.5488996883985712
30,7.37,4.64,1.36,4.26,5.29,197,17,Moderate,1,1,0,0.8141111514096131
21,8.34,1.95,2.69,5.17,5.76,150,150,Moderate,0,0,0,0.5563548493579318
31,7.21,0.67,2.72,4.25,8.12,170,19,Low,2,0,1,0.4701802399195229
26,9.67,1.27,0.69,5.33,4.72,166,109,Moderate,0,0,0,0.20268870706424955
20,7.17,2.06,2.16,4.88,6.77,53,47,Moderate,1,1,0,0.5885633767694036
31,11.97,1.81,2.14,1.96,7.96,61,78,Moderate,2,1,0,0.3299916182128974
19,3.63,2.67,3.06,2.53,4.97,37,133,Low,1,0,1,1.5785119618424348
27,4.88,4.26,1.57,2.8,6.47,154,89,Moderate,1,1,0,1.1946718863377281
29,3.17,2.61,3.11,0.76,8.98,46,97,Low,1,1,0,1.8044158345691372
30,3.3,0.7,3.3,2.49,7.62,107,119,Low,0,1,0,1.2121208448118652
23,8.29,5.8,2.43,5.93,7.36,197,139,Moderate,0,1,0,0.9927622445401396
33,3.62,1.85,0.88,0.7,5.03,77,128,Low,2,0,0,0.7541434380819231
21,8.52,5.13,3.48,4.5,8.72,184,35,High,2,0,0,1.0105632616709788
24,5.4,0.98,1.32,5.54,6.22,215,57,Low,1,1,0,0.42592584705076897
32,10.9,5.58,2.05,2.13,7.35,50,132,High,0,0,0,0.6999999357798224
30,10.3,3.56,1.67,2.93,7.93,87,71,High,2,1,0,0.507766940993501
32,5.83,5.57,3.77,5.36,6.81,142,18,Moderate,0,0,1,1.6020580442439032
35,11.36,3.57,3.46,2.67,5.25,103,78,Moderate,1,1,0,0.6188379736938403
23,4.57,0.9,2.25,0.89,4.61,245,161,Low,0,1,0,0.6892777485169039
33,11.34,5.62,0.98,1.32,5.38,76,28,Moderate,0,1,0,0.5820105306869021
35,9.26,1.4,0.57,0.55,6.25,55,48,High,1,1,0,0.2127429575871536
18,6.61,4.9,2.37,3.32,7.82,84,131,Moderate,2,0,1,1.0998485476779807
18,10.78,1.46,1.6,4.39,7.12,231,83,Moderate,0,0,1,0.28385897181271136
23,9.96,4.71,2.89,5.98,5.1,161,57,Moderate,2,0,1,0.7630521322236815
28,4.92,3.39,2.79,3.19,5.92,133,83,Low,2,0,1,1.2560973056712792
26,9.78,0.7,3.72,5.5,6.05,94,65,High,0,0,1,0.45194269407538923
25,4.06,5.93,2.07,4.68,6.89,65,130,High,1,0,0,1.97044286442294
32,5.14,4.19,2.97,2.0,5.48,245,49,High,1,1,0,1.392995837938553
29,4.64,0.68,2.65,5.19,6.98,172,133,Low,2,0,1,0.717672259122358
27,6.0,4.75,1.01,4.78,5.76,187,30,Moderate,1,0,1,0.9599998400000266
34,8.5,0.57,1.81,2.58,5.01,50,176,Moderate,1,0,1,0.2799999670588274
28,5.61,0.73,3.25,5.45,8.18,22,55,Low,1,0,1,0.7094472888685759
29,3.92,3.13,3.82,0.51,5.91,27,55,Low,2,0,1,1.7729587313880786
23,11.85,0.82,0.03,0.71,7.14,235,37,Moderate,2,0,1,0.0717299517527467
23,10.37,5.37,0.45,5.77,4.52,238,154,Moderate,2,0,0,0.5612342756765405
21,11.02,1.08,2.01,5.13,6.41,93,29,High,1,1,0,0.28039924860260906
29,11.3,5.43,1.47,1.72,6.67,166,137,High,0,1,0,0.6106194149894323
23,11.28,4.59,0.21,3.52,5.4,55,148,High,0,0,0,0.42553187716915986
27,5.29,3.86,0.86,1.96,5.18,94,115,Low,1,0,1,0.8922493587430324
26,7.6,1.35,3.59,5.11,4.6,47,89,Low,0,0,0,0.6499999144736954
19,8.43,4.5,2.95,3.03,4.7,204,77,Moderate,1,0,0,0.8837484123667365
19,7.53,4.97,1.48,5.12,5.42,218,104,Moderate,0,0,1,0.8565735914244897
21,9.75,5.66,1.0,1.47,6.94,151,43,High,2,0,1,0.6830768530177588
25,8.1,5.33,0.04,1.73,7.11,187,177,High,0,0,0,0.6629628811156938
22,7.97,3.16,2.2,4.07,4.95,213,41,Moderate,2,1,0,0.6725218729583597
24,10.7,1.28,0.94,2.11,5.03,41,133,High,2,0,1,0.20747661612368073
25,4.37,2.48,1.22,4.49,7.81,105,96,Low,2,0,1,0.8466817284481171
22,3.78,1.5,0.08,5.23,8.38,120,50,Low,1,0,1,0.41798930741023615
27,5.67,3.1,3.86,4.02,8.86,173,145,Low,2,0,1,1.227513011020633
31,7.48,2.1,0.93,5.05,7.28,161,169,Low,2,0,0,0.40508015974864175
35,7.61,2.19,2.62,4.3,6.1,110,97,Low,0,0,0,0.6320629918445477
25,8.44,2.34,0.86,5.88,5.38,74,106,High,0,0,1,0.3791468745086642
33,11.79,0.92,1.07,4.73,8.76,175,62,Moderate,2,1,0,0.1687870934022822
32,9.97,5.4,0.42,2.5,5.31,186,109,High,1,1,0,0.583751195210512
21,8.13,5.58,3.7,1.95,6.3,197,41,Moderate,0,0,0,1.1414512741142346
27,9.0,5.49,1.42,4.02,6.96,123,45,Moderate,2,0,1,0.7677776924691454
29,5.94,1.01,3.44,4.63,6.92,24,64,Low,2,0,0,0.749158123037353
33,3.84,5.87,1.85,3.06,8.9,83,175,Moderate,0,0,1,2.0104161431207963
27,8.75,5.5,3.78,3.01,4.7,70,122,High,1,1,0,1.0605713073632792
22,8.0,4.62,2.48,3.57,7.93,169,84,High,2,0,1,0.8874998890625139
19,6.55,3.99,1.36,2.28,8.96,171,160,Moderate,1,1,0,0.8167937684284324
33,9.23,4.16,2.43,1.06,8.12,46,101,High,2,0,0,0.7139760873265344
25,9.87,2.6,0.88,5.92,8.28,21,22,Moderate,1,0,1,0.352583550903389
23,4.82,0.52,3.32,2.58,6.91,211,146,Low,2,1,0,0.796680332638935
27,8.33,1.59,2.04,3.23,6.94,231,82,Moderate,2,0,1,0.43577425741005316
20,7.35,0.78,0.59,1.29,5.0,158,164,Low,1,1,0,0.18639453246332893
18,3.06,4.46,0.85,3.64,5.22,243,44,High,0,0,1,1.735293550557663
22,7.56,4.76,2.79,1.06,5.14,28,100,Moderate,0,0,1,0.998677116577101
26,9.07,5.42,2.81,1.59,4.53,56,96,Moderate,0,0,1,0.9073868900345216
21,7.06,1.4,2.92,0.79,8.53,204,97,Low,1,0,0,0.6118979303260722
25,11.1,4.44,2.56,3.47,6.38,47,86,High,0,0,0,0.6306305738170654
29,10.74,2.68,2.31,0.61,4.62,182,170,High,2,0,1,0.4646182062739101
28,6.74,5.35,1.8,5.37,5.55,66,157,High,0,1,0,1.060830703140845
18,9.25,3.11,1.23,3.17,7.77,22,103,High,0,1,0,0.4691891384660391
27,8.12,1.11,1.7,1.15,7.79,40,53,High,0,0,1,0.3460590706823805
20,11.67,2.67,0.69,1.83,5.11,123,151,Moderate,1,0,0,0.287917713117591
33,4.28,2.68,2.67,0.52,6.13,173,17,Low,1,1,0,1.2499997079439933
24,10.71,2.2,2.38,1.68,8.62,92,167,Moderate,2,0,1,0.427637681826547
33,9.97,4.05,2.01,5.97,6.61,148,147,Moderate,0,1,0,0.607823409445997
30,10.93,3.61,0.35,5.33,4.73,231,122,Moderate,1,1,0,0.3623055478219993
29,4.56,0.62,0.8,2.82,6.02,144,41,Low,2,0,1,0.31140344048170165
24,4.97,4.15,1.15,0.61,8.7,163,19,High,1,0,1,1.0663981757750152
27,7.46,4.44,3.44,4.72,5.04,65,101,High,2,1,0,1.0563001265013237
35,10.04,3.56,1.18,3.02,6.27,65,58,High,0,0,0,0.4721115067618022
18,7.33,1.36,1.88,2.85,7.18,183,165,Moderate,1,1,0,0.4420190392879892
19,5.36,4.88,3.08,0.98,8.5,139,91,High,1,0,1,1.4850743497995615
19,7.32,0.51,0.17,2.94,5.79,139,77,Moderate,1,1,0,0.09289616217265544
18,10.02,0.54,3.37,1.6,5.45,42,148,High,2,0,1,0.3902195219341795
20,10.8,4.3,2.48,5.26,6.19,204,114,Moderate,0,0,1,0.6277777196502111
21,7.51,0.5,1.91,3.95,7.95,152,166,Low,2,0,0,0.3209054166570684
20,8.52,4.3,1.11,5.13,6.27,135,37,High,2,0,0,0.6349764512938438
29,9.97,0.6,2.55,5.64,8.69,121,143,High,2,0,0,0.31594781184074106
33,11.4,5.9,2.29,4.8,4.76,227,176,High,2,0,1,0.718420989612194
35,7.15,0.89,3.54,5.41,5.62,67,31,Moderate,1,0,1,0.6195803329258275
27,6.5,3.74,0.43,4.97,8.78,141,163,Low,2,0,0,0.6415383628402519
26,7.72,1.74,0.99,2.56,5.08,190,105,Low,1,0,0,0.3536268971985885
27,5.97,0.65,0.54,1.1,7.74,205,76,Low,2,0,0,0.1993299498609799
21,8.03,3.76,2.34,5.56,7.31,26,65,Moderate,2,1,0,0.7596512129948677
35,10.45,2.88,1.95,5.07,7.01,75,69,Moderate,0,1,0,0.4622009127080467
25,9.04,3.47,2.03,1.97,5.08,50,99,Moderate,1,0,1,0.6084070123443571
34,9.84,2.74,0.57,5.52,4.63,40,177,Moderate,2,0,0,0.33638207963596756
31,3.8,2.02,3.95,2.2,4.84,120,153,Low,2,1,0,1.5710522181441533
33,9.11,3.77,2.49,3.63,7.07,177,86,Moderate,2,0,1,0.6871568949333815
34,8.56,3.37,3.41,2.62,5.32,216,162,High,2,0,0,0.7920559822364507
19,7.56,2.78,1.64,4.53,4.64,62,60,Low,2,1,0,0.5846560073206339
27,8.31,5.74,1.39,2.56,5.72,141,114,High,2,0,0,0.8580023034894941
25,10.99,4.5,3.07,1.18,7.2,67,26,High,2,0,1,0.6888079446034628
25,11.43,3.21,1.87,1.08,8.34,213,124,High,2,0,1,0.44444440556041953
27,11.4,1.18,0.14,1.47,4.63,65,163,Moderate,0,1,0,0.11578946352724002
32,5.33,0.81,1.34,3.81,5.25,108,113,Low,0,0,1,0.40337703501368954
22,9.74,3.96,0.07,2.55,4.66,33,161,Moderate,1,1,0,0.41375765772508655
34,7.75,4.4,2.11,2.86,8.09,80,65,Moderate,2,0,1,0.8399998916129172
32,4.36,5.68,3.88,5.83,7.01,157,42,High,0,0,1,2.1926600475550346
23,7.55,1.04,2.82,0.63,5.45,221,163,Moderate,1,1,0,0.5112582104293761
20,4.87,2.45,3.1,2.54,6.33,155,146,Low,2,0,1,1.1396301561334383
32,9.11,4.47,0.16,3.05,5.69,177,154,Moderate,0,0,1,0.5082326555178205
35,3.81,2.9,2.74,0.55,7.99,165,155,Low,2,1,0,1.480314572095913
34,4.0,5.8,0.39,1.81,7.55,28,42,High,0,1,0,1.5474996131250964
24,4.77,2.37,3.8,5.12,4.75,245,132,Low,1,0,1,1.2935007770438622
31,10.88,4.52,1.79,0.96,6.39,152,120,Moderate,0,0,0,0.5799631819886781
33,6.8,2.73,2.45,1.9,7.3,247,137,Moderate,1,0,1,0.7617645938581479
29,9.79,2.71,3.31,3.52,6.28,196,29,Moderate,2,0,0,0.6149131139006013
21,7.05,3.96,2.22,4.2,8.61,30,75,Low,0,0,0,0.8765956203410468
30,6.54,0.69,3.31,5.27,5.97,73,157,Low,1,1,0,0.6116207015870486
31,7.65,5.05,2.48,3.22,8.0,139,78,Moderate,0,1,0,0.9843135968217519
21,9.41,3.93,3.7,5.09,7.1,110,41,Moderate,0,0,0,0.8108394462444798
25,3.2,3.49,1.5,5.83,6.75,41,20,Low,0,1,0,1.5593745126954648
28,8.82,4.88,1.83,4.79,6.45,239,169,Moderate,2,0,0,0.7607708888014866
21,9.3,5.82,0.76,2.43,6.11,159,52,Moderate,1,0,1,0.707526805642279
18,10.72,3.3,1.79,5.75,5.26,242,69,High,0,0,1,0.47481338854352717
21,10.04,6.0,1.36,0.51,5.9,240,102,High,1,0,0,0.7330676560689587
34,11.51,5.67,3.2,0.78,6.91,120,67,Moderate,1,1,0,0.7706341641499425
29,5.75,1.82,3.73,4.55,5.27,159,60,Low,0,0,0,0.9652172234404828
27,5.09,3.95,2.48,5.59,7.39,35,30,Low,2,0,1,1.263261048475236
20,10.24,2.85,3.49,3.96,8.38,210,31,High,0,0,1,0.6191405645370542
27,10.08,3.2,0.61,3.38,8.15,151,88,High,2,0,1,0.3779761529785563
34,3.14,1.21,1.34,0.75,4.97,115,134,Low,2,0,0,0.8121016521969259
26,4.63,5.04,1.22,0.93,7.88,25,160,Moderate,0,0,0,1.3520515438333598
30,10.19,2.39,2.15,3.61,6.32,48,21,High,1,0,1,0.44553479435379845
21,9.33,2.07,3.12,1.6,4.56,35,35,High,1,0,1,0.556270036841368
29,7.09,2.23,1.03,4.33,5.26,100,109,Low,2,0,1,0.4598024739347709
28,6.29,2.43,1.46,1.31,4.81,20,147,Moderate,0,1,0,0.6184418730617054
23,4.55,5.63,2.69,2.09,6.29,172,130,Moderate,2,0,0,1.8285710266876865
26,10.15,4.44,2.37,3.0,6.44,96,147,Moderate,1,1,0,0.6709358944890745
25,9.16,0.67,2.9,3.04,5.21,116,131,High,0,1,0,0.38973794871856454
34,4.23,3.32,2.5,1.98,6.39,33,160,Low,0,1,0,1.3758861995540899
22,10.44,4.45,3.06,0.59,8.02,70,28,Moderate,0,0,0,0.7193485901007098
25,5.22,3.46,1.64,2.14,6.34,126,150,Low,0,0,0,0.9770113070859564
25,11.12,5.98,3.25,1.51,8.53,40,168,Moderate,0,0,0,0.8300358965795058
31,8.14,1.97,0.95,4.84,7.66,198,80,High,2,0,0,0.3587223146532783
22,8.84,4.44,0.06,2.94,7.27,183,26,Moderate,0,1,0,0.5090497161708466
31,9.97,4.85,0.36,2.36,7.35,162,133,High,1,0,0,0.5225676506953209
31,5.35,4.67,3.61,2.7,6.89,163,163,Moderate,2,1,0,1.5476632621190163
27,9.55,4.56,2.46,5.94,7.07,198,180,Moderate,1,0,0,0.7350784570598474
34,3.56,5.72,3.83,1.1,5.59,150,169,Moderate,1,1,0,2.6825835161282257
31,8.93,3.61,3.94,5.79,4.96,68,171,High,2,1,0,0.8454646309670066
31,11.68,3.16,2.83,2.07,6.77,180,46,Moderate,1,0,1,0.5128424218456831
25,11.39,5.34,3.53,1.79,6.11,184,145,Moderate,0,1,0,0.7787532239900593
20,7.13,3.86,2.82,2.06,5.95,138,32,Low,0,1,0,0.9368862641113234
23,10.74,0.65,0.47,2.64,4.94,201,154,High,1,1,0,0.10428304429394375
19,6.73,0.66,3.92,5.29,6.2,21,62,Low,2,0,0,0.6805348171567879
21,7.23,1.83,3.13,2.69,7.44,202,179,Moderate,0,0,1,0.6860303338823881
22,7.52,2.1,1.64,4.14,6.98,128,74,Moderate,2,1,0,0.49734035939622884
28,6.74,2.58,1.94,2.91,7.47,20,97,Low,1,0,0,0.6706230459016251
30,8.37,1.02,3.65,1.64,4.59,183,96,High,1,0,1,0.557944975155917
31,8.96,3.72,1.72,5.7,6.51,152,124,Moderate,2,0,0,0.6071427893813851
35,4.57,4.93,0.48,5.02,4.55,49,77,High,2,0,1,1.1838071807861748
19,5.61,3.61,3.5,3.15,5.45,80,93,Low,0,1,0,1.2673794532300438
29,6.21,4.64,3.45,0.8,6.92,23,135,Moderate,2,0,0,1.3027373103482591
29,6.39,4.26,2.82,2.09,5.54,58,21,Moderate,0,1,0,1.107981047264312
24,8.13,4.01,2.6,1.99,5.61,135,35,High,0,0,0,0.8130380303766259
23,8.64,3.54,0.52,1.11,6.25,186,95,Moderate,2,0,0,0.4699073530199824
20,5.9,5.67,3.93,2.59,7.53,130,30,High,1,0,0,1.627118368285022
20,4.32,1.65,2.92,2.73,8.19,163,71,Low,1,0,0,1.0578701254930265
21,9.17,5.1,2.38,5.1,4.61,235,145,Moderate,1,0,0,0.8157032916354099
19,6.91,5.61,3.88,5.46,4.82,234,170,Moderate,0,0,1,1.3733717259954086
28,8.61,3.25,3.86,5.38,7.81,79,60,Moderate,2,0,0,0.8257838762155777
28,4.05,2.85,2.79,4.33,8.92,118,103,Low,2,0,1,1.3925922487426547
22,11.39,1.44,1.66,3.88,5.39,215,101,High,0,1,0,0.27216854502471066
28,4.35,0.68,3.65,3.51,5.14,101,52,Low,2,0,1,0.9954020700225127
24,10.22,3.26,0.36,3.27,7.1,244,24,Moderate,2,0,1,0.3542074017409587
34,10.2,3.77,0.32,3.07,4.53,216,142,High,1,0,0,0.4009803528450635
29,9.33,4.55,3.94,5.73,6.42,153,127,High,0,0,0,0.909967748127787
20,4.33,0.55,1.68,2.49,6.27,46,76,Low,2,0,1,0.5150114284038271
28,8.34,5.02,1.53,1.99,8.15,203,58,Moderate,2,0,0,0.7853716084686322
26,10.36,1.94,0.15,4.01,8.11,84,60,High,1,1,0,0.20173743226472662
22,5.93,4.92,0.43,1.81,4.7,201,82,High,0,0,0,0.9021920906927334
25,3.8,4.75,0.68,3.85,5.83,115,90,Moderate,1,0,0,1.4289469923823703
21,11.58,2.4,1.29,4.03,6.78,91,120,High,2,1,0,0.3186528222234178
34,5.71,5.03,0.58,1.11,8.81,58,140,High,1,0,1,0.9824866930846422
24,10.31,1.79,0.22,2.5,8.84,178,130,High,0,0,0,0.1949563341458454
22,9.36,0.53,3.63,5.51,8.64,133,173,High,2,0,1,0.4444443969610688
18,3.31,4.97,2.14,3.53,8.01,230,102,High,1,0,1,2.1480356048230798
35,9.4,3.53,0.89,4.33,4.91,150,161,High,0,1,0,0.47021271593481745
29,4.24,2.28,1.59,1.9,7.84,118,21,Low,1,1,0,0.9127356337887655
18,3.44,3.52,1.35,0.56,7.09,105,142,Low,1,0,0,1.4156972628787026
25,11.15,2.77,0.61,3.45,5.29,216,56,High,1,0,0,0.3031389862655618
24,3.84,1.58,2.24,3.35,5.69,35,161,Low,2,0,0,0.9947914076064044
31,9.41,1.36,3.1,1.97,8.17,98,101,Moderate,1,0,0,0.4739638178571926
24,9.91,4.89,3.61,5.19,8.77,231,37,Moderate,2,0,1,0.8577193887266006
25,10.76,3.48,1.83,1.68,8.62,216,180,Moderate,0,1,0,0.49349437792803186
20,8.93,2.34,3.89,5.71,5.93,113,124,Moderate,1,0,0,0.6976482981356891
30,3.66,3.0,0.55,2.92,7.47,162,139,Low,2,1,0,0.969945090178937
22,5.62,0.65,2.65,4.63,7.91,109,19,Low,2,0,1,0.5871885076177032
22,5.98,4.46,1.48,5.05,7.48,216,70,High,2,1,0,0.9933108706838008
32,9.93,4.01,1.12,4.08,8.19,110,109,High,0,0,0,0.5166162621735889
31,8.11,5.52,0.95,2.07,5.87,65,48,High,2,1,0,0.7977804195091962
20,11.36,0.54,2.69,1.66,5.06,27,92,Moderate,1,1,0,0.2843309608863591
26,6.2,2.15,1.1,4.97,5.33,63,142,Low,2,0,0,0.5241934638397638
22,7.36,2.02,0.97,1.94,6.52,194,20,Moderate,2,1,0,0.40624994480299664
33,11.95,5.5,0.58,3.54,5.18,193,109,Moderate,1,0,1,0.5087865683023793
33,6.14,2.63,1.47,3.53,6.45,245,176,Low,2,1,0,0.6677523342422909
18,3.03,4.9,2.72,4.99,4.92,128,52,High,2,0,1,2.5148506551648007
24,9.88,3.28,2.69,1.95,8.34,90,113,High,2,0,1,0.6042509509867459
30,9.04,5.81,1.61,2.78,5.33,27,141,High,0,1,0,0.8207963693809327
25,9.57,3.7,0.45,4.64,6.57,77,89,High,1,0,1,0.433646767644016
27,3.67,3.56,2.75,1.41,5.94,90,163,Low,0,0,0,1.7193455805597875
33,10.9,2.43,2.47,0.95,6.81,98,84,Moderate,1,1,0,0.4495412431613539
23,9.58,2.31,2.96,4.56,7.48,163,167,Moderate,1,0,0,0.5501043267114482
28,6.16,5.06,2.79,3.84,5.9,35,149,High,2,0,0,1.2743504424755774
26,7.99,5.68,0.24,4.52,7.52,129,162,Moderate,2,0,0,0.7409260649654487
33,9.56,1.29,1.02,0.59,8.08,219,75,High,1,0,1,0.24163177388788978
27,7.12,1.44,2.02,0.85,6.02,100,118,Low,2,0,1,0.4859549879276702
33,4.26,3.81,3.21,4.5,8.7,235,49,Low,0,0,0,1.6478869371157423
19,5.6,5.08,3.43,4.62,6.72,179,168,Moderate,2,0,1,1.5196425857781097
34,5.75,3.95,3.63,3.3,8.76,137,120,Low,1,0,0,1.3182606403024972
29,8.36,5.45,1.89,4.41,7.81,61,160,High,0,1,0,0.8779903255992435
29,5.52,5.94,1.01,4.49,8.64,168,35,High,2,0,1,1.259057742924322
19,6.29,5.44,0.2,2.62,6.95,193,15,High,1,1,0,0.8966612246961487
22,9.76,2.02,2.82,1.01,7.73,212,143,High,1,0,0,0.49590158853467337
25,9.42,4.3,2.24,5.05,5.89,113,23,High,0,1,0,0.69426744222214
23,5.05,4.49,2.98,2.02,8.96,209,21,Moderate,2,0,1,1.4792076278796777
31,4.16,3.3,2.58,1.34,5.01,46,28,Low,0,0,1,1.4134611986872117
19,5.63,4.1,0.0,4.03,5.91,179,57,Moderate,0,0,1,0.7282414337048962
35,7.52,2.35,1.58,3.19,6.82,197,49,Low,0,1,0,0.5226063134832031
29,8.08,4.72,2.32,5.39,8.68,84,26,Moderate,0,1,0,0.8712870208803192
18,3.45,4.18,1.09,3.71,6.07,107,81,High,0,0,1,1.527535789120061
21,9.94,4.52,2.04,4.79,7.27,90,95,High,1,0,1,0.6599596921569727
32,8.59,2.63,3.01,4.51,7.35,41,118,High,2,0,1,0.6565773391644542
26,6.5,2.66,2.51,1.51,6.44,190,35,Moderate,0,0,0,0.7953844930177703
35,9.28,1.32,1.48,4.01,6.78,101,37,Moderate,0,0,0,0.3017241054176611
32,10.05,2.13,2.04,2.11,5.28,27,103,Moderate,0,1,0,0.41492533184822566
21,10.89,1.48,2.68,4.73,6.6,187,75,Moderate,0,0,0,0.3820018014690724
19,11.34,2.33,1.11,1.43,8.75,43,59,High,0,0,1,0.30335094326711265
23,3.26,4.61,2.44,0.58,5.67,58,113,Moderate,2,0,1,2.1625760237496863
25,6.41,3.07,3.98,2.19,8.52,112,48,Moderate,1,0,1,1.0998438221772509
18,4.87,4.27,3.72,0.64,5.52,63,138,High,1,0,1,1.640656747298409
30,5.9,1.36,2.96,3.12,6.71,204,156,Low,0,1,0,0.73220326572826
28,11.76,5.8,0.85,0.62,5.61,116,94,High,0,0,1,0.5654761423914845
18,4.49,0.95,2.26,4.92,7.32,178,29,Low,2,1,0,0.7149218897724076
21,3.18,3.03,0.53,4.22,5.09,227,26,Low,1,0,1,1.1194965033029862
31,9.19,5.25,1.09,3.29,5.16,178,38,Moderate,0,0,1,0.6898802296104213
21,7.62,5.67,1.93,3.07,5.28,175,64,High,0,0,0,0.9973751971948559
20,4.71,5.91,3.42,1.13,7.16,117,180,High,1,0,1,1.980891299173822
20,9.61,3.02,0.24,3.51,6.04,107,141,High,1,1,0,0.3392299334828373
29,5.0,5.46,1.06,4.06,7.64,135,74,High,0,0,1,1.303999739200052
32,11.71,2.04,2.69,3.88,8.11,129,20,High,2,0,0,0.4039282319446429
18,10.7,1.92,1.28,1.7,4.87,182,21,High,1,1,0,0.299065392610711
21,11.44,3.96,2.91,4.25,7.5,163,140,Moderate,2,0,0,0.600524423031082
28,3.08,5.22,0.82,4.58,8.7,115,87,High,2,0,0,1.9610383243382064
23,5.87,3.9,1.96,3.52,5.45,57,70,Low,0,1,0,0.9982962524197183
28,6.03,2.42,0.62,5.47,8.06,241,175,Low,0,1,0,0.5041458533754803
29,9.27,3.49,3.92,0.73,6.68,220,160,Moderate,0,1,0,0.7993526645790007
35,8.21,3.57,2.02,0.55,6.83,163,100,Moderate,0,1,0,0.680876896360914
25,4.16,0.67,1.6,3.59,4.63,78,141,Low,1,0,0,0.5456729457516957
18,7.05,4.85,2.01,5.59,7.22,197,88,Moderate,1,0,1,0.9730495073688641
21,3.43,1.69,2.31,1.83,7.12,232,178,Low,2,0,0,1.1661804180232016
30,3.02,3.22,2.3,0.95,7.22,84,165,Low,1,1,0,1.8278139643000115
33,10.84,5.72,3.17,0.8,5.89,167,160,High,0,1,0,0.8201106254510494
21,5.68,5.47,0.88,1.04,8.54,180,124,Moderate,1,0,1,1.1179575496553609
20,3.51,2.22,3.78,1.59,7.92,95,57,Low,1,0,0,1.7094012223928141
29,6.35,1.96,0.38,4.0,5.31,222,94,Moderate,2,0,1,0.3685038789757671
28,10.71,2.69,2.03,2.12,6.32,187,151,Moderate,2,0,1,0.44070957603085187
35,11.44,1.83,0.06,5.81,5.04,65,135,Moderate,0,0,0,0.16520977576837628
22,11.22,5.18,0.26,2.26,8.3,134,45,Moderate,2,1,0,0.48484844163561125
21,11.05,1.11,1.12,5.59,8.9,73,23,Moderate,1,0,0,0.20180993648778858
29,7.03,0.7,0.41,1.85,7.46,25,52,Moderate,2,0,1,0.15789471438197517
21,9.04,1.2,3.07,2.01,5.76,56,151,Moderate,1,1,0,0.4723450804928009
28,5.39,0.71,2.03,5.49,5.07,173,134,Low,1,0,0,0.5083486997497774
22,6.7,4.47,2.85,5.84,5.41,111,121,High,0,0,0,1.0925371503675896
20,11.05,4.5,1.24,4.4,6.16,131,47,Moderate,1,0,1,0.5194569665649804
20,6.64,4.2,3.73,2.81,5.49,240,86,High,1,0,0,1.1942769285727517
30,5.27,2.98,2.86,3.27,4.75,236,165,Low,2,0,0,1.108159182512489
28,7.25,1.96,2.52,4.89,5.74,193,66,Low,2,0,0,0.6179309492509036
24,9.82,1.56,1.67,4.24,6.69,91,144,High,2,0,0,0.32892053676980276
25,3.93,5.24,0.58,4.55,5.31,58,104,Moderate,1,0,0,1.4809156537110295
33,5.86,1.55,0.42,4.89,5.82,198,35,Low,1,0,1,0.33617741703457044
28,9.64,0.63,3.85,5.6,5.99,206,109,High,0,0,1,0.4647302422479002
31,4.08,1.94,0.61,5.65,5.54,55,155,Low,2,1,0,0.624999846813763
22,5.24,2.29,0.92,2.03,5.31,50,72,Low,0,0,1,0.6125953029398277
33,4.97,2.3,3.68,3.99,8.94,33,171,Low,2,0,0,1.2032190737989792
29,7.92,3.91,3.85,1.85,5.67,58,146,Low,0,0,1,0.9797978560861292
27,6.29,2.92,2.37,4.35,6.7,108,87,Moderate,2,1,0,0.8410173543692601
29,5.25,5.61,1.54,5.58,6.44,23,128,High,2,1,0,1.3619045024943806
32,5.55,4.36,1.53,5.12,8.36,165,126,Moderate,1,0,0,1.0612610700430505
33,10.92,2.09,2.45,2.59,6.27,91,123,Moderate,2,1,0,0.4157508776784911
32,11.33,5.3,1.12,2.75,4.77,240,107,Moderate,0,1,0,0.5666371962367877
27,7.37,1.58,3.52,2.32,4.52,88,21,Low,2,0,1,0.6919944786981711
32,9.65,5.38,1.59,3.59,5.93,150,170,Moderate,2,0,1,0.7222797178984748
20,10.64,1.96,0.11,3.74,5.91,223,151,Moderate,1,1,0,0.19454885389578438
32,3.02,5.92,2.45,3.35,5.94,237,75,Moderate,1,0,0,2.771522261085344
20,10.18,3.72,0.6,3.28,8.17,206,141,High,0,0,0,0.42436145143797144
35,10.34,2.41,2.64,2.73,5.62,172,142,High,2,1,0,0.4883945369057509
28,5.74,1.05,1.84,4.7,7.22,245,45,Low,1,0,1,0.5034842328424681
30,4.96,5.64,1.24,3.72,7.44,100,172,Moderate,0,0,0,1.387096494536997
29,10.07,4.04,2.69,4.06,7.03,34,85,Moderate,1,0,1,0.6683216813980456
26,4.01,0.56,0.03,3.89,6.9,138,179,Low,2,0,1,0.1471321328847549
27,7.05,1.6,0.77,1.2,6.19,197,112,Low,2,0,1,0.3361701650822461
34,4.8,3.1,0.02,3.69,6.73,76,42,Low,0,0,1,0.6499998645833616
33,3.41,2.43,1.18,3.95,6.72,146,94,Low,0,0,0,1.0586507159382064
21,6.74,0.66,1.81,4.69,7.13,242,148,Low,1,0,0,0.36646878835774654
29,6.47,2.81,0.74,3.47,8.71,214,91,Moderate,2,0,1,0.548686159399357
22,6.98,4.69,3.53,0.71,5.9,227,26,High,1,0,0,1.1776502610816244
20,8.81,4.16,1.93,1.55,4.58,58,137,High,1,1,0,0.6912598534324798
22,9.68,2.47,0.12,0.71,7.96,222,83,High,1,0,1,0.2675619558303765
18,10.33,3.19,1.12,5.01,6.05,202,62,Moderate,0,0,0,0.41723132456618356
26,4.73,2.14,0.54,4.22,7.11,189,71,Low,0,0,1,0.5665960747154176
29,8.16,2.68,2.98,2.98,4.66,150,149,Moderate,1,0,0,0.6936273659770386
26,8.43,4.14,2.52,0.58,7.55,84,36,High,1,1,0,0.7900354934714718
27,6.83,1.68,3.04,2.16,6.92,206,88,Low,2,1,0,0.6910687128742733
34,8.13,2.13,2.56,2.9,6.35,201,90,High,2,0,0,0.5768756978012671
33,3.88,5.74,2.28,1.15,7.88,243,26,Moderate,1,0,0,2.067009776543872
21,5.01,4.6,0.12,1.35,7.44,142,150,High,1,0,0,0.9421155804160518
18,10.56,3.6,0.77,2.54,7.7,147,35,Moderate,0,1,0,0.4138257183877161
25,11.68,1.16,0.58,2.56,4.82,52,180,Moderate,2,1,0,0.14897258998522345
21,8.4,3.84,3.84,5.59,6.85,196,136,Moderate,1,1,0,0.9142856054421898
26,6.71,0.66,1.83,2.97,6.27,88,43,Low,0,0,0,0.3710878731612708
29,6.82,5.73,2.98,3.94,9.0,234,87,Moderate,1,1,0,1.2771259124448808
34,7.59,4.9,2.25,3.47,5.81,141,135,Moderate,0,0,1,0.942028861392772
20,7.99,4.31,3.56,4.37,5.91,81,23,Moderate,2,0,1,0.9849811032564325
18,5.33,4.39,1.62,5.11,6.92,160,53,Moderate,1,0,1,1.1275795257824528
22,5.97,5.81,3.4,3.73,7.4,80,60,High,1,0,1,1.5427133094282564
31,10.68,5.8,2.23,4.71,8.48,41,94,Moderate,2,0,0,0.7518725887759748
20,10.27,2.5,1.68,2.8,6.02,70,171,Moderate,0,0,1,0.40701067117714984
22,11.69,5.07,1.0,3.38,7.47,32,130,High,2,1,0,0.5192471754279577
32,7.43,0.62,2.25,1.81,5.25,65,61,Low,0,1,0,0.38627181880594635
29,11.37,1.58,2.74,3.39,8.44,137,42,High,0,0,0,0.3799471961348113
20,6.95,3.8,2.06,0.73,5.88,172,131,Low,0,1,0,0.8431653463071443
30,3.11,3.14,3.61,5.07,7.1,153,131,Low,0,0,0,2.1704173085474894
29,7.27,4.46,3.96,2.74,6.6,131,69,Moderate,1,0,1,1.1581841598096068
21,9.41,5.68,2.47,4.84,5.34,207,73,Moderate,2,1,0,0.866099801689713
19,6.17,5.53,1.71,1.13,8.24,188,118,High,2,0,1,1.173419582914168
34,8.98,4.86,0.14,3.97,8.49,237,168,Moderate,0,0,1,0.5567928110475712
19,11.8,2.48,3.54,3.21,5.07,124,177,High,0,1,0,0.5101694482907246
29,9.75,2.93,0.52,5.63,6.65,168,39,High,1,0,0,0.3538461175542444
35,11.06,1.01,2.74,2.86,5.8,119,25,Moderate,0,0,0,0.33905964384632514
32,4.54,2.65,0.55,1.31,6.56,33,90,Low,2,0,0,0.7048456597256256
35,6.34,4.22,2.05,0.84,7.72,137,118,Moderate,2,0,1,0.9889588345490796
33,4.39,1.06,0.12,3.79,6.47,42,133,Low,2,1,0,0.26879264947775644
35,11.55,2.52,1.31,3.79,8.33,108,66,High,0,1,0,0.33160170289162744
21,5.64,5.28,0.31,4.43,4.76,204,109,High,2,1,0,0.9911345760399688
23,11.23,4.62,3.16,1.07,5.16,61,120,High,0,0,0,0.6927871155131687
21,8.54,2.77,2.87,2.47,7.9,21,72,High,1,1,0,0.6604214683347228
30,10.27,1.93,1.91,5.17,6.28,180,101,High,0,0,1,0.37390454002876927
26,8.24,1.45,0.2,1.21,8.5,187,112,Moderate,1,1,0,0.2002426941453041
31,9.92,4.45,1.91,3.6,8.94,58,126,High,1,1,0,0.6411289676281283
35,4.23,1.63,2.42,1.03,8.43,26,55,Low,1,1,0,0.9574465821639284
24,10.87,5.5,0.58,3.72,4.92,145,175,High,1,0,0,0.5593375750379417
23,7.34,2.14,0.19,4.57,4.72,65,41,Low,0,0,0,0.3174386488503203
27,11.91,5.88,1.82,5.67,8.39,157,55,Moderate,2,1,0,0.6465154788819918
20,7.03,3.96,3.35,4.38,7.57,140,82,Low,0,1,0,1.039829155074089
27,7.18,5.86,2.71,5.84,6.85,223,112,High,1,1,0,1.1935931485246312
34,5.15,2.67,1.7,2.07,5.01,226,68,Low,1,0,0,0.8485435245546553
32,4.39,2.52,3.98,4.5,5.92,203,109,Low,0,1,0,1.4806374759367937
24,7.66,3.69,0.55,1.09,8.57,169,46,Moderate,2,0,1,0.5535247319158314
25,3.93,4.98,0.73,1.27,6.86,28,76,High,0,0,1,1.4529258389501682
19,7.5,0.75,1.56,0.98,4.89,60,108,Low,2,1,0,0.3079999589333388
33,11.22,5.67,0.06,3.08,7.97,37,64,Moderate,2,1,0,0.5106951416492743
21,10.0,5.35,0.71,4.03,6.57,159,92,High,2,1,0,0.6059999394000061
26,9.85,3.81,3.86,3.38,6.1,179,155,Moderate,2,0,1,0.7786801239918657
29,7.72,1.49,3.04,2.25,6.0,222,18,Moderate,2,1,0,0.5867874887580974
19,7.36,4.46,0.95,2.4,7.85,158,97,Moderate,2,1,0,0.7350542479545858
23,9.48,2.42,0.81,2.8,7.14,152,94,High,2,1,0,0.34071726363741944
19,9.27,5.22,0.07,2.96,8.25,30,37,High,2,1,0,0.5706579751178021
25,8.23,3.38,0.16,4.76,6.07,180,142,High,2,0,1,0.4301336050870468
24,8.97,1.3,2.31,1.58,4.65,147,94,Moderate,0,1,0,0.40245257497741643
19,5.8,4.7,2.24,0.79,7.04,89,24,Moderate,0,1,0,1.1965515178359454
24,6.89,4.69,3.99,4.42,7.82,175,59,High,0,0,1,1.2597966241224057
31,5.21,1.39,3.25,3.8,4.93,173,170,Low,1,1,0,0.8905948386574205
25,4.95,3.33,1.48,0.87,7.42,27,24,Low,2,1,0,0.9717169754107121
26,10.25,4.84,1.2,4.86,7.75,55,79,High,1,0,1,0.5892682351933429
30,4.11,5.42,3.45,5.04,6.2,164,19,High,2,0,0,2.1581503264841055
28,9.09,1.17,3.29,3.6,8.28,220,59,High,1,0,1,0.4906490109297018
19,3.65,3.13,3.84,2.18,5.01,242,141,Low,0,1,0,1.909588517920954
35,3.59,1.94,1.22,3.45,7.65,125,61,Low,1,0,0,0.8802225960382741
32,7.98,5.9,0.67,4.01,8.41,210,113,High,0,1,0,0.8233081675052422
30,5.84,2.88,2.11,2.98,8.38,35,88,Low,1,0,1,0.8544519084842623
20,5.95,3.08,2.72,4.7,5.16,79,71,Low,1,1,0,0.9747897521361761
27,4.47,3.16,0.35,3.77,8.6,239,148,Low,2,1,0,0.7852347236611357
26,4.19,1.28,3.97,1.91,8.12,179,29,Low,0,0,1,1.2529829945147983
25,3.28,4.79,0.86,0.57,4.52,140,54,High,0,0,0,1.7225604504388872
26,5.5,5.5,0.41,4.14,6.52,92,176,High,1,0,0,1.0745452591735893
26,10.17,3.41,0.18,3.08,5.31,104,54,High,2,0,1,0.3529989820059999
25,3.47,3.64,2.28,4.37,8.08,70,50,Low,1,0,1,1.7060513815413885
23,9.98,1.69,0.61,0.77,6.77,202,42,High,1,0,1,0.23046089875141293
27,6.16,2.63,2.34,0.73,6.85,52,37,Moderate,0,0,1,0.8068180508412255
19,5.76,1.5,3.2,3.18,8.5,70,17,Low,0,0,1,0.8159720805604027
29,10.96,1.75,2.6,0.94,8.79,224,133,Moderate,0,1,0,0.3968977740056775
35,9.43,2.36,1.77,4.1,6.37,216,67,High,1,1,0,0.43796389841316036
29,8.2,3.95,2.42,4.81,6.47,239,18,High,2,0,0,0.776829173557418
19,10.92,1.04,1.28,2.32,8.4,131,60,High,2,1,0,0.2124541929987003
23,3.94,1.1,2.3,4.48,5.91,89,136,Low,0,0,1,0.8629439434152427
21,4.43,1.04,3.15,2.57,6.94,122,28,Low,0,0,0,0.9458237142610125
20,10.6,4.15,0.38,5.06,5.72,135,149,High,1,0,0,0.4273584502492029
20,3.67,5.29,3.44,4.24,5.59,70,56,Moderate,1,0,0,2.3787459458457914
33,4.92,2.62,1.48,5.64,5.18,102,159,Low,0,0,0,0.8333331639566739
35,8.89,4.84,2.48,0.59,4.55,225,124,Moderate,1,0,0,0.8233969827449964
25,4.98,3.01,2.44,4.84,8.0,183,172,Low,0,0,1,1.0943772902856843
24,6.65,3.1,2.57,2.35,6.32,106,153,Low,2,0,0,0.8526314507321126
33,5.66,2.21,0.89,4.9,7.64,59,63,Low,0,0,1,0.5477030834446849
24,11.82,3.67,2.68,4.84,4.86,202,122,Moderate,2,1,0,0.537224996850677
21,10.75,1.81,1.46,2.86,6.75,135,59,Moderate,1,1,0,0.30418601821525415
35,5.53,3.32,0.32,1.45,8.81,170,180,Low,1,1,0,0.6582277290727433
18,11.08,1.74,2.1,0.58,5.31,224,159,High,1,0,1,0.3465703658329995
24,4.79,1.43,1.78,5.07,8.07,107,165,Low,2,0,1,0.6701459978818376
27,3.42,1.61,3.2,1.37,4.83,58,149,Low,2,0,1,1.4064323373004863
35,5.35,0.72,0.23,2.25,5.97,72,161,Low,0,1,0,0.17757006026727845
27,10.45,1.26,0.17,5.9,5.35,216,63,Moderate,0,1,0,0.13684209216822085
35,8.16,2.34,3.8,3.54,7.86,230,89,High,1,1,0,0.7524508881800382
27,9.32,2.12,2.8,2.12,8.45,213,107,Moderate,2,1,0,0.5278969390668521
30,10.66,2.04,0.98,4.0,6.65,82,91,High,1,0,0,0.28330203721369257
25,4.39,1.62,0.62,3.71,7.19,117,29,Low,0,0,1,0.5102504532459105
31,4.06,1.0,0.48,4.8,7.74,89,69,Low,1,0,1,0.3645319299182439
27,4.8,4.75,3.75,1.88,4.98,226,130,Moderate,0,0,0,1.770832964409799
31,8.47,1.05,1.92,5.85,7.46,93,52,High,2,1,0,0.3506493092503767
32,5.84,0.9,1.84,4.96,6.71,98,48,Low,0,0,0,0.4691780018530819
34,7.92,3.58,0.31,3.64,8.45,229,137,Moderate,1,1,0,0.49116155414626844
20,6.45,4.15,3.13,3.87,4.69,210,112,High,2,1,0,1.128681995553179
28,10.07,0.83,3.17,1.33,7.29,245,126,Moderate,1,0,0,0.39721942430790225
31,10.21,3.58,3.83,1.4,8.73,98,119,High,1,0,0,0.725758988662195
29,10.69,5.24,3.23,3.18,6.04,219,163,Moderate,0,0,0,0.7923292055819267
32,3.14,5.48,2.55,2.19,8.55,200,170,Moderate,1,1,0,2.557324026329928
18,7.56,2.27,2.59,2.12,7.8,218,91,Moderate,2,0,0,0.6428570578231404
33,8.21,4.31,2.02,3.11,8.59,250,124,Moderate,0,0,0,0.7710108683299794
33,4.09,2.51,2.81,2.68,7.65,56,158,Low,1,1,0,1.3007331783048464
24,6.03,5.94,2.75,4.92,7.99,127,51,High,1,0,1,1.4411274558660936
35,3.48,5.55,2.84,5.26,8.1,117,121,Moderate,1,0,1,2.410918847437113
18,4.5,4.3,3.48,3.9,7.22,61,27,High,0,1,0,1.7288885046914433
20,10.41,2.88,1.13,2.13,8.74,20,21,Moderate,0,1,0,0.3852064951770898
27,7.13,2.16,3.25,1.73,6.08,248,165,Moderate,2,0,1,0.7587656719823742
35,3.56,1.28,0.81,0.82,6.29,165,169,Low,2,1,0,0.5870784867757058
28,11.36,2.38,1.01,1.45,6.26,238,151,High,1,0,1,0.29841546668877933
18,11.68,5.03,3.22,5.73,4.52,30,86,Moderate,2,0,0,0.7063355559644217
20,11.92,3.36,2.07,3.38,5.08,115,144,Moderate,2,0,1,0.4555368745354971
19,9.79,4.13,0.75,3.07,5.97,212,144,High,2,1,0,0.4984677733945074
31,7.63,2.37,3.07,2.72,8.53,68,42,Low,2,0,0,0.712975004852555
29,4.25,3.06,2.5,3.36,6.35,139,44,Low,0,1,0,1.3082349862976503
30,8.04,3.54,2.8,3.42,8.02,160,160,High,1,1,0,0.7885571158511051
19,6.09,5.64,2.37,4.53,6.59,184,23,High,0,0,0,1.3152707199883875
30,8.31,4.97,2.25,4.88,5.35,47,57,Moderate,0,0,1,0.8688326270959534
26,5.21,2.79,2.39,2.28,4.59,49,41,Low,0,0,0,0.9942416517770342
22,5.06,5.96,1.58,5.95,5.3,217,46,High,1,0,0,1.4901182825853196
20,9.81,4.22,2.18,2.96,7.59,153,115,Moderate,2,0,1,0.6523954482777321
20,4.5,0.69,1.92,4.72,7.53,169,54,Low,2,0,1,0.5799998711111397
25,7.25,2.34,1.59,2.67,4.8,184,175,Moderate,2,1,0,0.5420688907491185
29,7.06,0.71,2.47,2.11,8.06,113,48,Low,0,0,1,0.4504248653789143
20,3.73,2.2,0.07,2.7,5.92,74,91,Low,2,0,1,0.6085789253139611
22,11.5,0.57,0.9,5.79,8.42,106,168,High,2,0,0,0.1278260758412108
34,11.07,2.07,3.52,0.57,6.78,201,106,Moderate,0,0,0,0.5049683374012343
34,7.33,4.0,3.56,1.28,6.36,62,174,Moderate,0,0,1,1.0313777583386414
28,3.76,5.74,1.1,5.41,4.64,153,84,Moderate,0,0,0,1.819148452354135
33,8.38,3.07,3.74,1.03,7.25,58,23,Moderate,0,0,0,0.8126490677029753
22,10.46,1.53,2.76,4.55,6.17,120,86,Moderate,2,0,1,0.4101338040025044
32,3.09,4.6,2.46,4.6,8.14,29,91,Moderate,0,0,0,2.28478890459906
31,3.6,1.39,2.39,3.99,7.1,197,104,Low,1,0,1,1.0499997083334143
19,6.96,3.47,1.46,5.48,7.16,236,89,Low,0,1,0,0.7083332315613172
21,10.72,0.61,3.95,3.95,6.13,244,97,High,2,1,0,0.42537309464803225
21,8.55,1.66,1.47,5.7,5.86,41,117,Moderate,1,0,0,0.3660818285284411
21,10.6,5.73,3.2,4.95,5.2,98,23,Moderate,0,0,0,0.8424527507120048
34,4.63,0.53,3.73,3.2,4.7,195,79,Low,2,0,1,0.9200861943658327
28,9.92,3.52,2.17,3.75,8.05,107,55,Moderate,0,0,0,0.5735886518559826
22,10.15,5.99,1.7,5.36,6.66,30,151,Moderate,0,0,0,0.7576353933364145
18,7.93,4.23,0.13,4.89,4.88,140,26,Moderate,1,1,0,0.5498107755598014
25,10.75,3.58,1.5,2.57,5.37,124,38,Moderate,1,1,0,0.47255809557599116
32,11.7,5.14,3.74,2.4,6.78,224,160,High,2,1,0,0.7589742941047612
26,7.34,2.94,3.43,2.05,5.32,104,174,Moderate,1,1,0,0.8678472932088157
19,6.03,4.14,0.12,3.16,6.8,79,114,Moderate,0,1,0,0.7064675445327454
24,8.34,3.77,2.42,5.72,6.82,244,122,High,2,0,1,0.7422061460184477
18,4.24,3.22,3.88,5.42,7.96,225,164,Low,0,1,0,1.674527906950965
24,3.71,4.21,2.34,3.02,7.05,198,39,High,0,0,1,1.7654981764155857
29,10.75,1.59,0.42,5.38,5.85,116,90,High,2,0,0,0.18697672679286265
21,9.68,2.07,3.53,2.17,8.99,188,171,Moderate,2,0,1,0.5785123369305437
33,4.52,4.74,1.26,3.67,6.56,57,178,Moderate,0,0,1,1.3274333346386429
24,6.38,2.06,0.86,4.03,6.43,97,151,Low,1,0,1,0.4576801790469939
20,6.06,3.75,2.87,5.76,7.66,72,68,Low,0,0,0,1.092409060658571
30,4.5,0.78,1.93,3.82,8.33,39,86,Low,1,0,0,0.6022220883950914
25,6.3,0.8,3.35,3.24,4.63,205,78,Low,0,0,1,0.6587300541698328
26,9.31,5.31,1.85,2.54,6.41,125,160,High,1,1,0,0.7690654383388359
26,6.66,5.97,0.42,0.92,5.32,243,43,Moderate,1,0,1,0.9594593153964991
28,6.5,5.8,0.06,3.59,4.72,192,126,Moderate,0,1,0,0.9015383228402579
22,10.78,3.56,2.07,5.7,6.38,117,147,Moderate,0,1,0,0.5222634023874395
24,5.55,5.4,2.85,0.93,5.11,72,67,Moderate,0,0,0,1.4864862186511318
29,11.74,4.06,0.61,1.76,8.05,21,162,High,1,0,1,0.3977853153504842
20,7.98,5.69,1.44,3.7,7.48,243,37,High,2,0,1,0.8934835973078199
19,9.24,3.55,2.49,5.67,5.07,63,21,Moderate,2,0,1,0.6536795829351101
32,4.96,5.84,3.27,1.6,8.96,106,120,High,1,0,0,1.8366931780860527
26,4.62,3.76,3.71,3.55,8.91,61,130,Low,1,0,0,1.616882766908492
31,11.69,4.88,3.56,2.97,5.0,126,51,High,2,0,1,0.7219845404632558
20,6.65,4.87,2.09,5.84,5.84,36,86,Moderate,1,0,0,1.046616383967461
23,6.19,2.93,2.57,2.01,7.04,150,101,Low,0,0,0,0.8885297433716084
26,10.34,3.69,3.94,4.98,4.54,232,31,Moderate,2,1,0,0.7379109537803721
20,11.69,4.92,0.79,5.93,8.66,73,16,High,2,0,1,0.4884516263086719
29,4.69,4.86,3.43,0.54,4.75,191,134,Moderate,2,0,1,1.7675902414519742
29,11.15,1.55,2.64,3.7,7.32,158,30,High,1,0,0,0.3757847196605633
31,10.37,3.83,1.0,2.46,6.19,224,166,High,2,1,0,0.46576658960785067
33,8.84,0.65,0.3,3.32,6.59,60,72,High,2,0,1,0.10746605119162317
34,3.44,2.71,1.64,2.26,5.69,163,107,Low,0,0,0,1.264534516123687
35,10.67,5.0,1.8,0.64,8.27,33,16,High,1,0,0,0.6373007837581272
31,7.23,3.24,2.42,1.5,6.77,237,140,Moderate,2,0,0,0.7828491310028864
21,5.8,2.52,2.6,2.81,8.6,161,125,Low,2,0,0,0.8827584684899192
33,7.78,3.18,3.76,3.77,5.72,226,89,Low,0,0,1,0.8920307336721421
29,11.35,2.43,1.23,4.71,5.2,32,124,High,1,1,0,0.32246693194123954
28,9.43,4.07,1.29,1.35,7.04,31,28,High,1,0,0,0.5683986671899611
31,8.66,4.4,0.5,2.75,7.34,247,19,Moderate,1,0,0,0.5658197960947119
32,11.3,3.02,2.59,2.61,8.31,32,23,High,0,1,0,0.49646013305662534
21,5.15,1.26,1.68,2.32,4.82,54,97,Low,1,0,0,0.5708736755585095
22,5.22,5.74,0.19,5.03,4.88,174,171,High,0,1,0,1.136015108043083
31,8.62,5.31,1.83,3.68,5.66,136,134,Moderate,2,0,0,0.8283061684099574
19,4.93,3.58,0.7,5.26,6.2,213,59,Low,2,0,1,0.8681539821188679
33,9.42,5.86,0.33,0.66,6.28,235,162,Moderate,1,0,1,0.6571124567821172
19,4.15,1.58,0.56,3.05,8.25,46,135,Low,1,0,1,0.5156625263463792
31,11.09,3.67,2.55,0.67,4.61,108,39,High,1,0,1,0.5608655941509835
32,3.84,0.91,1.92,5.82,4.96,193,46,Low,2,0,0,0.7369789747450587
29,10.77,5.14,2.06,2.52,5.04,133,31,Moderate,2,0,0,0.6685236148074638
35,7.01,4.2,2.18,5.22,7.81,47,103,High,1,0,1,0.9101282581842715
34,3.2,2.89,1.19,2.74,6.03,207,162,Low,1,1,0,1.2749996015626244
27,11.78,5.23,0.29,3.07,7.06,244,140,Moderate,0,1,0,0.46859079214000077
33,7.81,1.92,3.73,3.48,7.58,135,84,Moderate,1,0,1,0.7234314054505243
26,7.81,5.8,1.65,1.86,5.23,119,167,High,0,0,0,0.9539051275409567
20,10.82,1.73,0.65,3.98,6.61,40,99,High,0,0,1,0.21996301109399158
18,5.51,1.55,1.62,1.02,8.72,171,41,Low,2,1,0,0.5753174999423775
27,6.06,4.24,3.2,2.36,6.83,39,64,High,2,0,1,1.2277225696827443
21,10.06,5.17,2.81,3.84,6.8,56,82,High,2,1,0,0.7932404778090977
19,10.6,3.96,1.88,2.13,6.28,145,44,Moderate,2,0,1,0.550943344250628
33,8.51,3.42,1.93,3.89,6.73,65,85,High,1,0,1,0.6286720765367713
24,6.91,3.07,1.35,1.61,7.77,223,121,Low,1,0,1,0.6396525847101903
34,9.13,5.57,1.77,1.62,6.04,126,34,High,2,1,0,0.8039429568518119
27,7.48,3.67,3.37,2.43,5.45,210,131,Moderate,0,1,0,0.9411763447625207
30,8.96,2.11,3.47,5.11,8.03,229,146,High,0,1,0,0.6227677876375237
24,6.27,1.17,2.85,1.54,8.6,124,177,Low,2,0,0,0.6411482231023568
19,11.08,1.22,3.9,5.99,8.66,234,38,Moderate,0,1,0,0.462093821110666
20,3.73,3.74,1.8,3.84,7.41,233,80,Low,1,0,0,1.4852542934975084
23,8.89,2.17,2.03,1.61,6.46,76,129,Moderate,2,1,0,0.4724408917389322
19,10.36,2.86,1.94,1.28,5.42,144,151,Moderate,2,1,0,0.4633204185984152
35,4.72,4.45,2.97,4.79,5.68,190,106,High,2,1,0,1.572033565247126
29,5.33,5.06,2.6,2.78,4.92,164,147,Moderate,2,0,1,1.437147948002261
23,9.55,2.88,3.76,1.32,5.07,186,104,High,2,1,0,0.695287885310169
21,11.01,5.18,2.87,2.57,5.13,226,101,Moderate,2,1,0,0.7311534304129492
22,8.92,0.83,3.34,3.26,5.63,221,79,High,2,1,0,0.46748873682861697
20,5.05,1.09,3.13,4.19,6.01,126,156,Low,1,0,1,0.8356433988824953
25,6.74,2.37,3.62,2.55,7.66,109,135,Low,2,0,0,0.8887239037501626
34,10.48,1.67,3.22,4.53,8.88,202,134,Moderate,1,0,0,0.4666030089119267
26,4.09,3.81,2.14,2.05,4.52,163,35,Low,2,1,0,1.4547673704725257
23,9.55,4.59,0.33,2.95,6.38,82,111,Moderate,0,0,0,0.5151831921274145
21,3.12,5.85,3.13,1.58,7.8,224,56,Moderate,2,0,1,2.87820420570378
29,6.23,4.6,0.1,4.71,8.02,148,33,Moderate,1,1,0,0.7544140041069013
34,7.78,3.48,1.35,4.21,8.02,186,139,Moderate,1,0,1,0.6208225423107272
24,9.56,1.38,0.92,4.92,7.1,153,116,Moderate,0,0,0,0.24058574889270407
30,11.4,1.61,3.88,4.41,8.4,44,179,High,1,1,0,0.4815789051246575
24,9.66,2.24,0.19,1.12,4.96,101,27,High,2,0,1,0.25155276899039664
29,11.41,1.04,0.53,5.98,4.65,187,53,Moderate,1,1,0,0.13759858566182423
31,8.76,3.07,3.75,1.96,5.7,202,96,High,1,1,0,0.7785387239111047
22,10.29,1.26,1.2,3.47,8.57,62,45,High,0,0,1,0.23906703216063832
34,9.99,5.16,1.62,4.24,7.14,53,137,Moderate,2,0,1,0.6786786107428818
30,11.37,1.08,3.05,0.96,8.06,75,133,Moderate,2,0,0,0.36323655556406725
34,3.43,1.4,3.86,3.32,7.75,106,146,Low,1,1,0,1.5335272497005101
22,10.57,0.59,0.99,1.92,7.71,155,146,Moderate,1,0,0,0.14947964527155674
35,8.9,1.44,2.98,1.36,7.33,199,107,Moderate,1,0,0,0.49662915768211713
27,6.79,1.76,3.68,1.44,4.84,177,79,Moderate,0,1,0,0.8011780852462319
25,11.07,2.6,3.25,5.95,7.71,171,19,Moderate,2,0,0,0.5284552368152451
31,4.37,3.2,2.02,2.4,6.58,63,70,Low,2,0,0,1.194507735810587
33,11.75,5.64,3.95,5.97,5.19,46,47,Moderate,1,1,0,0.8161701433046687
31,7.07,1.79,1.49,5.75,6.84,93,146,Moderate,0,0,1,0.46393204187665604
31,5.44,1.19,1.69,0.65,7.16,149,179,Low,0,1,0,0.5294116673875611
20,7.32,3.23,0.92,4.59,7.88,184,75,Moderate,2,0,1,0.5669398132595884
20,7.26,4.47,3.3,5.14,6.64,179,96,High,2,0,0,1.070247786467247
34,8.89,2.58,0.21,5.17,7.43,161,105,High,0,0,0,0.3138357352265765
31,4.89,2.66,0.7,1.57,6.99,39,26,Low,0,0,1,0.6871164239025719
18,11.44,2.0,3.58,2.53,7.5,33,70,Moderate,2,0,1,0.4877621951256823
35,3.22,2.37,1.29,3.14,6.98,143,166,Low,1,0,1,1.1366456097373883
29,4.05,2.04,1.64,2.2,8.62,186,53,Low,1,0,1,0.908641750952654
21,8.58,0.72,1.0,2.03,7.37,231,118,High,1,0,1,0.20046617710184417
33,5.45,3.04,2.12,3.83,6.11,220,155,Low,1,0,1,0.9467888171029694
24,10.23,4.57,0.45,1.26,7.92,36,42,High,0,1,0,0.49071353951969315
31,3.94,3.59,2.32,2.84,5.64,246,86,Low,2,0,0,1.4999996192894367
33,9.0,4.87,0.53,1.28,7.26,146,151,High,0,0,1,0.5999999333333408
23,9.12,4.44,3.26,5.03,7.77,212,164,High,2,0,0,0.8442981530374833
25,4.46,3.23,1.87,0.68,6.18,226,27,Low,0,0,1,1.1434975014579591
20,9.97,3.96,2.38,1.29,8.53,141,124,High,1,1,0,0.6359076593873962
26,9.84,4.08,1.42,2.91,5.81,39,29,High,2,0,0,0.5589430326277406
29,6.14,2.34,3.37,1.25,5.29,37,131,Low,1,0,1,0.9299672752496294
30,5.32,4.44,2.88,0.91,4.84,23,52,High,1,1,0,1.3759395909887986
19,10.57,5.75,2.29,2.48,6.03,93,126,High,1,1,0,0.7606432582172886
26,4.28,2.2,0.84,3.9,4.95,135,108,Low,0,0,1,0.710280207878456
30,3.6,1.27,2.56,5.5,5.77,118,104,Low,1,0,1,1.0638885933642797
24,7.25,1.87,0.54,1.78,6.78,71,154,Moderate,1,0,1,0.33241374725327627
26,6.89,5.02,2.87,5.22,6.67,124,143,High,2,0,1,1.1451377147840762
22,8.76,2.23,2.45,1.59,8.59,210,109,High,0,0,1,0.5342465143554208
18,10.9,4.73,2.36,4.22,7.35,243,85,Moderate,2,0,0,0.6504586559212242
25,7.89,1.22,2.2,2.74,5.94,238,165,Low,0,1,0,0.43346002110772863
33,6.23,5.78,3.21,1.53,8.59,88,67,Moderate,1,0,0,1.4430174248768177
31,7.61,5.3,2.74,2.1,7.25,195,37,Moderate,1,1,0,1.0565044603804912
28,9.68,5.89,0.08,1.91,6.98,230,169,Moderate,0,0,0,0.6167354734777404
27,8.55,3.81,2.87,3.54,7.08,149,56,High,1,0,1,0.7812864583290692
26,6.22,4.04,3.87,2.68,5.47,166,47,Moderate,0,0,1,1.2717039756102932
30,3.6,3.06,2.98,5.58,4.64,38,18,Low,0,0,1,1.6777773117285244
22,4.2,4.28,3.84,3.69,5.87,117,140,Moderate,1,0,0,1.9333328730159827
30,10.44,4.4,3.73,1.19,6.72,91,35,High,1,0,1,0.7787355575923797
27,6.07,2.68,3.35,0.94,5.88,123,43,Moderate,1,0,1,0.9934100505090526
30,8.25,3.93,0.45,3.86,7.98,199,167,High,2,0,1,0.5309090265564816
24,8.11,1.35,0.87,2.75,5.85,68,26,High,1,0,0,0.2737360944838355
26,9.67,1.25,3.49,1.96,6.86,242,128,Moderate,0,0,0,0.4901757507574198
21,11.37,1.65,2.78,4.75,7.55,49,175,Moderate,0,0,1,0.3896217775178736
24,5.99,2.4,2.42,2.9,7.11,86,86,Low,0,0,1,0.8046743230927674
23,10.35,5.37,1.44,2.34,5.04,136,57,High,1,1,0,0.6579709509206811
23,7.44,3.58,0.73,4.13,5.15,48,93,Low,0,0,1,0.5793009974057799
26,4.57,0.59,3.56,4.05,4.7,242,146,Low,1,0,0,0.9080960813794132
23,6.76,5.46,2.28,1.69,7.34,218,129,Moderate,2,0,1,1.1449702448268868
21,7.66,3.73,1.53,5.42,5.18,132,43,Low,1,0,0,0.6866839834616209
31,5.24,2.41,3.02,0.8,8.3,113,178,Low,0,1,0,1.0362593442253158
23,8.77,5.55,0.66,3.39,4.83,119,58,Moderate,0,1,0,0.7080957003311631
34,3.46,4.27,0.78,3.4,6.27,31,67,High,1,0,1,1.4595371504227888
28,8.88,4.9,1.36,3.55,5.67,227,48,High,2,0,1,0.7049548755681447
18,3.13,2.72,1.65,5.82,7.7,53,108,Low,1,1,0,1.3961656881259783
24,10.76,4.41,2.33,3.7,6.09,34,107,Moderate,2,0,1,0.6263939938295545
22,4.18,3.97,2.97,3.65,8.44,119,133,Low,2,1,0,1.6602866841419417
18,6.25,3.28,3.98,5.45,8.04,140,104,Low,0,0,1,1.1615998141440296
25,9.07,5.76,0.61,5.0,6.63,62,159,Moderate,2,1,0,0.702315247815298
22,6.93,3.29,2.16,2.09,6.29,206,78,Low,1,0,0,0.7864356729530054
31,11.37,2.84,2.5,4.0,5.77,227,138,Moderate,0,0,0,0.4696569507777528
33,8.65,1.16,3.98,1.77,5.25,133,57,High,1,1,0,0.594219584483285
28,7.15,1.67,2.95,4.68,7.81,155,88,Moderate,1,1,0,0.6461537557826915
19,9.95,1.57,0.69,2.51,7.97,208,67,Moderate,0,1,0,0.22713565556425575
19,10.88,1.11,1.92,5.26,6.73,49,174,High,0,0,1,0.27849262146207526
30,3.38,1.28,3.9,4.12,5.13,231,43,Low,2,1,0,1.5325439252828623
30,6.18,5.01,1.34,4.65,6.14,176,78,High,0,0,0,1.0275079243514684
25,4.86,3.97,0.66,1.47,5.35,20,156,Low,2,0,1,0.9526747010957404
20,3.72,0.66,2.06,3.35,7.41,53,44,Low,2,1,0,0.7311825991444626
22,7.01,3.38,2.04,1.71,5.96,99,92,Low,1,0,0,0.7731810594606192
23,6.84,1.23,3.51,0.95,7.4,249,100,Low,2,1,0,0.6929823548271411
20,4.63,3.25,1.23,2.18,6.49,186,105,Low,0,0,1,0.9676023828072609
18,7.4,3.5,0.27,1.35,5.64,172,65,Low,2,0,0,0.5094593906135958
29,3.89,5.15,2.63,5.71,8.5,67,18,High,1,0,0,1.9999994858613146
34,6.28,0.77,2.09,4.66,6.58,183,88,Moderate,0,0,1,0.45541394022071013
24,8.06,5.09,0.45,4.48,5.31,22,158,Moderate,2,0,0,0.6873448278728501
32,5.05,3.99,0.68,0.75,6.32,205,74,Low,2,0,0,0.9247522921282589
28,4.13,2.76,1.88,2.39,8.26,71,90,Low,0,0,0,1.1234864107781086
19,4.25,2.83,0.33,1.83,5.74,100,100,Low,2,0,0,0.7435292368166502
26,8.2,1.38,0.33,0.75,6.81,70,138,Moderate,2,0,0,0.2085365599345659
20,8.96,3.36,1.46,3.02,6.97,113,125,Moderate,1,1,0,0.5379463685327714
22,5.92,1.83,3.64,0.69,8.45,75,62,Low,0,1,0,0.9239863304077146
31,3.26,2.11,2.77,1.21,5.79,109,36,Low,1,0,1,1.496932056155811
26,11.55,2.25,2.01,1.8,8.6,104,73,Moderate,2,1,0,0.36883113689773706
19,6.37,3.52,0.75,4.16,5.4,225,159,Moderate,1,0,0,0.6703295650973994
32,10.8,4.43,3.43,2.2,5.48,73,55,Moderate,0,1,0,0.7277777103909527
22,9.22,2.09,1.59,3.13,8.58,51,142,Moderate,2,1,0,0.3991322777513798
30,6.31,0.95,0.32,0.93,6.68,230,90,Moderate,2,0,0,0.20126779694646643
34,5.76,2.59,2.32,3.81,8.42,99,73,Low,0,0,0,0.8524304075641654
21,9.06,1.12,3.5,1.52,4.76,212,158,Moderate,0,0,0,0.5099337185503622
19,9.71,5.23,2.88,2.7,5.38,220,46,Moderate,2,1,0,0.8352213351986266
30,10.58,1.83,2.37,5.54,8.11,131,163,High,2,0,1,0.3969753878095097
32,9.68,0.59,3.55,4.52,6.0,157,150,High,0,0,0,0.42768590623079483
18,4.39,5.94,0.98,2.72,5.71,27,71,Moderate,2,0,1,1.576309435920402
20,7.62,5.82,0.64,1.18,4.73,35,61,Moderate,0,0,1,0.8477689176156276
18,10.6,2.07,2.5,2.91,8.74,110,177,High,0,0,0,0.4311320347988647
26,10.97,2.28,3.12,4.78,8.27,195,17,High,1,0,0,0.49225155038727897
34,6.91,2.14,1.93,3.32,5.31,105,23,Low,0,0,1,0.5890013619390214
34,5.8,5.53,1.3,5.42,8.36,142,121,Moderate,2,0,0,1.177586003864482
22,11.25,1.97,1.1,4.58,8.37,52,83,High,1,0,1,0.272888864632101
21,10.92,4.8,3.25,4.76,5.81,109,74,Moderate,1,0,1,0.7371794196722145
29,8.32,5.87,2.47,1.82,6.59,144,48,Moderate,1,1,0,1.0024037256726293
31,5.09,2.56,2.55,2.6,7.52,240,25,Low,1,1,0,1.0039290758489043
28,7.93,5.17,1.88,1.39,5.31,184,140,Moderate,0,0,0,0.8890288916735319
34,8.45,1.0,0.55,2.15,8.74,112,73,High,1,1,0,0.18343193095480112
19,11.5,3.85,3.83,4.42,7.2,125,176,Moderate,2,0,1,0.6678260288846931
18,7.5,0.71,2.91,5.13,4.81,154,38,Low,1,0,0,0.4826666023111197
24,6.25,1.29,1.34,3.75,6.4,99,64,Moderate,2,1,0,0.42079993267201077
33,5.06,3.84,2.53,1.02,4.91,238,53,Low,0,1,0,1.2588930318393217
35,10.09,4.97,0.93,5.59,6.8,185,25,High,0,1,0,0.5847373057743007
28,7.46,4.13,1.09,2.11,4.64,239,152,High,0,0,0,0.6997318096874249
23,3.54,2.05,1.2,1.22,7.45,55,136,Low,1,1,0,0.9180788367008935
33,4.62,3.59,3.07,5.04,5.97,168,151,Low,2,1,0,1.4415581295328723
26,7.76,3.79,2.43,3.4,6.74,142,53,Moderate,1,0,1,0.8015462884605299
33,9.67,0.9,1.6,5.46,7.66,244,103,Moderate,2,0,1,0.2585315141125632
27,9.73,3.24,0.67,2.93,5.67,234,79,High,2,0,1,0.4018499073124453
21,7.35,0.94,3.2,1.48,8.66,130,180,Low,0,0,1,0.563265229487724
29,7.39,4.52,1.18,1.31,8.59,170,40,High,2,0,0,0.7713124802012882
33,5.61,5.16,3.32,2.59,8.7,96,52,High,2,0,0,1.511586183317971
27,6.1,5.02,1.76,3.22,5.01,151,31,Moderate,2,1,0,1.111475227627012
23,9.05,3.74,0.15,5.88,4.91,141,88,High,1,0,1,0.42983420664815397
20,8.56,2.29,2.09,3.32,5.07,23,125,Moderate,2,0,1,0.5116821832146983
24,6.01,4.76,3.24,1.89,5.33,89,127,Moderate,0,0,1,1.3311145871689538
33,10.38,2.97,0.51,5.39,5.41,221,76,High,2,0,1,0.33526008330827717
21,10.63,0.59,2.41,1.49,8.85,53,17,Moderate,1,0,1,0.28222010515332974
29,3.57,4.37,2.49,1.96,6.15,166,58,High,2,1,0,1.9215680891966138
28,7.87,5.78,2.65,1.02,7.16,55,71,High,0,0,0,1.0711561536015053
28,5.17,1.51,1.41,3.87,4.87,244,106,Low,0,0,1,0.5647967959774088
31,9.16,4.95,0.79,1.13,5.7,115,169,Moderate,2,0,1,0.626637486174947
33,7.3,3.4,0.79,2.5,7.45,21,125,Low,0,0,1,0.5739725241133528
34,11.24,4.61,2.55,1.89,6.14,84,157,High,2,1,0,0.637010619483041
31,5.92,2.56,0.57,1.14,4.81,155,84,Low,1,1,0,0.5287161269060596
19,5.63,5.54,1.79,5.41,5.3,76,64,Moderate,0,0,1,1.3019535875748511
31,10.67,5.55,0.25,5.71,6.13,228,75,Moderate,2,0,1,0.543580080264285
27,3.51,5.69,3.51,4.56,7.34,231,88,Moderate,1,0,0,2.621081874335648
27,11.31,5.11,0.91,5.49,6.32,165,148,High,2,0,0,0.5322722783136802
27,4.86,0.99,0.66,2.02,7.54,117,19,Low,0,0,1,0.3395061029822833
33,6.56,1.5,0.49,5.52,4.83,157,41,Low,0,0,0,0.30335361229365665
35,10.07,1.53,0.86,5.91,7.35,103,16,High,0,0,0,0.2373386060239716
22,10.5,4.19,3.13,5.55,6.88,85,121,High,1,1,0,0.6971427907483058
27,8.11,1.85,1.59,5.87,6.96,223,136,Moderate,2,0,1,0.42416764190288025
20,10.6,3.62,1.5,5.95,6.71,126,23,Moderate,0,1,0,0.48301882235671495
27,6.68,5.8,0.65,3.8,6.22,156,37,Moderate,1,0,0,0.9655687177292339
26,7.93,0.82,2.37,0.73,7.7,26,62,Low,1,1,0,0.40226981055866196
19,10.19,5.02,2.59,4.12,7.67,42,93,Moderate,2,1,0,0.7468105253375343
20,4.2,2.76,2.39,0.97,5.62,56,46,Low,1,0,0,1.2261901842404324
23,9.25,2.16,0.91,3.46,5.38,234,62,Moderate,0,0,0,0.3318918560116913
19,9.03,5.78,0.19,5.71,6.57,161,17,Moderate,2,1,0,0.661129494891529
30,5.4,3.56,2.09,3.62,4.73,209,75,Low,2,0,0,1.0462961025377588
19,3.99,3.34,2.79,4.3,6.95,200,83,Low,1,1,0,1.5363404670825895
20,5.34,5.38,1.81,0.93,7.82,167,106,Moderate,1,1,0,1.3464416954229035
18,6.53,2.92,1.81,1.7,8.44,102,87,Moderate,2,0,0,0.7243490468071904
34,9.04,5.35,3.41,1.93,6.61,233,139,High,0,1,0,0.9690264414793761
31,7.8,3.07,1.95,0.59,8.13,89,154,Low,1,1,0,0.6435896610782486
29,6.63,4.56,0.46,2.4,5.78,34,96,Moderate,0,1,0,0.757164290020469
23,6.23,1.54,2.14,5.58,5.02,191,150,Low,1,0,0,0.5906901138539142
25,3.46,5.02,3.99,4.51,4.73,122,145,Moderate,0,1,0,2.6040454901602628
26,7.67,4.21,3.17,4.18,7.93,74,158,High,1,0,1,0.9621902265723303
19,9.81,4.82,3.15,2.14,5.59,85,16,Moderate,0,1,0,0.8124362066833634
25,10.12,0.76,3.56,5.74,7.39,40,74,Moderate,2,0,0,0.4268774281741673
20,11.09,1.9,3.76,4.15,6.36,245,96,Moderate,2,1,0,0.5103696564139174
21,3.01,1.19,3.01,4.63,8.08,191,66,Low,0,0,0,1.3953483736384138
23,6.87,4.71,1.59,1.45,6.71,165,63,High,1,0,0,0.9170304342022657
25,11.59,4.15,3.56,5.42,6.93,134,176,Moderate,2,1,0,0.6652285879871798
25,7.69,2.91,3.44,1.45,8.86,189,81,Moderate,0,1,0,0.8257476169378911
32,11.76,1.64,3.99,5.75,7.85,198,123,Moderate,1,0,0,0.47874145588933203
22,10.71,4.63,0.57,5.52,5.53,105,156,Moderate,0,1,0,0.48552749901704023
27,7.36,2.53,1.91,5.16,8.03,199,135,Low,1,1,0,0.6032607876004363
26,7.34,4.97,3.02,5.18,8.29,40,84,Moderate,2,0,0,1.0885557100060341
32,9.88,3.6,0.49,1.98,6.0,197,127,High,0,1,0,0.41396756943648083
31,7.46,3.56,3.96,3.17,8.69,245,19,Moderate,2,0,1,1.0080427603159838
22,10.02,2.6,2.85,3.44,5.95,232,71,High,0,0,0,0.5439121213660558
25,3.57,5.01,2.6,4.3,4.53,32,82,Moderate,0,0,0,2.131652063963007
19,10.74,4.12,3.43,2.9,8.7,202,122,Moderate,1,0,0,0.7029794503743529
26,6.45,3.06,2.22,4.65,6.41,71,147,Low,0,1,0,0.8186045242473606
33,6.31,4.29,2.02,3.04,6.24,132,105,Moderate,0,1,0,0.9999998415214199
33,7.59,5.74,0.61,2.85,5.69,190,172,Moderate,2,0,1,0.8366270307474268
21,11.59,3.74,1.29,1.77,4.76,88,35,High,2,0,0,0.43399478567775795
35,3.5,4.97,3.45,0.89,7.91,235,144,Moderate,1,0,1,2.405713598367543
35,11.74,3.01,0.9,0.65,4.97,39,15,High,1,0,1,0.3330493753790992
25,11.51,3.88,2.46,1.23,6.76,33,21,Moderate,2,1,0,0.5508253213878956
34,3.37,4.63,2.29,4.48,6.32,70,34,Moderate,1,0,0,2.053411853586987
24,10.19,2.25,0.37,5.44,6.84,22,117,High,2,1,0,0.2571147932173903
18,4.12,1.49,1.2,2.03,5.05,229,157,Low,0,1,0,0.6529124628853245
23,11.99,3.04,1.39,5.98,7.65,101,38,High,2,0,0,0.36947453131988894
35,9.86,5.9,2.47,2.92,4.92,179,119,Moderate,2,1,0,0.8488842952450006
25,7.7,3.48,3.22,0.88,8.48,46,154,Moderate,1,1,0,0.8701297571260056
33,11.66,1.05,2.32,5.79,8.55,91,55,High,2,0,0,0.2890222736687587
30,3.95,3.41,1.7,2.21,5.55,183,136,Low,2,0,1,1.2936705585644155
19,6.6,3.9,3.81,4.9,8.38,77,170,Moderate,0,1,0,1.1681816411845998
30,5.09,1.12,1.87,2.67,5.41,32,171,Low,1,0,1,0.5874262107217662
20,5.82,4.32,0.85,0.71,7.3,243,134,High,0,0,0,0.8883159985711342
22,10.36,4.29,2.91,1.21,4.97,22,63,High,0,0,0,0.6949806278976229
25,7.57,1.89,3.83,1.21,5.51,185,180,Moderate,0,1,0,0.7556141670258696
26,5.94,3.6,3.28,5.11,6.45,248,109,Low,2,1,0,1.1582489632577502
23,7.11,3.02,3.49,5.22,6.68,121,120,Moderate,0,0,0,0.9156116855679767
29,9.39,4.59,2.51,1.41,8.45,101,83,High,1,0,0,0.7561234551519217
27,4.5,2.14,2.35,1.5,5.58,85,151,Low,2,1,0,0.997777556049432
18,10.77,4.12,1.26,1.88,6.92,56,136,High,1,0,1,0.49953570106446604
21,11.63,0.99,2.46,1.36,8.86,108,146,Moderate,0,1,0,0.29664657810433553
30,5.63,5.6,3.73,5.8,6.87,152,176,High,2,0,1,1.6571933113333372
31,3.34,0.99,3.27,3.38,5.65,178,70,Low,2,0,1,1.2754487199255329
31,7.23,5.01,1.19,2.82,5.71,196,68,Moderate,1,1,0,0.857537917352985
32,8.96,0.76,3.05,3.5,5.21,137,72,Moderate,0,0,0,0.4252231668277715
32,5.78,4.42,1.56,1.64,5.8,219,101,Moderate,0,0,0,1.0346018971276996
35,10.7,3.8,3.37,2.86,4.77,115,91,Moderate,0,0,1,0.6700933953183743
29,6.16,3.2,2.04,1.94,7.11,230,109,Low,2,0,1,0.850649212556946
20,5.6,4.52,3.09,3.41,7.47,104,26,High,0,1,0,1.3589283287627985
34,10.84,3.65,3.95,5.32,8.91,134,71,High,2,0,0,0.7011069463923482
35,3.99,3.43,2.2,1.85,6.17,107,84,Low,0,0,0,1.4110272152813998
30,11.96,0.92,2.92,4.49,7.08,70,151,Moderate,1,0,0,0.3210702072683773
22,8.68,1.67,2.42,5.78,8.74,183,173,Moderate,2,0,0,0.47119810239653204
27,5.98,1.79,1.22,2.48,8.83,135,170,Low,2,0,1,0.5033443974340471
32,4.82,5.63,0.43,3.49,8.6,66,147,Moderate,0,1,0,1.2572611499458193
29,4.11,1.04,2.78,1.98,8.13,182,150,Low,2,0,1,0.9294401631532448
32,5.8,5.08,1.95,1.95,8.3,22,112,High,1,0,0,1.2120687565398696
25,10.56,5.94,0.1,1.34,5.32,243,33,Moderate,1,0,0,0.571969642805905
34,6.78,0.99,0.39,0.93,5.48,105,103,Low,2,0,0,0.2035397929882311
29,10.32,4.72,2.92,3.01,6.66,108,103,High,1,0,0,0.7403100057839141
33,9.92,2.63,3.21,5.07,5.87,235,83,Moderate,2,1,0,0.5887096180736272
20,9.92,0.95,1.76,2.4,6.52,244,109,High,2,1,0,0.2731854563321113
32,10.48,5.1,1.08,5.23,8.31,191,142,High,0,1,0,0.5896946002199809
31,8.11,5.14,0.34,4.14,6.87,217,58,Moderate,2,1,0,0.6757089179150533
32,9.0,0.75,1.77,3.06,4.77,164,178,High,2,1,0,0.2799999688888924
33,5.77,2.28,0.39,5.04,7.47,195,40,Low,1,1,0,0.4627382213625266
35,6.34,5.46,2.77,3.78,6.5,228,37,High,1,0,1,1.2981070507717587
27,9.55,5.63,2.45,4.66,6.2,240,36,High,2,0,0,0.846073209835266
35,11.61,2.45,2.95,4.41,8.47,62,26,Moderate,1,0,1,0.46511623900807597
28,3.98,3.83,1.12,2.95,6.8,198,136,Low,2,1,0,1.2437182804727938
30,4.61,3.89,0.72,0.98,6.1,81,87,Low,0,0,1,0.9999997830803073
32,3.92,4.01,1.73,0.92,5.94,209,83,Moderate,2,0,1,1.4642853407435354
21,9.12,2.69,2.21,4.31,6.63,245,167,High,2,1,0,0.5372806428420349
32,8.18,5.66,2.58,5.6,7.99,55,107,High,1,1,0,1.0073348401791151
26,9.84,2.31,0.36,3.01,8.39,239,178,High,1,0,0,0.271341435839285
35,8.78,1.48,2.7,0.51,4.52,227,152,Moderate,2,1,0,0.47608195033235196
24,7.55,3.68,0.83,2.56,7.9,245,74,Moderate,1,1,0,0.597350914258157
22,4.2,1.27,2.53,1.96,5.65,125,94,Low,1,0,0,0.9047616893424548
26,6.04,2.22,0.83,4.49,6.64,42,70,Moderate,0,0,0,0.504966803813443
22,4.31,3.3,1.89,1.66,5.66,122,54,Low,0,1,0,1.2041760547155325
25,8.52,0.74,2.21,5.3,7.16,37,126,High,0,1,0,0.3462440908164213
30,6.34,5.49,0.79,3.29,7.48,129,156,Moderate,1,1,0,0.9905361213665425
30,4.48,3.03,3.6,2.8,6.42,57,67,Low,2,1,0,1.4799103839485748
22,5.75,2.8,1.93,2.56,6.74,147,64,Low,2,0,1,0.8226085525898168
34,5.74,4.05,2.05,2.03,6.18,114,170,Moderate,2,1,0,1.0627175848924066
23,9.01,1.43,2.28,2.01,8.68,62,164,High,0,1,0,0.4117646601815028
31,3.97,2.03,3.37,4.18,6.05,102,144,Low,2,0,0,1.3602011687150708
34,10.05,5.35,3.04,0.84,5.79,199,119,High,1,0,0,0.8348257875795236
25,7.63,4.36,0.71,1.43,6.37,29,155,High,0,1,0,0.6644822195960394
33,3.88,2.94,1.65,2.08,8.86,63,24,Low,1,1,0,1.1829893858274778
26,5.46,2.6,1.97,3.7,8.1,32,27,Low,1,0,0,0.8369961837003327
22,6.29,3.4,3.79,3.18,5.04,116,180,Low,2,0,1,1.1430840790009413
22,7.9,0.52,1.8,1.09,7.35,188,154,Moderate,0,0,0,0.29367084890242423
34,7.93,3.53,0.63,5.54,5.53,141,42,Low,1,0,1,0.5245900977818289
25,6.56,0.94,1.97,2.88,8.59,119,16,Moderate,2,0,0,0.4435974933540407
35,5.48,1.18,3.42,0.59,8.43,143,30,Low,1,0,0,0.8394159052160756
35,11.23,2.06,3.32,2.26,8.52,104,109,High,0,0,0,0.47907386651167705
30,5.29,0.88,3.49,5.66,6.56,221,167,Low,2,0,1,0.8260868003616635
35,9.79,2.41,0.31,1.96,7.51,73,148,High,0,0,1,0.2778344966461189
19,10.07,3.76,1.6,1.63,8.09,180,159,Moderate,1,1,0,0.532274028572589
23,10.3,5.83,3.35,3.38,8.33,107,37,Moderate,1,0,0,0.891262049392034
29,8.13,5.48,3.78,0.97,5.43,208,85,Moderate,2,1,0,1.1389912498165744
33,6.42,0.79,2.42,5.64,8.1,79,52,Moderate,0,1,0,0.49999992211839217
27,9.48,1.31,3.38,2.31,6.48,36,123,High,2,0,0,0.4947256862103706
22,3.35,2.67,0.15,2.59,7.09,88,49,Low,1,0,1,0.8417907934952854
19,3.85,3.49,2.12,3.61,5.73,200,103,Low,2,1,0,1.4571424786642913
34,10.78,4.11,2.12,5.04,6.34,213,115,Moderate,0,0,1,0.5779220243115006
31,7.98,4.39,0.2,1.91,5.73,204,169,High,2,0,0,0.575187897846128
19,6.9,5.94,2.24,1.03,6.8,180,122,High,1,0,1,1.185507074564192
34,10.11,4.89,3.21,3.42,5.83,24,152,High,0,1,0,0.8011868643732083
29,7.01,4.12,2.88,3.78,6.5,192,58,High,2,0,1,0.99857332402663
34,9.18,3.99,2.87,3.42,5.45,22,95,High,1,0,1,0.7472766070504786
34,10.4,3.0,2.93,5.2,8.44,123,66,Moderate,0,1,0,0.5701922528661295
35,8.79,2.5,3.5,0.77,8.73,244,166,High,1,0,1,0.6825937789995702
23,7.82,5.24,1.82,4.08,5.34,191,128,High,1,1,0,0.9028131837834803
18,10.52,0.77,0.54,1.78,5.69,178,57,Moderate,1,1,0,0.1245247029919484
34,4.96,3.17,0.08,4.56,7.26,21,101,Low,1,1,0,0.6552418033786687
30,11.9,1.34,1.18,2.32,8.65,117,85,High,2,0,0,0.211764688087001
35,8.48,5.89,3.46,3.64,4.76,57,71,Moderate,2,0,1,1.1025942095997394
28,10.84,0.6,0.4,2.52,7.4,207,114,High,0,1,0,0.09225091399899318
34,8.14,1.46,0.17,3.8,8.59,172,78,High,1,1,0,0.2002456756454944
25,6.38,1.45,2.85,5.71,6.52,199,130,Moderate,0,0,1,0.6739810855829019
35,8.3,1.77,2.79,1.57,6.88,55,115,Moderate,0,0,1,0.549397524168973
24,9.06,4.58,3.21,1.98,7.02,135,170,Moderate,1,0,0,0.8598233046552645
33,4.64,0.77,3.59,4.78,8.23,179,49,Low,0,1,0,0.9396549699019461
19,8.11,3.55,3.95,1.35,7.4,114,51,High,1,0,1,0.9247841029859307
21,4.32,2.16,3.88,3.16,6.74,223,60,Low,1,0,0,1.3981478245028183
18,11.51,4.29,2.07,1.8,4.54,248,90,High,1,0,0,0.5525629406982675
26,9.77,1.37,0.16,3.87,7.02,110,78,High,0,0,0,0.1566018263457701
25,10.11,3.45,0.74,4.01,7.38,102,159,High,1,1,0,0.41444110638564735
20,5.66,2.42,2.78,4.65,6.0,238,115,Low,0,0,0,0.9187277528749551
19,10.66,0.92,3.61,2.09,5.31,32,96,Moderate,1,0,0,0.4249530558205389
23,11.57,1.08,3.2,3.37,6.47,99,91,High,1,0,0,0.3699221806463111
35,9.64,1.26,3.84,2.65,7.77,33,136,High,1,0,0,0.5290455882732792
29,6.0,1.28,2.76,1.82,7.05,99,139,Low,2,0,0,0.6733332211111298
23,7.46,2.52,1.4,1.25,6.78,77,166,Moderate,0,1,0,0.5254690984625873
25,11.53,2.11,3.6,0.97,4.97,66,42,Moderate,1,0,0,0.49522979226107616
33,4.81,1.94,2.67,3.82,6.44,65,176,Low,0,0,0,0.9584197591642911
26,10.01,2.18,0.97,3.86,5.55,184,83,High,1,1,0,0.31468528324822354
32,5.52,1.19,1.95,4.78,8.96,24,112,Low,2,1,0,0.5688404766593339
32,6.03,2.49,2.49,4.51,7.41,111,53,Moderate,0,0,0,0.8258705098058856
21,9.26,1.39,1.62,2.9,6.66,29,163,High,2,1,0,0.3250539605773261
23,5.31,5.68,1.55,3.46,7.59,38,167,Moderate,0,0,1,1.3615816644855623
20,8.32,5.03,1.07,1.3,7.27,49,33,Moderate,0,1,0,0.7331729888013235
26,8.9,2.65,0.93,0.53,4.63,80,40,Moderate,2,0,1,0.4022471458149275
19,5.08,4.95,3.22,1.74,5.69,175,54,Moderate,2,0,1,1.6082673999473622
22,9.73,4.24,3.12,1.12,8.32,40,146,High,0,1,0,0.7564233549410736
26,7.79,4.0,3.76,4.48,4.8,200,74,Low,2,0,1,0.9961487809821846
33,9.11,4.76,2.7,5.31,6.81,243,34,Moderate,0,1,0,0.8188802613742854
23,7.62,3.26,2.66,2.77,7.16,29,79,Moderate,1,0,0,0.7769027851833615
18,7.86,5.14,2.0,1.37,4.53,45,44,Moderate,0,0,0,0.9083968309927695
30,11.28,2.88,3.57,4.03,8.29,113,118,High,1,0,0,0.5718084599460586
24,7.66,4.92,0.35,0.78,4.66,59,160,High,1,0,1,0.687989466319913
29,3.85,1.84,1.89,5.76,7.27,227,56,Low,1,0,0,0.9688309171867747
25,3.06,5.91,0.77,5.92,7.8,93,104,High,2,0,0,2.1830058225471167
30,8.99,4.55,0.69,1.07,8.09,141,151,High,1,0,0,0.5828697905595339
18,5.97,3.1,3.59,1.13,6.25,241,170,Low,2,1,0,1.1206028273697106
34,4.14,3.3,3.95,2.53,8.06,216,24,Low,1,1,0,1.7512073064716651
35,11.75,3.19,0.46,3.42,6.63,155,145,Moderate,2,0,0,0.31063827143504075
21,8.3,5.81,0.08,3.63,6.78,35,100,High,0,0,1,0.7096384687182568
21,5.69,3.01,2.59,1.07,5.33,49,100,Low,0,0,0,0.9841826038343401
35,9.22,1.98,0.25,1.23,7.16,44,30,Moderate,2,0,1,0.24186548352868942
32,8.48,4.85,3.95,3.73,7.55,60,96,Moderate,0,0,1,1.037735726682108
24,10.48,5.19,0.82,5.19,5.29,28,157,High,0,1,0,0.5734732277220204
24,7.82,2.53,3.09,4.29,5.98,127,109,Low,2,1,0,0.71866998482481
22,9.24,4.11,0.87,4.78,6.21,175,101,High,0,0,1,0.5389609806319285
20,6.66,5.17,2.21,4.35,4.78,126,103,Moderate,2,0,0,1.1081079417255342
24,8.59,3.91,0.41,3.05,8.7,77,27,Moderate,2,0,1,0.5029103023387309
33,7.44,4.31,1.2,1.53,7.72,187,46,Moderate,1,1,0,0.7405912983076212
18,6.75,3.84,1.46,3.87,7.64,173,141,Moderate,2,0,0,0.7851850688614712
21,7.76,1.7,1.46,5.09,8.39,151,103,Moderate,0,0,1,0.40721644236901516
23,3.12,5.46,3.47,1.85,8.45,58,29,Moderate,1,0,1,2.8621785698145605
25,4.63,0.82,2.21,3.07,5.46,79,168,Low,0,0,0,0.6544275044433036
20,7.15,2.18,2.08,5.21,6.98,186,60,Moderate,2,0,0,0.5958041124749492
24,4.9,4.82,1.66,2.97,7.17,37,29,Moderate,2,0,1,1.322448709704345
33,5.56,1.55,0.95,3.48,7.82,243,151,Low,2,0,0,0.4496402068992434
19,5.69,1.81,0.89,2.51,7.05,238,161,Low,2,0,0,0.4745166125629855
30,4.15,3.44,1.32,1.87,5.46,242,111,Low,2,1,0,1.1469876754246564
21,11.9,4.52,1.64,0.54,6.36,41,113,Moderate,2,0,0,0.5176470153237802
33,9.07,5.64,3.22,5.78,7.06,132,165,Moderate,0,0,1,0.9768466398184521
31,3.34,3.45,1.2,4.95,6.06,153,130,Low,1,0,1,1.3922151520313917
27,9.85,3.04,0.56,5.37,6.31,168,103,High,0,0,1,0.3654821963977466
35,8.59,0.73,1.35,1.57,5.93,146,103,High,1,0,0,0.2421419974223519
32,11.02,2.18,0.72,0.72,5.86,220,100,Moderate,2,0,1,0.2631578708568176
25,9.43,3.2,0.14,5.45,8.78,88,22,High,1,0,1,0.3541887217191176
35,7.35,2.29,3.72,1.34,8.45,198,114,Low,1,0,0,0.8176869635800049
20,10.96,3.72,2.23,4.34,4.57,113,180,Moderate,2,1,0,0.5428831621456969
20,8.72,3.44,3.0,5.95,5.17,181,62,Moderate,0,0,0,0.7385320253977035
28,7.66,1.24,2.44,3.97,6.15,111,52,Low,1,1,0,0.4804176918514762
33,10.53,5.82,3.04,1.06,8.05,133,136,Moderate,1,1,0,0.8414054281666261
32,4.17,1.65,0.67,4.68,6.04,219,152,Low,1,0,1,0.5563547826487332
35,4.41,2.26,2.46,1.07,5.02,140,150,Low,0,0,1,1.0702945418833236
19,5.62,3.89,1.82,4.63,6.03,175,89,Low,0,1,0,1.016014054090026
32,7.25,2.62,3.29,2.92,4.88,143,99,Low,0,0,0,0.8151723013555446
21,8.72,3.24,2.58,5.1,5.88,114,37,Moderate,2,1,0,0.6674311161202849
19,4.82,4.5,2.04,1.73,8.16,228,167,Moderate,1,0,1,1.3568461915256862
19,4.03,5.49,0.98,5.92,6.65,93,61,Moderate,1,0,0,1.6054586586951218
22,5.71,1.14,0.91,3.38,5.72,49,21,Low,2,0,0,0.3590192015728193
26,7.77,0.8,2.45,5.51,6.4,135,176,Moderate,0,1,0,0.4182753644433251
27,4.23,4.5,3.9,2.18,5.32,231,164,High,2,1,0,1.9858151333770369
18,10.01,1.98,0.12,1.53,6.85,159,121,High,2,0,0,0.209790188832149
28,3.79,2.67,3.21,2.58,5.64,233,63,Low,1,0,0,1.551450777981325
18,3.19,5.96,0.73,3.57,8.69,171,135,High,2,1,0,2.097178025963001
23,3.66,2.8,3.61,3.41,5.45,139,130,Low,1,1,0,1.7513656417033765
23,10.67,2.95,2.08,1.83,6.09,237,69,Moderate,0,1,0,0.47141513857402645
28,9.61,5.39,2.69,2.65,6.52,76,158,High,2,1,0,0.8407907553807747
32,9.71,4.26,2.97,4.42,6.09,85,112,High,2,0,0,0.744593126200502
30,4.3,2.92,0.82,1.25,5.77,47,73,Low,0,1,0,0.869767239589014
32,5.12,5.61,3.58,5.22,6.9,33,78,Moderate,1,1,0,1.79492152442939
29,6.34,4.66,2.62,3.94,7.47,30,146,Moderate,2,1,0,1.148264803112807
25,4.76,4.73,1.21,1.68,6.44,196,159,Moderate,1,0,0,1.2478988975002316
31,11.09,4.86,2.53,2.26,7.57,109,34,High,0,1,0,0.6663660354944965
26,9.69,2.36,0.4,1.07,7.83,76,150,High,0,1,0,0.28482969196804003
20,4.75,4.3,3.47,4.67,7.34,161,85,Moderate,1,1,0,1.6357891293075515
32,10.43,4.18,3.22,3.93,7.9,174,16,Moderate,0,1,0,0.7094917824073076
35,3.92,2.34,0.12,1.44,6.01,163,165,Low,0,1,0,0.627550860318658
32,8.18,4.26,2.02,3.13,8.51,170,156,High,2,0,0,0.7677260675151507
31,5.19,3.08,2.55,1.81,5.25,161,76,Low,2,0,0,1.0847782110253927
24,5.07,2.56,2.51,2.86,5.2,57,130,Low,2,0,0,0.9999998027613801
35,11.06,4.16,2.78,2.93,4.83,34,106,Moderate,2,1,0,0.6274863808782657
29,9.36,1.0,0.33,4.45,6.96,32,144,Moderate,2,0,0,0.142094001913034
31,4.3,2.75,1.01,1.89,8.16,213,41,Low,1,0,1,0.8744184012980462
21,5.53,1.94,1.92,3.52,7.95,246,69,Low,0,1,0,0.69801072368703
34,3.16,5.31,3.82,4.25,6.06,124,19,Moderate,1,0,1,2.8892395920127867
27,7.48,4.7,3.8,4.34,4.58,56,128,High,1,0,1,1.1363634844433843
33,7.91,5.97,0.48,2.05,4.72,98,153,High,2,0,0,0.815423411450896
24,8.8,5.46,1.89,5.85,8.45,75,27,Moderate,2,0,0,0.8352271778150934
29,10.55,3.99,0.43,5.78,8.4,192,173,Moderate,0,1,0,0.41895730625997096
35,6.41,0.83,2.27,4.99,6.7,123,50,Moderate,0,0,0,0.483619269326167
27,6.38,4.92,3.28,3.9,8.43,70,172,Moderate,1,0,1,1.2852662562278594
33,6.48,3.63,0.79,1.58,5.32,93,38,Moderate,2,0,1,0.6820986601699598
31,7.12,3.73,2.14,4.98,5.9,47,117,Moderate,2,0,1,0.8244380864553249
29,8.74,2.18,3.92,1.87,8.9,24,167,Moderate,2,0,0,0.6979404235766106
28,3.47,2.59,1.17,4.99,5.47,204,105,Low,2,0,0,1.0835731747627737
19,7.79,4.36,2.28,5.74,5.94,96,168,Moderate,0,0,0,0.8523747301187766
19,9.62,2.28,3.36,0.75,5.13,134,35,High,2,0,1,0.5862785253348727
20,8.37,2.65,2.91,4.25,5.49,97,155,High,1,0,0,0.6642771010421625
19,5.92,5.23,2.76,5.14,6.28,106,31,Moderate,0,0,0,1.3496619341787273
21,10.69,4.62,3.09,2.43,6.2,130,66,High,1,0,1,0.7212347314092862
31,8.41,2.49,0.85,1.35,6.36,121,109,Moderate,0,0,1,0.39714620723588506
21,7.31,4.82,1.89,5.46,7.53,47,137,Moderate,0,0,0,0.9179205310642229
32,6.21,1.95,2.77,2.49,6.66,186,32,Moderate,1,0,1,0.7600642898447197
35,7.28,1.83,2.6,1.46,8.04,141,105,Low,0,0,0,0.6085163999290659
30,7.22,0.88,2.08,1.29,7.03,190,67,Moderate,0,0,1,0.409972242386116
24,8.09,3.09,0.76,4.56,4.7,163,115,High,2,0,1,0.4758961092835465
33,10.05,2.04,3.03,3.1,8.76,179,162,Moderate,0,0,0,0.5044775617435262
31,6.77,4.02,0.58,1.5,6.68,33,176,Moderate,1,0,0,0.679468141880629
19,11.88,1.66,2.24,4.82,8.72,143,99,Moderate,2,0,1,0.3282828006495959
33,5.31,3.75,1.76,2.96,7.04,145,29,Low,1,0,1,1.0376645880104354
20,6.42,4.86,1.39,2.1,5.53,96,84,Moderate,1,0,1,0.9735200975825393
21,11.82,4.93,0.36,1.33,4.75,220,86,Moderate,0,0,1,0.44754649343938296
23,3.4,4.44,0.59,4.49,7.74,142,101,High,1,0,0,1.4794113295849032
27,7.78,1.15,3.54,5.82,7.72,165,70,Moderate,0,0,1,0.6028276860118654
30,7.82,2.49,3.42,2.42,4.77,241,155,Low,2,0,0,0.7557543790595423
35,6.88,3.58,0.21,0.82,6.03,122,75,Moderate,0,1,0,0.5508720129546493
21,5.77,3.32,2.37,4.48,7.73,227,90,Low,1,1,0,0.9861350110684556
20,11.15,1.17,3.4,3.81,7.14,63,29,High,0,0,0,0.4098654340927862
22,11.98,3.08,0.77,1.68,7.38,127,108,High,0,1,0,0.32136892142162593
21,11.87,4.53,2.05,5.34,7.59,86,102,Moderate,2,1,0,0.554338622212416
34,8.52,3.24,0.72,2.85,8.32,142,27,High,2,0,1,0.4647886778417045
18,7.91,1.83,2.62,4.42,6.91,41,111,Low,2,0,0,0.5625789427839516
35,5.06,3.33,1.67,4.55,8.61,163,170,Low,0,0,0,0.9881420972051191
30,9.36,4.04,3.65,1.26,7.05,107,72,High,2,1,0,0.8215811088054371
20,3.42,1.4,3.79,2.69,7.43,171,149,Low,2,0,1,1.5175434159229777
32,9.97,2.06,2.07,3.66,7.25,239,177,High,0,0,0,0.41424268663563824
26,11.44,5.28,1.47,5.41,8.96,159,177,Moderate,1,1,0,0.5900349134584867
30,10.21,3.55,2.48,2.28,5.9,86,138,Moderate,0,0,1,0.5905973956319887
23,11.89,4.58,2.09,5.61,8.75,56,38,High,2,1,0,0.5609755625756465
24,8.42,5.56,3.68,4.8,8.3,114,127,High,2,1,0,1.097387043065672
29,8.94,1.22,3.6,5.43,4.77,155,16,Moderate,0,0,1,0.5391498278355898
35,11.82,0.64,3.56,2.0,4.99,130,27,Moderate,2,1,0,0.3553299191768258
20,4.25,0.76,2.67,1.28,7.68,176,92,Low,2,0,0,0.8070586336332626
30,11.55,1.39,0.71,5.99,7.29,92,24,Moderate,0,0,1,0.18181816607634924
20,7.6,5.27,1.02,4.45,5.91,97,135,Moderate,0,0,0,0.8276314700484907
27,3.04,1.12,0.67,5.57,7.28,216,139,Low,0,0,1,0.5888155957843435
31,4.29,5.45,3.83,3.33,5.55,90,97,Moderate,2,1,0,2.1631696589348115
29,4.21,5.88,0.68,4.42,5.38,66,52,Moderate,2,0,1,1.5581944042293576
33,11.17,4.99,1.25,3.77,7.17,223,168,Moderate,0,1,0,0.5586391621630115
34,5.42,0.8,0.39,4.48,5.13,76,81,Low,1,0,0,0.21955715506325552
29,4.47,2.69,3.32,5.68,8.73,31,151,Low,0,0,0,1.3445187148727706
26,4.37,3.48,2.33,3.75,7.24,150,155,Low,1,0,0,1.3295191465631244
18,8.85,1.14,3.72,3.83,8.69,204,134,High,1,1,0,0.5491524803217538
26,11.81,3.95,2.03,5.22,4.89,250,134,High,0,0,0,0.5063505075063076
29,3.09,2.76,2.83,4.03,7.58,180,55,Low,1,0,0,1.8090609032165361
22,7.71,5.47,2.32,2.53,7.67,62,162,Moderate,1,0,1,1.0103760038422822
18,5.61,4.15,1.39,5.88,8.24,79,60,Moderate,2,0,1,0.9875221056110328
33,10.78,0.71,1.98,1.36,5.63,91,117,High,0,0,1,0.24953615495954037
35,10.67,5.69,3.16,2.26,7.31,26,98,High,2,0,1,0.8294282259205039
28,4.35,2.42,3.84,2.0,7.18,217,110,Low,2,0,0,1.439080128947097
18,9.84,0.74,2.81,3.65,5.65,177,21,High,1,0,1,0.3607723210597235
22,9.47,5.17,1.81,0.94,8.56,94,32,Moderate,1,0,0,0.7370643361072508
21,11.89,3.18,1.31,5.67,6.82,116,36,High,0,0,0,0.37762822728105744
30,4.43,3.87,3.56,0.97,8.44,250,125,Low,0,1,0,1.6772005243339674
29,4.7,3.38,0.85,5.32,4.77,181,175,Low,2,0,1,0.8999998085106788
35,7.98,3.84,2.11,5.39,5.62,203,49,Moderate,1,0,1,0.7456139416523881
30,5.3,4.79,0.31,5.74,6.72,102,155,High,0,1,0,0.9622639693841567
27,10.88,2.8,0.45,3.91,6.06,141,57,Moderate,0,1,0,0.2987132078388596
33,9.47,0.56,3.53,4.85,8.17,39,30,Moderate,0,0,0,0.4318901339081168
31,9.81,5.84,3.46,0.55,8.64,118,82,High,2,1,0,0.9480121357785796
21,5.55,1.94,3.59,1.29,5.17,203,85,Low,2,0,0,0.9963962168655464
25,7.92,1.03,3.12,1.47,4.63,143,95,Low,2,0,1,0.5239898328295666
30,6.7,2.53,1.08,5.48,5.05,45,72,Low,0,0,0,0.5388058897304642
33,5.65,4.73,2.51,5.52,8.85,175,82,Moderate,0,1,0,1.2814157024043005
19,5.8,1.6,2.83,4.0,6.25,64,74,Low,1,0,0,0.7637929717598324
35,4.26,3.08,0.78,4.58,6.58,238,66,Low,1,1,0,0.9061030736847245
31,7.33,4.09,1.25,3.79,6.82,234,101,High,0,0,0,0.7285128610487229
25,7.2,2.87,0.06,1.41,7.19,219,132,Moderate,1,0,0,0.4069443879243906
26,10.9,5.09,1.4,3.88,8.61,28,149,High,0,1,0,0.5954127894116708
20,8.03,0.98,3.57,2.12,7.1,159,132,High,1,0,0,0.5666250851027292
20,7.65,4.18,3.58,4.6,5.56,178,65,High,2,0,0,1.0143789523687643
28,9.28,4.03,3.57,4.12,4.98,20,171,High,2,0,0,0.8189654289907944
24,7.1,5.64,0.91,4.64,7.9,144,150,Moderate,2,0,1,0.9225350813330871
31,11.2,1.45,0.38,1.21,8.83,45,60,Moderate,0,0,0,0.16339284255421052
26,5.44,2.11,3.38,5.37,7.91,236,33,Low,2,0,0,1.0091909909575383
30,11.03,2.69,3.72,2.99,7.08,200,105,Moderate,0,0,1,0.5811422863878254
29,5.16,0.89,0.87,2.71,8.76,74,163,Low,1,0,0,0.34108520521604546
34,8.41,3.16,2.73,4.45,6.24,63,127,Moderate,1,0,0,0.700356634915977
23,5.8,4.97,3.7,0.54,8.11,124,169,Moderate,1,0,1,1.494827328478047
25,6.72,5.29,0.14,2.62,6.42,21,58,High,0,0,0,0.8080355940423223
29,4.02,4.84,2.02,3.42,8.16,169,77,Moderate,1,1,0,1.7064672371972047
21,3.71,0.67,0.2,1.77,7.87,155,100,Low,0,0,0,0.2345012845010015
21,4.58,2.03,1.47,1.14,6.15,36,71,Low,2,0,1,0.7641919728838487
22,6.79,5.94,1.33,3.81,6.93,51,137,High,2,0,0,1.0706920367169313
27,8.39,4.52,1.12,2.93,6.96,161,85,High,1,1,0,0.6722287637391223
23,3.12,2.03,2.86,4.41,5.06,150,60,Low,1,0,0,1.567307189965644
31,11.7,4.48,2.88,4.69,6.25,143,175,Moderate,0,0,0,0.6290597752940364
34,8.54,1.03,1.84,5.42,6.0,131,42,Moderate,1,1,0,0.33606553441855574
29,5.36,1.97,0.79,2.22,7.38,138,123,Low,2,0,0,0.5149252770661795
20,5.01,5.35,3.61,5.3,4.83,194,124,Moderate,1,0,1,1.7884227967219966
27,4.83,3.82,0.9,5.19,8.23,132,155,Low,1,0,0,0.9772254705537327
18,6.06,3.25,1.98,4.91,7.43,74,35,Moderate,2,0,1,0.863036161215155
22,4.8,1.48,2.73,5.94,7.4,89,52,Low,1,0,0,0.8770831506076769
20,7.27,5.96,3.15,2.49,8.91,238,74,High,2,1,0,1.2530947382263082
24,7.69,2.2,0.06,4.79,5.09,143,77,Low,2,0,0,0.29388812823301325
23,7.35,2.34,0.62,2.4,5.08,233,90,Moderate,0,0,0,0.4027210336433968
26,9.34,4.9,3.4,0.78,5.1,193,21,High,2,0,1,0.888650868452798
24,3.68,1.04,0.1,0.94,8.28,93,18,Low,1,0,0,0.30978252451561833
18,7.86,3.09,0.44,4.87,6.5,111,149,Moderate,2,0,1,0.4491093576196746
29,10.11,4.96,0.64,5.13,8.1,188,164,High,2,1,0,0.5539069679617242
29,6.35,1.77,0.91,5.27,5.99,204,122,Low,2,1,0,0.42204717763036576
35,5.95,4.71,3.56,5.91,8.13,238,157,Moderate,0,1,0,1.3899157327872718
30,8.95,1.31,0.23,0.76,7.56,62,41,High,2,0,1,0.17206701988077994
19,7.41,1.55,0.73,2.81,7.81,38,82,Low,0,1,0,0.30769226616838513
26,9.92,1.35,2.31,4.15,8.19,165,78,Moderate,2,1,0,0.36895157571052667
33,10.44,1.13,0.48,1.2,5.39,66,152,High,1,0,1,0.15421454461546508
23,7.14,5.95,1.43,4.22,8.14,228,61,Moderate,1,0,0,1.0336133006143837
23,5.86,5.0,2.78,2.94,7.07,140,114,High,2,0,1,1.3276448246339887
21,7.69,3.01,0.67,3.59,8.46,66,147,Moderate,0,1,0,0.4785435008395967
26,5.83,2.47,0.6,2.12,7.51,40,125,Low,0,0,1,0.5265865306026535
35,7.64,3.35,2.76,5.83,4.9,25,148,Moderate,0,0,1,0.7997381152175241
20,8.39,0.57,2.98,5.41,7.31,85,49,High,0,0,0,0.42312271476487306
22,8.21,5.81,1.49,1.76,5.41,85,44,Moderate,1,0,1,0.8891594532083491
34,6.11,4.28,3.13,1.16,6.18,207,63,High,2,0,1,1.2127657589581409
32,6.14,4.17,2.09,3.05,5.48,107,160,High,1,1,0,1.019543807891888
21,11.25,1.61,2.88,2.62,8.45,234,99,High,2,0,1,0.3991110756345711
18,11.0,4.39,2.02,3.08,8.59,242,157,Moderate,0,1,0,0.582727219752071
18,11.95,3.08,2.81,2.0,7.33,109,85,Moderate,1,1,0,0.49288698804292996
20,7.71,1.63,3.57,5.01,7.86,103,157,Moderate,2,0,1,0.6744486803568507
25,7.61,2.41,0.89,2.81,4.63,216,66,Low,2,1,0,0.4336398904546793
33,11.93,4.36,0.17,3.25,7.58,184,85,High,0,0,1,0.3797149723625338
34,4.94,3.09,2.57,2.77,8.99,148,165,Low,1,0,1,1.1457487559213044
24,9.43,4.71,1.36,5.63,6.48,125,30,High,0,1,0,0.6436902816871388
19,10.61,2.82,3.26,4.01,6.1,147,105,Moderate,1,1,0,0.5730442438224088
28,4.82,0.57,3.02,2.49,7.68,151,179,Low,0,0,1,0.7448131234827544
20,9.53,2.51,3.2,5.33,4.51,135,133,Moderate,2,1,0,0.5991604827743461
28,5.46,3.86,2.77,2.23,8.33,204,28,Low,2,0,0,1.214285491889104
29,4.0,1.49,2.63,4.83,5.74,26,158,Low,0,0,0,1.0299997425000644
35,8.65,2.69,2.17,0.83,7.56,128,85,Moderate,1,0,1,0.5618496460289426
33,5.82,1.32,3.37,3.5,7.39,69,114,Low,0,0,0,0.8058417859378375
32,11.12,1.91,1.27,3.4,8.56,208,165,Moderate,1,0,0,0.28597119730474846
25,8.85,4.36,1.97,1.48,8.13,168,169,High,0,1,0,0.715254156468457
32,3.41,5.79,0.43,4.59,5.19,30,54,Moderate,0,0,0,1.8240463859101506
19,8.51,4.31,0.33,5.82,8.24,79,145,Moderate,0,1,0,0.5452408289963774
35,11.23,5.19,3.28,5.0,6.81,55,121,Moderate,2,0,1,0.7542296746010976
24,4.53,5.15,1.03,1.08,7.15,44,30,Moderate,2,0,0,1.364238109439711
21,6.75,1.66,2.8,1.93,5.45,96,61,Moderate,0,0,1,0.6607406428532381
21,3.64,3.43,0.49,5.45,8.44,78,28,Low,1,1,0,1.07692278106517
24,5.27,4.52,2.14,2.01,7.96,201,91,High,2,0,0,1.263756875947462
29,11.1,5.78,3.11,2.33,7.33,214,178,High,2,0,0,0.8009008287476732
26,5.85,2.7,1.57,0.63,5.24,200,67,Low,2,1,0,0.7299144051428368
21,8.9,1.34,2.25,2.14,6.92,115,140,High,0,0,1,0.4033707411942987
18,7.73,0.78,0.64,2.71,5.55,183,73,Low,2,0,1,0.18369984686936003
25,11.22,0.55,0.17,3.87,6.25,95,129,Moderate,2,1,0,0.0641711172753015
35,9.71,4.26,2.96,5.44,5.69,38,38,Moderate,1,1,0,0.7435632601891595
35,10.28,3.78,1.61,2.9,7.29,38,165,High,1,0,1,0.5243190151440648
26,4.72,3.99,3.87,2.88,6.05,82,125,Low,2,1,0,1.6652538844801092
29,9.07,1.35,0.26,3.41,4.77,169,146,High,1,0,0,0.17750824944782256
22,5.74,5.06,2.24,2.85,5.11,91,69,Moderate,0,1,0,1.271776781920421
29,9.6,1.3,1.48,3.76,4.89,70,109,High,2,0,0,0.28958330316840597
27,7.08,4.43,2.3,4.99,4.82,158,96,Moderate,0,1,0,0.9505648374908421
34,4.85,3.67,0.68,5.7,6.35,69,83,Low,0,0,0,0.8969070315655605
21,7.72,4.2,2.71,2.0,7.26,193,69,High,0,0,1,0.8950776042645591
31,8.83,5.89,2.27,1.7,5.0,184,32,Moderate,0,0,1,0.9241222056486744
28,6.71,3.82,2.98,3.52,6.01,245,120,Moderate,2,0,1,1.0134126656613016
30,4.06,2.2,2.91,1.99,7.41,228,38,Low,0,0,1,1.258620379650153
19,4.1,2.69,0.86,1.03,7.19,76,136,Low,0,0,0,0.8658534473528178
35,8.23,5.61,3.25,2.54,8.57,98,83,Moderate,0,0,0,1.0765490793986539
20,7.48,4.52,2.48,4.9,8.1,194,121,Moderate,2,0,0,0.9358287518945518
31,9.29,2.17,0.07,4.97,5.02,208,85,Moderate,2,1,0,0.24111945736066123
33,3.45,4.0,1.86,5.4,5.25,121,50,Low,1,0,0,1.6985502323042805
32,7.16,2.82,1.41,2.09,8.4,76,104,Moderate,0,0,0,0.5907820403935697
25,8.65,5.73,3.87,2.61,7.3,92,110,High,2,0,1,1.1098264612917388
23,5.78,1.8,2.62,5.27,4.64,99,171,Low,2,1,0,0.7647057500509082
30,8.55,5.29,3.18,5.34,8.32,149,173,Moderate,1,0,0,0.9906431589891043
31,5.16,3.97,1.14,0.84,5.73,177,134,Low,2,0,0,0.9903098855988594
21,10.94,2.24,1.54,2.74,8.06,21,19,Moderate,0,1,0,0.34552099218272475
22,5.7,0.88,3.42,4.98,8.73,23,171,Low,0,1,0,0.7543858325638889
27,4.98,2.36,3.48,3.87,5.79,23,60,Low,2,0,1,1.172690527572183
25,6.45,5.09,2.9,2.84,7.64,166,137,High,2,0,0,1.2387594978667444
26,10.14,5.85,1.35,3.35,8.86,183,55,Moderate,0,0,1,0.7100591015720806
30,7.19,0.73,2.27,1.35,8.36,245,64,Moderate,2,0,0,0.4172461172119447
22,11.43,3.33,2.47,2.94,6.02,169,63,High,2,0,0,0.5074365260335499
35,8.95,1.85,3.4,4.39,5.75,29,107,High,1,0,1,0.5865921132299315
24,8.11,4.17,3.65,2.18,4.5,198,116,High,2,0,0,0.9642415580466638
20,6.08,0.76,0.29,4.07,4.73,118,84,Low,0,0,0,0.17269734001688486
24,4.72,1.75,3.78,4.39,5.77,94,141,Low,2,1,0,1.1716099212690845
22,5.04,2.54,2.16,1.59,7.26,78,98,Low,2,0,0,0.9325394975120045
29,10.48,1.39,2.61,2.99,5.71,77,141,High,0,1,0,0.38167935289319155
24,5.52,2.31,0.06,3.88,6.16,167,86,Low,2,0,1,0.42934774830656736
21,11.92,3.89,3.74,1.84,8.45,153,108,High,0,0,0,0.6401006174412235
34,11.75,4.49,2.44,1.85,7.85,20,169,Moderate,1,0,0,0.5897871838478993
23,5.81,2.86,2.21,2.37,6.92,85,68,Low,1,0,1,0.87263324051063
19,7.58,2.86,0.15,4.19,5.18,187,98,Moderate,0,0,1,0.39709757294227266
20,5.93,2.68,1.2,3.66,7.83,110,36,Low,1,0,1,0.6543000582967862
32,5.21,5.32,3.1,3.99,5.25,105,106,Moderate,2,1,0,1.6161225304947158
22,8.51,3.93,0.98,5.39,7.82,65,77,High,0,1,0,0.5769682048215976
31,10.1,3.98,0.58,1.65,5.83,79,32,High,1,0,0,0.45148510381335605
34,3.61,5.0,2.74,2.17,8.24,121,62,High,0,1,0,2.14404372741171
28,6.91,1.82,0.3,5.46,6.43,110,161,Low,1,1,0,0.30680169221393744
34,3.24,5.81,1.1,3.86,4.54,193,96,High,0,0,0,2.132715391137225
32,5.57,0.59,1.1,0.99,5.93,114,69,Low,1,0,1,0.30341107658688027
32,5.43,2.85,1.66,5.96,8.49,26,153,Low,0,0,1,0.8305707494344844
29,4.78,0.52,2.89,1.35,8.21,170,161,Low,1,0,0,0.7133889720943573
32,11.57,5.54,0.93,1.92,6.98,133,176,High,1,1,0,0.5592047917714096
24,7.99,4.45,3.8,3.4,7.0,105,113,High,2,0,1,1.0325405466157012
30,8.42,5.31,0.51,5.75,6.9,183,64,High,2,0,1,0.6912113193335725
33,9.99,2.6,1.73,1.69,4.96,181,154,Moderate,0,0,0,0.4334333900467077
32,8.53,2.6,2.23,0.94,8.48,202,167,Moderate,1,0,0,0.5662367448725975
22,3.23,4.78,1.31,5.98,5.49,120,149,High,1,0,0,1.8854483326785347
31,5.35,1.17,0.95,4.13,7.98,181,177,Low,0,1,0,0.3962616081754004
30,8.37,4.8,0.35,1.36,4.76,92,96,High,1,0,1,0.6152926385552404
30,5.44,3.66,2.73,5.92,4.98,108,165,Low,1,0,0,1.1746321370161512
26,5.21,0.78,0.32,3.21,4.78,63,19,Low,0,1,0,0.2111323970955092
25,5.75,5.62,1.7,1.96,4.89,218,56,High,2,0,1,1.2730432568620422
27,3.85,2.92,0.46,2.17,6.08,178,17,Low,0,0,0,0.8779218498904285
30,7.69,2.49,1.51,2.87,8.39,91,143,Low,0,0,1,0.5201559791734747
19,8.86,5.19,1.0,3.61,6.96,230,148,Moderate,1,1,0,0.698645519340235
34,9.11,4.99,1.57,1.71,7.17,173,113,Moderate,2,0,1,0.7200877365436076
33,7.72,2.1,2.33,0.7,5.44,208,112,Low,0,0,1,0.5738341225603468
32,6.94,3.78,0.83,2.74,6.63,50,76,Low,2,0,1,0.6642650339675742
28,5.32,2.02,0.48,1.31,6.77,143,64,Low,1,1,0,0.4699247236983602
29,7.64,3.07,1.62,5.41,8.05,66,81,Low,1,0,1,0.6138742651997035
34,4.12,3.34,2.21,5.38,5.83,32,108,Low,0,0,0,1.3470870516778999
34,6.36,2.25,3.08,3.65,6.0,85,46,Low,0,1,0,0.8380501826965121
34,10.47,1.2,1.42,1.96,8.72,184,86,High,2,1,0,0.25023875355885833
26,10.55,4.59,2.05,1.4,5.81,145,20,Moderate,2,0,1,0.6293838265986894
31,3.37,3.27,3.9,4.68,8.23,154,44,Low,2,1,0,2.1275958078350716
32,8.67,1.29,2.99,3.53,4.87,166,89,High,0,0,1,0.49365622910539464
26,8.09,2.77,2.5,3.76,5.76,159,163,High,1,0,1,0.6514214275128025
27,8.18,2.27,1.49,0.8,8.3,186,144,Moderate,0,1,0,0.45965764551862526
28,8.9,1.7,2.11,1.27,8.02,189,157,Moderate,1,0,1,0.4280898395404674
18,8.52,3.7,1.85,2.98,5.07,26,60,Moderate,2,1,0,0.6514083742478436
25,10.6,3.12,0.06,1.13,8.51,225,42,High,2,0,0,0.29999997169811593
24,10.29,2.42,3.42,5.54,8.64,147,33,High,1,0,0,0.5675412470805398
35,4.65,4.5,0.0,3.85,6.91,96,21,Moderate,1,0,1,0.9677417273673704
29,10.56,2.58,0.61,4.24,8.91,119,129,Moderate,2,0,1,0.30208330472695977
24,6.97,3.77,2.95,2.33,5.79,213,98,Moderate,0,1,0,0.9641318559351714
22,8.03,2.56,2.79,3.74,7.63,150,20,Moderate,1,0,0,0.66625147369222
20,4.32,5.05,3.8,0.54,8.35,150,82,Moderate,1,1,0,2.0486106368956856
29,6.28,2.67,1.95,4.6,5.1,152,137,Moderate,0,0,0,0.7356686726642241
34,7.63,4.48,0.7,1.09,5.26,169,49,Moderate,2,0,0,0.6788989935912197
26,5.32,1.54,0.21,2.95,5.77,66,36,Low,1,0,1,0.32894730658885213
32,8.44,5.02,2.84,4.49,7.91,139,119,High,2,1,0,0.9312795105119064
33,8.56,2.31,3.89,2.28,5.15,244,113,High,1,0,1,0.7242989808061939
20,6.86,4.29,1.03,1.91,7.42,85,168,Moderate,2,0,0,0.7755100910335144
33,7.65,2.61,0.41,5.44,6.88,100,37,Low,0,0,1,0.39477119022598817
18,5.11,1.62,3.0,4.46,6.65,26,170,Low,0,0,0,0.904109412111661
33,11.38,3.99,0.46,3.63,8.96,232,49,High,0,0,1,0.39103687249236624
31,5.51,3.07,0.94,5.07,4.66,139,114,Low,0,1,0,0.727767563018591
19,9.23,1.34,3.5,1.51,8.39,221,152,High,0,1,0,0.524376974607045
30,9.4,3.6,1.79,3.53,5.88,182,80,High,2,0,0,0.5734041943187028
34,11.46,5.68,0.08,4.62,8.82,249,16,High,1,0,1,0.5026177571886774
26,9.56,5.34,0.67,5.63,5.03,249,123,High,1,1,0,0.6286610221065876
20,5.0,1.68,2.87,1.02,6.67,237,26,Low,1,0,0,0.9099998180000364
29,8.13,1.83,3.11,3.29,6.29,236,138,High,2,1,0,0.607626001522017
23,10.28,1.97,0.77,3.74,5.14,232,117,High,2,0,1,0.266536939052827
34,8.26,1.53,3.72,1.66,7.8,139,105,Moderate,2,0,0,0.6355931433906606
30,6.22,5.39,1.39,4.54,8.68,51,159,High,2,1,0,1.090031979094537
18,6.79,2.46,1.42,5.68,6.89,78,85,Moderate,1,1,0,0.5714284872712095
20,3.62,4.71,2.02,3.57,5.32,148,44,High,2,1,0,1.8591155085316275
29,3.45,3.95,1.2,1.24,7.51,25,84,Low,2,0,1,1.4927531905063216
19,5.31,3.71,2.98,3.73,5.4,79,75,Low,1,1,0,1.259886768382906
26,6.05,5.28,3.01,1.77,7.74,206,162,Moderate,2,1,0,1.3702477073970731
29,3.11,2.44,3.17,0.84,8.93,217,174,Low,2,0,0,1.8038579408816908
25,7.27,5.91,2.48,5.09,7.15,234,123,High,0,0,1,1.154057612921924
34,10.21,5.71,3.13,4.15,6.45,165,66,High,0,0,1,0.8658177408601625
21,10.87,1.17,0.62,1.38,6.68,21,45,Moderate,2,0,0,0.16467339791413085
32,5.14,4.11,2.94,1.66,5.54,67,109,Moderate,0,1,0,1.3715950638920111
33,8.93,1.02,2.3,5.43,6.62,241,180,Moderate,0,1,0,0.3717804734848294
28,10.09,4.47,0.47,3.41,8.86,155,52,Moderate,1,0,0,0.48959360856356704
33,6.02,0.92,2.11,5.07,7.81,84,77,Low,1,0,0,0.5033221755278778
31,5.32,1.9,1.14,2.36,4.55,139,80,Low,0,0,1,0.5714284640172059
25,3.25,2.39,1.89,1.44,6.01,114,146,Low,1,0,0,1.3169226717161011
35,3.7,5.19,2.62,0.55,8.65,225,57,High,0,1,0,2.1108102403215567
28,10.68,1.75,0.65,5.55,4.99,159,158,High,1,0,1,0.22471908008248315
25,4.57,5.03,1.86,3.68,8.9,103,80,High,0,0,1,1.5076583134226884
29,7.65,3.08,3.75,3.18,8.5,209,126,Moderate,2,1,0,0.8928103408091057
35,7.02,0.82,2.36,4.58,6.15,199,56,Low,1,1,0,0.45299138846276515
32,11.29,3.99,0.14,2.96,5.09,81,23,High,2,0,1,0.36581041932591507
27,3.97,5.78,0.15,1.12,8.35,51,99,High,0,1,0,1.4937023945334018
18,6.2,2.68,1.54,5.39,4.62,194,21,Moderate,0,1,0,0.6806450515088627
27,9.03,0.6,2.24,3.63,7.0,62,51,Moderate,0,1,0,0.3145071633989853
30,5.83,2.62,0.67,2.25,8.86,155,32,Low,0,1,0,0.5643223731865569
22,5.62,4.15,0.52,4.46,6.47,122,127,Moderate,1,0,0,0.8309607062347497
24,7.69,5.11,1.12,2.24,8.88,95,172,High,2,0,1,0.810142937562687
20,4.98,1.62,0.37,1.83,8.8,138,167,Low,2,0,1,0.399598313333672
29,8.44,1.19,2.5,4.45,7.63,211,41,Moderate,1,0,0,0.4372037396678034
29,4.72,3.65,0.78,2.58,5.15,20,76,Low,1,1,0,0.9385591231866264
34,3.1,3.96,3.34,3.66,4.95,231,67,Low,0,0,1,2.354837950052274
28,6.81,4.34,3.84,5.98,4.96,48,89,Moderate,1,0,0,1.2011745666410327
26,10.76,3.04,2.03,5.51,7.53,54,70,Moderate,2,0,1,0.47118954728721685
34,8.53,0.87,3.35,5.71,6.27,110,168,High,0,0,0,0.49472444376032315
18,5.5,1.56,2.56,1.91,8.85,53,178,Low,0,0,1,0.7490907728925867
22,3.83,1.01,1.75,0.63,4.86,43,96,Low,0,0,1,0.7206264437006673
19,6.73,1.46,1.24,4.28,7.0,204,124,Low,2,0,1,0.40118864766884876
19,9.46,2.89,0.87,3.04,4.75,137,63,Moderate,2,0,1,0.39746296009905285
21,3.08,5.68,3.57,5.53,4.89,41,104,High,2,0,0,3.0
29,6.42,4.21,0.38,3.86,6.37,40,28,High,1,1,0,0.7149531596646168
27,3.29,1.82,0.41,5.94,6.86,29,117,Low,2,0,0,0.6778113441302905
19,10.41,3.32,3.88,5.58,6.77,122,96,High,0,0,0,0.6916425848566201
23,6.65,4.56,1.31,5.09,5.71,78,77,High,1,0,1,0.8827066341794533
26,9.85,1.75,3.13,3.49,5.81,249,122,Moderate,0,0,1,0.49543142178361205
35,5.67,2.33,2.76,5.9,8.47,197,56,Low,0,1,0,0.897707072714802
22,9.99,3.61,1.09,1.16,8.17,207,24,High,1,0,0,0.47047042337633405
23,8.74,1.59,0.07,4.64,6.19,134,62,High,2,1,0,0.18993132838314322
27,10.04,5.4,0.73,5.45,5.58,215,38,High,0,0,0,0.6105577081117822
