Age,Income_USD,Daily_Screen_Time_Hours,Phone_Unlocks_Per_Day,Social_Media_Usage_Hours,Gaming_Usage_Hours,Streaming_Usage_Hours,Messaging_Usage_Hours,Work_Related_Usage_Hours,Sleep_Hours,Physical_Activity_Hours,Stress_Level,Time_Spent_With_Family_Hours,Online_Shopping_Hours,Has_Screen_Time_Management_App,Monthly_Data_Usage_GB,Has_Night_Mode_On,Age_First_Phone,Push_Notifications_Per_Day,Tech_Savviness_Score,risk_level,Education_Level_ord,Gender_Male,Gender_Other,Urban_Urban,reward_app_share
32,43865.49,5.81,75.0,0.84,1.61,3.36,1.44,2.14,5.22,1.32,95.8,1.7,1.85,0,16.43,1,16.0,106.0,39.36,Low,0,1,0,0,0.9999998278829901
26,41868.19,9.05,61.0,3.13,2.5,0.8,2.42,1.44,6.23,0.66,25.03,0.9,0.66,1,32.87,0,12.0,111.0,9.45,High,2,1,0,0,0.7104971590610873
34,19751.8,8.94,129.0,2.28,2.49,0.97,1.39,2.66,6.21,1.14,63.04,1.32,0.4,0,17.51,0,8.0,78.0,14.38,Low,3,1,0,0,0.6420580937295197
33,26629.11,7.45,50.0,2.02,0.49,2.41,1.6,2.98,6.54,1.4,95.94,0.77,0.1,1,24.49,0,8.0,85.0,31.52,High,-1,0,1,1,0.6604025959191147
34,33236.88,8.09,86.0,2.58,1.89,2.42,0.98,2.19,6.52,0.79,69.66,2.53,1.23,0,17.14,0,13.0,95.0,24.82,Moderate,1,1,0,1,0.8516686215489961
18,16430.69,5.01,75.0,1.12,0.69,1.26,1.63,1.11,7.42,1.4,23.15,2.16,0.81,1,29.76,1,8.0,112.0,37.84,High,1,0,0,1,0.6127743287875592
18,40513.1,6.06,68.0,1.38,1.61,1.27,1.99,2.46,6.68,1.07,41.25,2.33,0.9,0,31.2,0,13.0,12.0,47.86,High,3,1,0,1,0.7029701810280229
33,6521.03,5.79,47.0,2.02,0.34,1.88,1.23,1.11,4.86,1.11,16.75,1.48,0.77,0,41.45,1,11.0,99.0,14.92,High,-1,1,0,0,0.7322969374271265
22,40098.41,5.64,99.0,2.87,0.51,2.44,1.11,4.06,6.29,0.77,72.57,1.55,1.05,1,21.51,1,20.0,52.0,63.38,High,3,0,1,0,1.03191471065342
18,9879.63,4.42,79.0,1.3,3.61,1.52,1.43,1.93,4.39,1.65,37.18,0.46,1.24,1,35.65,1,13.0,110.0,20.23,High,0,1,0,1,1.4547508020925786
18,9612.64,4.27,105.0,0.47,1.87,2.34,1.44,1.55,5.48,0.26,36.4,2.36,0.95,0,31.13,1,11.0,97.0,93.39,High,1,0,0,1,1.096018478684197
18,29571.43,3.89,61.0,1.17,0.34,1.4,2.79,2.58,7.26,1.17,24.48,2.26,0.64,1,17.6,0,13.0,107.0,47.43,Low,1,0,1,1,0.7480717871280753
34,48243.73,5.45,109.0,2.15,2.12,2.05,1.98,2.28,6.73,0.95,95.95,1.59,0.77,1,22.1,1,17.0,63.0,58.83,Low,-1,1,0,1,1.1596328147462724
32,10927.61,7.23,77.0,2.07,0.66,3.28,0.66,2.61,6.71,0.83,34.39,0.03,0.66,1,13.82,0,14.0,68.0,44.07,High,3,1,0,0,0.8312585295631355
27,52830.16,4.56,98.0,1.34,3.93,3.21,1.65,1.86,6.23,1.18,42.98,0.32,1.01,1,30.48,1,8.0,82.0,55.6,High,2,0,0,1,1.859648714989317
25,31163.24,6.53,75.0,1.52,1.61,2.085,1.34,1.96,7.56,1.76,2.16,0.98,0.44,1,11.21,1,19.0,116.0,76.07,High,0,1,0,1,0.7986216234882658
31,38344.74,8.83,120.0,0.99,1.03,2.06,1.14,2.06,6.1,0.43,70.19,0.93,1.13,1,24.13,0,13.0,126.0,7.09,High,0,1,0,0,0.4620611028243372
34,28172.69,9.2,30.0,2.71,0.24,1.65,1.88,2.37,8.51,0.65,59.98,-0.0,0.76,0,8.5,0,11.0,152.0,43.01,High,0,1,0,1,0.49999994565217987
21,50990.32,5.63,60.0,2.02,1.09,3.39,2.25,2.62,7.06,1.03,62.79,1.44,0.88,0,25.95,0,14.0,84.0,53.32,Moderate,3,0,0,0,1.1545291022150794
25,24001.72,5.09,64.0,4.05,2.61,2.085,1.62,1.15,4.94,0.5,30.55,2.63,1.9,0,21.62,0,20.0,107.0,90.12,High,0,0,0,0,1.7180743186494465
25,59738.4,3.2,69.0,3.31,1.78,2.24,1.15,1.74,6.94,0.33,49.47,1.45,1.46,0,32.37,1,18.0,67.0,23.12,Low,0,0,1,0,2.290624284179911
23,40365.08,5.22,74.0,2.7,0.41,2.085,0.76,0.17,6.56,0.06,14.5,1.64,1.43,1,12.46,1,18.0,99.0,5.36,High,0,0,0,0,0.9952105373159891
29,35015.0,3.71,89.0,3.17,3.63,1.5,1.45,0.29,5.45,0.58,35.29,2.03,0.72,1,19.58,0,8.0,107.0,72.55,Low,-1,1,0,0,2.237196162480819
29,31616.51,7.7,122.0,3.59,1.33,1.7,1.84,0.56,6.25,0.88,56.5,1.87,0.82,0,13.8,1,16.0,139.0,65.71,Moderate,2,1,0,1,0.859740148085695
26,41868.24,5.68,87.0,1.92,0.56,4.27,0.96,2.32,5.51,1.12,19.54,1.19,1.11,1,12.84,1,14.0,89.0,47.55,High,0,0,0,1,1.1883800724682971
31,19853.02,7.48,57.0,0.78,2.53,3.32,1.96,2.19,6.41,1.88,71.97,1.48,0.63,1,17.64,0,20.0,126.0,3.5,High,0,0,0,1,0.8863635178658397
34,37654.04,6.09,80.0,3.49,1.53,2.42,1.77,0.62,5.37,0.66,66.08,0.47,1.25,0,13.4,1,12.0,80.0,4.15,Moderate,-1,1,0,0,1.2216746762438957
29,31348.015,6.85,81.0,2.78,0.16,1.19,1.81,1.59,7.63,0.98,10.32,0.05,0.53,1,13.82,0,18.0,85.0,74.49,Moderate,0,0,0,1,0.6029196200117343
33,11015.03,7.67,51.0,1.63,1.11,0.96,2.63,0.91,6.67,0.6,14.66,2.26,1.8,1,5.42,0,9.0,109.0,5.29,High,2,1,0,0,0.48239889408097864
30,51452.01,6.64,102.0,3.78,0.92,1.65,1.59,2.62,6.44,0.64,26.99,0.65,0.81,0,29.19,0,12.0,159.0,75.97,Low,-1,0,1,0,0.9563251571799462
22,31211.77,5.51,1.0,2.22,1.16,1.56,0.64,3.46,6.65,0.98,35.96,2.73,0.12,0,10.7,0,16.0,114.0,56.04,High,3,0,1,1,0.896551561424399
25,33764.87,7.53,66.0,1.04,2.06,1.68,1.67,4.12,7.74,0.57,91.08,3.61,0.01,0,40.48,0,18.0,87.0,93.27,High,-1,1,0,1,0.6347940724045057
31,40698.17,5.37,47.0,2.36,1.12,3.24,1.35,1.32,8.74,1.49,68.94,1.37,0.65,1,29.96,1,13.0,76.0,87.66,Low,3,0,1,0,1.2513964150099786
23,25240.61,1.29,99.0,0.36,1.92,1.45,1.77,0.98,7.15,0.35,70.23,1.19,0.7,1,21.07,1,16.0,57.0,72.69,Low,0,0,0,0,2.8914706267669557
27,31369.91,5.3,97.0,1.59,3.11,0.62,1.33,0.86,6.76,0.35,97.11,1.72,0.73,0,24.62,0,17.0,117.0,29.18,High,-1,0,1,1,1.0037733955144537
29,202.0,6.05,125.0,1.4,2.3,3.01,0.71,1.2,4.52,1.83,5.37,1.71,0.31,1,37.08,1,15.0,133.0,1.72,High,-1,1,0,0,1.109090725770128
18,35403.59,6.39,68.0,2.0,2.3,1.42,1.08,0.42,6.67,0.77,95.48,1.07,0.77,0,15.68,1,13.0,100.0,81.47,Low,1,0,0,1,0.8951485297107152
21,771.79,6.67,115.0,1.7,1.44,1.31,1.36,2.09,6.63,0.62,76.13,2.18,0.68,0,29.5,1,16.0,127.0,87.6,High,-1,0,0,1,0.667166316766669
29,28261.03,9.34,122.0,2.48,1.95,3.96,0.61,1.63,7.48,1.17,93.37,0.31,0.81,1,31.25,1,15.0,124.0,64.38,Low,-1,0,0,0,0.8982868417251777
24,9977.65,3.94,68.0,2.47,1.61,1.98,1.32,1.2,8.18,0.5,15.3,1.73,0.81,0,44.17,0,8.0,61.0,74.83,Moderate,3,0,1,1,1.5380706756165798
21,23748.29,1.76,79.0,3.89,1.46,1.11,1.63,2.62,5.3,0.21,24.76,0.9,1.08,1,39.99,0,11.0,149.0,55.98,Low,3,0,0,1,3.0
33,22339.09,8.12,98.0,1.54,0.75,2.57,0.93,3.18,6.29,0.84,65.42,3.37,0.29,1,5.72,1,18.0,79.0,76.61,High,3,1,0,0,0.5985220937780673
31,31112.59,5.73,44.0,0.17,2.59,1.8,2.0,1.96,6.98,0.65,39.39,1.34,0.61,1,28.21,0,20.0,145.0,80.14,High,2,0,0,1,0.7958113794395497
24,15987.94,6.52,82.0,3.89,0.93,1.02,1.43,1.55,5.5,1.03,68.17,2.46,1.64,0,14.05,1,17.0,136.0,2.17,High,3,0,0,1,0.8957053840942663
21,35265.1,5.31,92.0,1.68,2.78,1.37,1.31,2.44,6.04,0.63,82.02,0.26,0.15,0,30.13,1,8.0,56.0,92.27,High,2,0,1,1,1.0979282301453428
19,24577.64,4.81,121.0,0.67,1.61,2.78,1.96,1.46,5.73,2.35,50.53,1.87,1.06,1,8.17,1,9.0,82.0,63.79,High,3,0,0,1,1.0519748332692656
22,18971.2,9.1,66.0,1.74,1.56,1.29,2.16,3.74,6.35,0.25,70.29,2.7,1.51,0,29.05,1,8.0,110.0,45.82,Low,2,0,0,1,0.5043955489675221
26,41267.43,5.87,100.0,1.57,1.15,3.85,2.39,1.2,6.62,1.01,24.83,1.19,1.12,1,24.1,0,18.0,73.0,78.46,Low,1,1,0,0,1.119250235221425
22,20045.99,5.28,80.0,3.21,1.61,0.82,1.01,1.14,6.31,1.58,35.64,0.96,0.22,0,20.03,0,9.0,146.0,73.69,Moderate,1,0,0,0,1.068181615874694
28,32532.36,6.29,87.0,3.38,1.33,1.58,1.11,1.93,7.32,0.21,41.81,0.97,1.45,0,13.04,0,12.0,135.0,80.08,Moderate,3,0,1,0,0.9999998410175134
31,25349.61,6.91,145.0,1.2,1.61,3.13,1.06,1.39,7.4,1.03,68.07,0.23,0.63,0,18.67,0,8.0,112.0,25.86,High,2,0,1,0,0.8596236093164096
24,32378.75,5.77,59.0,2.55,1.97,0.69,1.6,1.47,5.88,0.89,39.24,2.64,1.02,1,19.39,0,16.0,103.0,48.68,High,3,0,1,1,0.9029461173403608
21,58955.14,5.78,95.0,1.67,1.97,1.73,1.39,3.28,7.39,1.67,36.31,1.23,0.84,0,32.05,0,14.0,76.0,48.15,Moderate,2,0,1,0,0.9290655832066463
34,22988.56,9.1,73.0,0.96,1.06,0.98,1.64,0.19,7.43,0.29,28.24,2.1,1.16,1,35.37,0,16.0,90.0,57.28,High,3,0,0,0,0.32967029344282495
26,11803.61,3.57,85.0,0.16,0.01,3.98,1.69,2.88,7.13,1.1,49.75,2.1,1.21,1,21.53,1,11.0,42.0,60.74,High,2,0,1,1,1.1624646603740447
28,37536.79,10.77,85.0,1.22,0.29,2.54,1.46,1.78,4.67,1.02,66.3,0.27,1.3,1,44.84,0,12.0,39.0,13.41,High,0,0,1,0,0.3760445333291984
26,13672.22,8.19,39.0,1.15,1.97,2.17,2.43,1.26,6.95,0.61,81.58,1.1,0.63,1,33.76,1,12.0,119.0,87.39,High,-1,1,0,1,0.645909567044009
25,52585.33,5.07,68.0,2.75,0.91,1.88,1.4,0.7,6.79,0.93,81.65,1.14,0.62,0,19.02,1,12.0,79.0,72.15,Moderate,0,0,1,1,1.0927019541021785
28,7814.94,7.93,59.0,3.28,1.67,2.18,1.68,3.4,5.54,1.27,20.25,1.53,0.43,0,26.35,1,12.0,82.0,65.69,High,3,0,1,0,0.8991171627847209
22,43774.29,6.13,89.0,2.27,1.69,2.92,1.78,2.87,6.12,0.87,29.53,2.26,1.36,1,5.6,0,19.0,94.0,24.46,Moderate,-1,0,0,0,1.1223489196820686
29,19404.44,7.28,103.0,3.38,2.05,2.82,1.61,2.61,4.75,0.17,36.96,2.33,0.11,0,26.14,0,10.0,55.0,40.41,Moderate,0,0,1,0,1.133241602576703
35,36983.68,5.88,103.0,2.45,2.11,2.085,0.83,2.79,7.67,1.17,99.86,1.11,0.49,0,27.92,1,20.0,70.0,33.32,High,2,0,0,1,1.1301018486221346
31,37119.7,6.15,70.0,1.57,0.56,1.23,1.52,1.94,6.58,1.12,80.04,2.36,0.89,0,26.37,1,20.0,139.0,64.82,High,0,0,0,0,0.5463413745786382
18,10427.98,8.88,73.0,2.64,1.78,3.01,1.84,0.78,6.38,1.9,30.1,1.72,0.37,1,14.6,0,9.0,61.0,57.72,Moderate,-1,1,0,0,0.8367116174874304
30,18210.16,7.54,120.0,1.52,2.8,3.79,1.18,2.53,6.86,2.46,8.37,1.2,0.6,0,30.4,0,12.0,93.0,24.12,Moderate,-1,0,0,0,1.0755966743240484
28,29502.45,2.49,62.0,3.67,0.48,1.73,1.82,2.91,8.88,1.12,30.89,1.68,0.67,0,13.38,0,17.0,58.0,23.55,High,-1,0,0,1,2.3614448347611106
23,34731.25,7.83,42.0,3.09,1.61,2.76,1.31,4.11,6.91,1.11,68.24,1.39,0.8,0,35.25,1,19.0,122.0,15.39,Moderate,0,0,0,0,0.952745727618681
35,27182.83,3.52,74.0,0.48,1.28,2.085,1.54,1.93,5.78,1.2,43.48,2.29,0.52,0,31.56,0,15.0,120.0,75.85,Moderate,-1,0,1,1,1.09232923513374
25,28094.65,5.5,89.0,2.02,2.87,2.76,2.23,1.88,6.71,1.43,50.12,1.23,1.13,0,42.69,1,20.0,95.0,2.84,High,2,0,0,0,1.3909088380165748
31,26216.24,2.49,76.0,0.71,2.27,1.02,1.01,2.32,7.69,1.84,63.99,2.59,0.8,1,27.88,1,17.0,98.0,63.61,High,1,1,0,1,1.6064250576606192
20,41700.46,5.94,88.0,2.75,1.61,1.81,1.33,3.4,7.07,0.55,10.3,1.7,1.01,1,31.36,1,15.0,113.0,41.78,High,2,1,0,1,1.0387203638517906
30,32634.17,3.43,98.0,1.85,0.21,2.88,1.01,2.7,6.17,1.22,86.58,1.74,1.49,0,40.63,0,19.0,97.0,40.49,High,0,0,0,0,1.440232816258654
33,30239.94,8.49,86.0,1.83,0.18,2.47,1.97,2.81,4.22,0.95,1.37,0.37,0.46,1,16.63,1,16.0,91.0,73.53,High,0,0,0,0,0.527679560932914
30,37882.47,5.57,88.0,2.93,2.5,0.22,0.89,3.14,4.86,1.72,15.31,2.38,0.37,0,19.46,1,8.0,92.0,57.77,Low,2,1,0,0,1.0143624749798068
18,13546.13,4.52,87.0,2.42,1.59,3.13,1.24,2.32,7.6,0.81,18.5,2.39,0.78,1,15.95,1,20.0,70.0,67.42,High,1,0,0,1,1.5796456682199849
33,16641.3,6.64,104.0,4.84,1.14,1.62,1.85,1.76,6.05,0.39,4.03,2.04,0.81,1,11.19,0,20.0,85.0,8.81,Low,3,1,0,1,1.1445781408767859
25,36665.29,7.64,90.0,3.82,1.62,1.68,1.27,2.95,6.28,0.74,50.12,0.05,0.81,0,21.74,0,18.0,54.0,44.49,Moderate,2,0,0,0,0.9319370507935797
29,22482.97,7.85,70.0,0.67,2.35,1.08,0.67,4.42,6.26,1.01,51.93,0.79,0.7,1,13.26,1,19.0,159.0,10.39,High,0,0,1,1,0.5222929270964424
29,11352.4,6.1,98.0,2.38,2.27,1.41,0.87,3.89,6.29,0.88,5.32,2.69,0.31,1,9.17,0,12.0,178.0,72.02,High,2,0,0,1,0.9934424600914001
24,27488.26,6.3,28.0,2.02,1.11,2.97,1.88,2.15,8.16,1.98,46.92,1.7,0.99,0,20.9,0,15.0,76.0,27.49,High,2,0,1,1,0.9682538145628865
32,53300.18,9.99,51.0,1.51,0.74,2.29,1.3,1.69,5.44,1.12,72.27,1.85,0.81,0,17.19,1,14.0,121.0,29.32,Moderate,2,0,0,0,0.4544544089635226
34,23795.73,4.04,107.0,2.47,1.61,1.42,1.6,1.0,6.32,0.69,12.51,2.73,1.58,1,28.33,1,10.0,105.0,95.87,High,2,0,1,0,1.3613858016371778
19,50275.81,2.99,80.0,2.02,3.32,0.54,1.73,2.0149999999999997,5.7,1.31,75.04,1.75,0.49,0,14.18,1,8.0,56.0,20.23,High,1,0,0,0,1.966554526235944
21,41358.1,4.75,110.0,2.95,1.59,1.78,0.71,2.41,5.63,1.62,11.24,2.25,0.49,0,25.34,0,9.0,150.0,84.65,Moderate,2,0,0,1,1.3305260356787294
27,31307.43,2.62,56.0,2.02,0.41,1.82,2.74,2.39,5.78,1.42,41.57,2.21,0.41,1,27.63,0,11.0,93.0,70.35,Moderate,2,0,1,1,1.6221367854439748
27,23850.44,3.45,88.0,0.44,1.56,1.94,1.82,2.61,7.71,0.33,57.99,1.16,0.81,0,26.51,1,15.0,116.0,7.66,Moderate,0,0,0,0,1.1420286544844478
22,18672.84,8.22,108.0,1.53,1.14,2.26,1.67,1.11,5.39,0.43,25.36,0.9,2.01,1,19.46,0,17.0,101.0,24.59,Low,-1,0,0,0,0.5997566180344747
34,41093.56,8.9,89.0,2.32,2.15,2.08,2.66,1.48,6.55,0.69,43.13,1.41,0.57,0,18.47,0,12.0,72.0,57.43,High,1,0,1,0,0.7359549734882053
21,44876.38,8.41,65.0,1.27,1.61,3.31,1.67,3.04,6.14,0.83,4.91,0.9,1.02,0,35.28,0,16.0,138.0,68.58,Moderate,-1,0,0,1,0.7360284499371641
27,29236.73,8.26,106.0,2.57,1.35,2.55,1.12,0.56,7.03,1.95,27.65,1.72,0.63,0,25.08,1,16.0,66.0,88.64,Low,3,0,1,1,0.7832928833785856
26,25909.89,6.67,54.0,0.56,1.65,3.22,1.31,2.0149999999999997,7.0,1.02,51.23,1.63,0.81,0,15.88,0,18.0,162.0,38.38,Moderate,2,1,0,1,0.8140928314703401
25,27005.21,7.89,114.0,3.11,1.68,1.23,0.44,1.52,7.34,1.66,31.08,1.69,0.63,1,26.06,1,17.0,98.0,13.18,Low,1,0,0,1,0.7629910313065866
26,31348.015,5.48,80.0,3.23,1.51,1.53,1.04,1.57,6.39,1.83,8.37,1.08,0.12,1,25.91,1,19.0,110.0,0.41,High,1,1,0,0,1.1441603751532161
27,32200.47,3.0,98.0,2.37,2.06,2.47,1.54,1.41,6.36,1.12,74.79,2.31,0.84,1,19.25,1,16.0,72.0,44.59,High,3,0,0,1,2.299999233333589
25,40510.6,10.7,119.0,2.02,2.14,1.88,2.04,2.63,5.83,1.12,53.4,1.95,0.66,0,16.93,1,8.0,40.0,90.3,High,0,1,0,0,0.5644859285527171
27,22779.68,4.63,73.0,1.68,3.19,2.61,1.11,1.98,7.19,0.84,0.15,0.18,0.34,0,6.92,0,16.0,112.0,14.27,High,3,1,0,1,1.6155504070085516
33,45692.2,6.05,60.0,1.53,1.89,0.97,1.21,3.6,6.99,1.11,95.36,1.02,0.46,1,20.22,1,13.0,97.0,0.38,Moderate,2,0,1,0,0.7256197147736008
34,15486.08,7.91,101.0,1.57,2.14,3.36,1.07,1.56,7.65,0.94,29.2,0.9,0.79,1,23.4,1,11.0,70.0,56.17,High,-1,0,1,0,0.8938051967376489
28,43857.34,2.63,93.0,1.01,2.15,3.54,0.81,1.21,6.34,1.61,28.45,0.97,0.81,1,16.62,1,14.0,92.0,95.76,Moderate,3,0,1,0,2.547527548468613
25,46955.64,4.77,73.0,0.5,0.86,2.49,1.64,0.82,6.9,1.66,0.62,1.0,0.47,1,34.96,0,9.0,113.0,47.4,High,1,0,1,1,0.8071277133904166
35,28106.1,5.06,27.0,0.94,2.2,3.33,1.7,2.7,4.99,2.39,77.63,2.07,0.81,0,17.91,0,8.0,109.0,95.63,Low,1,0,0,0,1.2786558737834244
29,29295.34,5.89,123.0,2.37,2.2,2.29,1.46,0.8,7.39,1.36,89.18,1.6,0.33,1,27.76,0,14.0,103.0,7.03,Low,3,1,0,1,1.1646857105796757
30,39260.66,7.41,75.0,1.35,2.02,3.27,2.34,0.47,6.01,0.76,84.92,0.37,0.95,0,17.46,0,20.0,116.0,68.35,Moderate,1,0,0,0,0.896086248841262
35,19768.26,9.19,74.0,1.55,0.75,1.73,1.47,2.05,6.46,1.35,63.89,0.88,1.14,0,26.49,0,10.0,88.0,85.0,Moderate,2,0,1,0,0.438520082859621
33,52861.39,4.85,41.0,0.92,0.41,1.48,1.28,1.46,5.6,1.0,25.13,2.54,2.32,0,21.97,1,15.0,77.0,70.23,Low,1,1,0,0,0.5793813238389023
32,25216.21,6.76,53.0,2.96,1.89,2.97,1.0,1.65,5.81,1.13,7.49,0.68,1.59,1,20.35,0,9.0,112.0,70.46,High,3,0,1,0,1.1568045626028753
26,32304.61,7.29,74.0,1.11,1.4,1.1,2.22,1.51,6.74,1.4,88.44,2.9,0.81,0,1.19,0,19.0,86.0,76.95,High,2,0,1,0,0.4951988346778004
24,35067.4,5.12,78.0,1.9,0.65,0.98,1.22,1.4,4.24,0.59,45.11,2.02,1.03,0,36.16,0,17.0,134.0,60.55,High,0,0,1,0,0.6894529903412128
22,33357.34,4.51,84.0,0.68,1.64,1.01,1.01,1.16,6.16,0.41,22.67,1.48,1.22,0,26.84,1,20.0,104.0,25.46,High,1,1,0,0,0.738359038057863
22,23170.21,4.49,78.0,2.24,1.87,0.88,1.54,2.07,5.46,0.73,8.75,0.41,0.42,0,34.31,1,9.0,134.0,74.59,Moderate,2,1,0,0,1.1113583270916865
27,40601.36,6.27,36.0,2.75,2.35,2.98,1.77,0.83,7.0,2.25,89.13,1.45,1.38,0,34.61,1,12.0,174.0,12.45,High,-1,0,1,1,1.2886760305141898
26,49091.85,6.3,53.0,1.96,1.89,4.86,1.52,2.34,6.13,0.87,33.97,1.13,0.39,1,37.23,0,19.0,119.0,31.41,High,3,0,0,1,1.3825394630889742
32,34189.61,4.41,71.0,1.84,3.11,2.43,0.73,0.97,4.85,1.86,26.48,1.28,0.81,1,37.3,1,10.0,69.0,33.97,Moderate,1,1,0,1,1.6734690082836716
25,32779.22,1.13,90.0,1.57,0.96,2.085,2.32,1.49,7.26,1.16,68.74,1.1,1.27,1,16.34,0,9.0,55.0,4.22,Low,0,0,1,1,3.0
25,41994.14,6.46,88.0,1.76,3.61,0.43,1.59,3.14,5.93,0.53,54.37,2.14,1.14,1,34.45,1,19.0,69.0,17.12,High,1,1,0,0,0.8978326783540745
29,33751.81,8.05,98.0,1.32,1.64,2.44,1.71,1.29,6.82,0.7,71.29,1.32,0.84,1,31.44,1,9.0,37.0,99.78,High,-1,0,0,1,0.6708073700860411
24,15656.53,9.21,107.0,1.76,0.59,2.94,0.98,2.55,5.1,1.29,98.77,0.85,0.27,0,25.04,1,8.0,43.0,74.74,High,-1,0,0,0,0.5743756162458614
22,15550.13,9.09,85.0,1.68,2.39,2.1,1.43,0.88,7.63,0.71,34.2,2.48,0.78,0,25.43,1,8.0,104.0,36.87,Moderate,0,1,0,0,0.6787678021157534
29,34984.59,5.64,78.0,1.89,0.62,2.24,1.81,1.29,6.76,1.62,26.18,2.93,0.89,0,15.18,0,16.0,24.0,12.36,Moderate,2,0,0,0,0.8421984322343206
34,48382.28,5.75,66.0,3.73,1.69,1.67,2.12,3.99,5.13,2.37,67.19,1.34,0.92,0,26.32,0,17.0,177.0,79.17,High,-1,0,0,0,1.2330432638185627
33,51295.45,9.96,85.0,3.02,3.02,2.95,1.48,2.0149999999999997,6.5,1.53,66.41,1.47,1.21,0,22.72,1,13.0,87.0,26.38,High,-1,0,0,1,0.902610351143539
32,32008.2,9.66,78.0,2.37,0.5,3.57,0.88,0.12,6.46,1.08,34.22,1.2,0.15,1,23.64,0,13.0,138.0,67.67,Moderate,1,0,1,1,0.6666665976535613
34,16040.73,9.49,84.0,1.44,1.83,4.36,2.03,0.58,5.52,0.47,7.04,1.44,0.75,1,39.73,1,19.0,62.0,69.51,Moderate,2,0,0,1,0.8040041302419253
21,15756.2,4.12,56.0,4.09,1.64,1.94,2.08,4.3,6.02,0.03,14.0,1.06,1.35,1,19.13,0,16.0,127.0,93.08,High,0,1,0,1,1.8616500335800887
25,17222.09,8.23,83.0,2.13,0.94,0.7,2.0,1.44,7.14,1.0,54.77,1.19,0.96,0,25.55,1,15.0,87.0,61.08,High,2,1,0,0,0.45808013875089443
30,38952.94,8.17,93.0,2.75,1.38,2.45,1.24,3.14,7.74,0.39,99.37,0.16,0.18,1,29.78,0,18.0,115.0,28.47,Moderate,2,0,0,1,0.8053854583371532
23,27134.06,3.4,81.0,1.37,1.81,1.5,1.48,1.49,6.33,1.38,58.76,1.94,1.07,1,26.7,1,13.0,82.0,77.26,High,-1,0,0,0,1.3764701833911224
21,18164.18,6.99,106.0,2.73,0.44,1.77,1.22,2.45,4.95,0.91,47.37,1.63,0.81,0,34.74,1,8.0,53.0,25.95,High,-1,1,0,0,0.7067237901682702
22,39961.76,6.22,83.0,2.53,0.79,3.23,2.03,1.75,6.12,1.63,47.55,2.22,1.16,0,24.15,1,15.0,83.0,64.0,High,2,0,1,1,1.0530544930780559
19,19949.92,2.92,69.0,2.58,0.66,2.48,0.62,2.28,7.4,0.33,52.72,1.48,1.19,0,13.35,0,20.0,91.0,41.88,Low,-1,1,0,1,1.9589034387316993
18,22295.43,9.57,82.0,2.31,2.39,0.9,1.81,2.2,6.03,1.01,60.99,1.96,1.09,0,25.28,1,8.0,101.0,40.14,High,2,0,1,0,0.5851619033268649
20,26545.74,3.07,94.0,1.34,1.88,4.27,1.98,1.34,7.06,0.63,17.53,0.66,1.7,1,34.87,0,15.0,79.0,47.79,Moderate,1,1,0,1,2.4397386189776484
20,48789.08,4.87,111.0,1.61,4.19,0.69,1.02,1.18,6.47,0.9,45.41,0.05,0.89,0,20.82,0,16.0,68.0,16.84,High,2,1,0,0,1.3326485969920745
33,36931.46,4.43,59.0,2.37,0.01,0.91,1.58,1.0,6.01,1.68,8.98,1.48,0.56,1,31.44,0,10.0,86.0,90.54,High,-1,0,1,1,0.7426634892407474
20,18914.52,6.88,100.0,1.79,2.03,2.24,1.44,2.04,7.01,0.83,16.32,1.48,1.38,1,42.19,0,15.0,91.0,83.64,High,0,0,0,1,0.8808138254631068
32,59172.98,4.24,108.0,1.58,1.46,2.74,1.84,2.34,6.89,1.44,49.83,1.34,0.72,1,16.22,0,17.0,121.0,70.03,High,-1,1,0,0,1.3632072256586731
19,28782.77,6.94,55.0,3.99,1.52,1.96,0.09,1.33,7.94,0.44,36.77,1.53,0.96,0,10.57,0,10.0,88.0,44.88,Low,1,0,1,0,1.076368720984334
29,35281.99,6.25,100.0,0.78,0.4,2.25,2.07,2.37,6.8,1.03,19.37,2.19,0.94,0,28.0,1,20.0,107.0,65.09,High,1,0,0,0,0.5487999121920141
24,15633.17,6.52,64.0,0.82,0.62,2.22,1.67,1.77,6.42,0.56,63.65,1.75,0.48,0,27.89,0,17.0,105.0,62.32,Low,-1,0,0,1,0.5613496071549683
18,36604.21,4.76,70.0,3.6,2.6,3.0,1.87,3.74,5.31,1.13,1.57,0.31,0.08,1,39.59,0,19.0,50.0,65.84,High,3,1,0,1,1.9327727031990118
19,33536.12,7.27,85.0,4.79,0.65,1.52,1.41,1.39,6.45,0.92,95.99,1.82,0.21,1,40.19,1,15.0,157.0,76.49,High,2,0,1,0,0.9573588779423828
30,46308.06,2.7,64.0,2.35,1.43,2.84,1.73,1.91,6.37,0.55,41.54,0.73,0.86,1,3.75,0,16.0,123.0,6.9,High,2,0,1,0,2.4518509437589096
23,33378.23,4.6,100.0,2.96,1.61,2.75,1.18,3.7,4.8,0.64,73.02,2.36,1.2,1,28.46,1,8.0,133.0,43.94,High,3,0,0,0,1.5913040018904345
20,68008.82,5.98,81.0,2.73,1.08,1.14,0.77,1.75,5.86,1.03,44.16,2.19,0.83,0,39.82,1,8.0,48.0,10.79,Moderate,2,0,1,1,0.8277590589031674
19,22862.86,6.99,89.0,3.19,2.73,0.31,1.06,2.14,6.74,1.28,27.42,2.11,1.13,0,27.42,1,13.0,122.0,4.98,Moderate,3,1,0,0,0.8912731199895393
32,24931.57,6.66,63.0,3.22,2.73,2.085,1.81,0.36,8.6,0.62,88.84,0.02,0.2,1,17.63,1,13.0,46.0,22.51,Low,3,0,1,0,1.2064562753068655
18,19354.88,6.03,81.0,3.28,1.0,1.52,1.05,2.0,7.45,0.78,30.73,1.41,0.81,0,38.59,1,9.0,49.0,20.43,Low,-1,0,1,1,0.9618572202558505
35,16237.5,6.18,90.0,1.63,1.9,2.94,1.3,0.51,6.74,0.75,0.83,2.88,1.05,0,33.78,1,11.0,144.0,75.41,High,0,0,1,1,1.046925396937638
33,38924.58,4.31,67.0,1.13,0.6,1.32,2.07,1.93,6.83,0.94,81.32,1.48,1.68,0,14.9,1,13.0,116.0,72.51,Low,0,1,0,0,0.7076564483395712
21,25565.4,5.78,46.0,1.8,1.85,1.86,2.34,3.72,5.6,0.75,69.5,1.17,1.21,1,42.62,1,10.0,113.0,90.32,High,3,0,0,1,0.9532870323032817
32,45705.05,4.04,68.0,0.36,2.97,2.7,1.13,0.05,8.46,0.39,39.28,1.99,0.25,1,15.67,0,9.0,55.0,68.87,Moderate,-1,0,0,1,1.4925738879767605
20,35289.55,7.29,102.0,3.19,3.81,0.06,0.97,1.63,5.32,0.25,83.39,1.91,0.7,0,25.09,1,17.0,118.0,16.03,High,0,0,0,1,0.968449798566557
23,45579.81,7.96,80.0,1.69,0.63,1.26,1.57,2.46,5.13,0.9,18.46,1.94,0.81,1,31.96,1,19.0,98.0,21.86,High,-1,1,0,1,0.4497486872175016
28,34809.97,9.25,56.0,1.61,2.09,4.33,2.1,1.36,7.12,0.44,51.51,1.61,0.7,1,16.72,1,8.0,66.0,32.37,Moderate,2,1,0,1,0.8681080142585933
21,37970.95,3.71,38.0,3.14,2.75,2.82,1.11,3.66,6.36,0.31,47.53,0.93,0.47,0,27.91,1,12.0,119.0,40.59,Moderate,3,1,0,0,2.347708262073245
34,27318.24,5.96,52.0,2.59,1.72,2.11,0.9,1.92,4.85,0.68,89.51,1.52,1.39,0,41.24,0,14.0,101.0,68.51,High,1,0,0,0,1.0771810273186195
33,11394.03,5.66,70.0,0.81,0.43,0.79,0.65,3.97,7.74,0.47,70.18,1.4,2.07,1,8.88,0,13.0,53.0,60.37,Low,-1,0,1,1,0.3586571804492614
21,24060.77,5.87,29.0,3.48,0.67,3.48,1.39,0.43,8.37,0.82,72.91,0.56,1.29,0,28.96,0,8.0,89.0,92.05,High,0,1,0,0,1.2998294208127052
20,26691.28,3.92,92.0,2.15,2.6,3.25,0.09,3.11,6.07,0.88,72.64,1.48,0.96,1,15.76,0,15.0,114.0,38.28,High,-1,0,0,1,2.040815805914335
32,17973.79,9.08,57.0,2.24,1.61,1.89,2.03,0.43,7.06,0.46,29.65,1.74,1.44,1,21.49,0,10.0,147.0,2.8,Moderate,1,0,0,0,0.6321585206873876
21,13730.55,9.48,99.0,1.87,0.99,2.8,1.04,2.64,5.89,1.58,34.49,1.97,0.4,1,19.6,0,13.0,119.0,97.34,Low,3,1,0,1,0.5970463505225369
21,44724.8,6.13,106.0,2.93,1.48,2.48,0.83,2.8,8.26,0.85,59.25,1.1,1.08,1,7.57,1,9.0,42.0,14.37,Moderate,1,1,0,1,1.1239802407862578
25,53592.72,1.88,54.0,2.42,1.16,3.45,1.41,1.6,6.16,0.39,55.19,1.65,0.43,1,38.6,0,20.0,86.0,22.95,Moderate,-1,0,0,1,3.0
27,41902.09,3.49,53.0,2.2,0.02,2.32,1.9,3.62,7.36,0.8,78.08,0.2,0.89,0,18.11,0,12.0,142.0,31.58,Low,-1,1,0,1,1.3008592261148348
21,23117.07,5.97,92.0,1.88,2.97,2.61,1.74,3.24,6.78,1.37,80.31,1.48,1.1,0,38.57,1,10.0,83.0,18.07,High,0,1,0,0,1.249581030220933
35,21644.86,2.32,55.0,2.75,0.41,0.93,0.91,1.82,8.28,1.38,18.91,1.48,1.0,1,21.21,1,8.0,105.0,35.08,Moderate,1,0,0,1,1.7629302745990196
32,48277.84,4.37,55.0,1.65,1.61,2.02,0.71,2.18,4.41,1.18,10.37,0.13,0.71,0,26.05,1,9.0,56.0,86.18,Low,-1,1,0,0,1.2082377097854209
25,28411.97,6.28,84.0,2.24,1.49,2.73,1.26,1.43,6.41,1.33,38.68,1.77,0.44,0,17.13,0,15.0,125.0,63.12,High,-1,0,1,0,1.0286622565824433
33,6758.38,4.95,68.0,1.65,2.21,3.16,1.79,1.44,4.51,0.95,84.5,2.32,0.59,1,33.79,1,12.0,114.0,97.97,High,2,0,1,0,1.4181815316804984
26,18597.62,4.32,29.0,1.8,1.17,0.34,0.45,2.0149999999999997,8.33,0.95,41.56,1.17,0.81,1,23.2,1,20.0,98.0,17.47,Low,2,0,1,1,0.7662035263417761
29,36311.59,5.55,110.0,3.61,3.36,1.12,1.27,1.25,7.89,1.57,26.31,2.49,0.46,0,33.1,1,14.0,87.0,97.28,High,1,0,0,0,1.4576573950166856
32,41257.03,6.64,82.0,2.64,1.61,2.53,2.07,4.19,4.26,0.8,81.97,2.37,0.92,1,28.04,0,19.0,57.0,83.95,Moderate,2,0,1,1,1.021084183571659
19,34838.8,2.9,48.0,2.73,3.38,1.67,1.16,2.0149999999999997,7.2,1.48,18.22,1.06,0.88,0,29.83,1,20.0,130.0,12.04,High,1,1,0,1,2.6827576956007944
23,65662.64,6.6,81.0,1.92,2.29,4.02,1.3,3.52,7.19,0.58,25.92,2.22,0.05,1,34.36,0,8.0,112.0,15.39,High,-1,1,0,1,1.2469695080349232
32,35111.87,2.21,82.0,3.55,1.61,4.51,1.58,1.58,6.12,0.55,69.2,0.84,0.81,1,9.96,0,10.0,110.0,62.01,Moderate,1,0,0,1,3.0
18,18388.4,7.65,119.0,0.22,1.11,1.51,2.57,1.67,7.3,1.55,62.27,1.68,0.7,0,24.77,1,12.0,85.0,28.33,Moderate,2,0,1,1,0.371241781537022
34,51037.61,5.7,91.0,2.34,0.69,2.33,1.97,0.68,7.22,0.31,22.18,0.15,0.92,1,18.06,1,20.0,92.0,31.87,Low,3,0,0,1,0.9403507122191731
32,17462.26,4.26,35.0,1.87,1.71,2.77,0.79,4.2,6.63,1.77,67.64,1.95,0.4,1,33.53,1,18.0,134.0,58.05,Moderate,2,1,0,1,1.490609978730052
23,42365.38,7.45,150.0,1.56,1.78,2.08,1.44,2.23,5.85,1.18,41.96,0.29,0.58,0,41.06,1,17.0,70.0,11.04,High,2,1,0,0,0.7275166808702441
24,39752.83,7.76,42.0,1.22,2.11,1.73,0.94,3.36,8.4,1.03,64.61,2.7,0.1,1,37.48,0,15.0,34.0,59.83,Low,-1,0,0,1,0.6520617716415243
27,27256.75,4.46,61.0,1.37,2.37,0.64,1.7,0.96,7.38,0.88,36.02,1.94,1.21,1,12.41,1,14.0,119.0,93.46,High,2,0,1,0,0.9820625600756592
35,28643.76,1.39,123.0,1.19,1.01,2.14,0.64,3.26,7.01,0.94,31.12,1.5,0.25,1,23.82,1,18.0,76.0,80.01,Low,2,1,0,0,3.0
33,51912.71,6.2,37.0,0.92,3.08,0.51,1.01,1.34,4.48,0.77,53.47,1.57,0.86,0,35.53,0,13.0,107.0,36.1,Moderate,1,0,1,1,0.7274192375130262
25,56138.91,4.55,93.0,0.67,1.87,1.12,1.42,0.72,6.11,0.4,59.12,2.58,0.38,0,20.29,0,17.0,55.0,17.82,High,0,0,1,1,0.8043954276054006
29,33114.06,7.53,111.0,2.43,2.04,1.01,1.74,0.65,5.81,0.75,69.82,1.4,0.65,1,22.7,1,8.0,127.0,83.42,Low,-1,1,0,1,0.7277555474428224
28,23935.67,6.84,112.0,2.57,2.52,2.42,1.99,1.67,7.46,1.35,7.01,1.74,0.8,1,21.58,1,17.0,116.0,5.35,Low,0,0,1,0,1.0979530558548163
33,31348.015,9.19,89.0,2.14,1.84,1.92,1.86,0.84,3.63,0.61,53.36,1.93,0.26,1,35.43,1,20.0,102.0,48.77,Moderate,-1,1,0,1,0.6420021064197927
29,40112.03,7.76,117.0,1.75,2.24,1.9,0.63,2.7,6.39,0.83,34.67,1.26,1.01,1,23.8,1,10.0,99.0,71.34,High,2,0,0,1,0.7590205207447783
30,26645.82,4.95,82.0,2.24,1.34,2.64,1.14,3.04,5.68,0.9,1.02,0.82,0.56,1,44.99,0,9.0,95.0,41.39,High,1,1,0,0,1.25656540271406
34,59326.52,5.05,83.0,1.62,1.61,1.58,1.32,1.87,6.96,1.24,12.57,0.32,1.07,0,11.97,1,18.0,89.0,52.0,High,-1,1,0,1,0.9524750589158301
18,9333.55,6.31,67.0,2.76,0.06,2.91,1.49,2.23,5.39,1.86,65.35,0.74,1.81,0,37.43,0,14.0,145.0,50.55,High,2,1,0,1,0.9080822649631911
23,38271.74,7.62,79.0,4.29,1.02,2.04,1.26,1.59,5.8,1.41,1.41,1.77,0.82,0,29.51,0,12.0,96.0,23.17,Low,3,0,1,1,0.9645668025502884
20,7687.77,8.84,106.0,2.07,1.17,3.48,1.6,2.57,7.55,0.69,10.22,1.93,1.09,1,27.58,0,8.0,115.0,80.21,Moderate,2,0,1,1,0.7601809094817976
29,29807.29,2.48,68.0,3.39,1.71,2.2,2.01,0.84,7.33,1.63,93.03,1.8,0.54,0,21.94,0,10.0,131.0,73.78,Moderate,1,0,1,0,2.9435472001825804
30,38419.03,4.02,87.0,1.2,1.61,1.48,1.32,3.55,6.86,1.13,23.55,1.26,0.81,0,15.92,1,11.0,180.0,19.28,High,0,1,0,0,1.0671639136408175
27,31312.61,7.04,72.0,2.22,3.42,0.33,1.64,0.84,6.06,1.23,72.69,1.53,1.34,0,25.31,1,8.0,111.0,25.12,Moderate,3,0,1,0,0.8480112431802213
29,44569.59,6.19,68.0,0.72,0.79,2.29,2.55,2.9,6.32,1.37,2.43,0.86,0.77,0,15.76,0,10.0,91.0,3.69,Low,0,1,0,1,0.6138932772385658
34,56499.79,6.7,91.0,1.59,0.95,2.03,1.31,3.16,5.52,0.4,41.41,2.33,0.51,0,47.47,0,15.0,128.0,47.19,High,3,0,1,0,0.6820894504344104
22,18528.9,5.72,79.0,2.02,1.1,2.52,0.82,3.39,7.53,1.39,15.94,0.33,0.9,0,8.46,0,9.0,94.0,25.58,Moderate,3,1,0,1,0.9860138136339488
19,23108.52,6.29,46.0,2.43,0.19,1.56,1.83,1.89,4.28,0.68,27.58,1.86,1.8,0,38.94,0,20.0,134.0,69.04,Low,1,0,1,0,0.6645467941896988
34,27525.33,3.87,62.0,3.58,2.45,2.45,1.22,2.31,6.13,1.39,68.21,0.99,0.7,0,11.61,0,11.0,95.0,59.48,Low,0,1,0,1,2.1912139040790946
30,13237.37,5.77,119.0,2.57,2.33,2.085,2.41,2.71,6.33,1.46,51.25,1.93,0.22,1,17.85,1,10.0,136.0,15.38,High,1,1,0,1,1.2105717139390444
35,24611.88,7.63,104.0,1.39,0.86,2.01,1.41,2.85,8.26,0.11,33.36,1.53,0.48,0,34.31,1,11.0,40.0,86.04,High,3,0,0,0,0.5583223383588023
30,36059.78,3.68,118.0,2.73,2.73,3.26,1.59,2.47,6.17,0.68,2.24,1.51,1.76,1,32.23,0,11.0,145.0,72.63,Moderate,2,0,1,0,2.369564573487887
21,25833.0,3.92,71.0,2.27,0.17,1.69,1.34,3.1,6.71,1.26,12.23,1.56,1.35,1,11.87,1,20.0,49.0,40.06,High,2,0,1,0,1.0535711598032755
33,54802.69,7.31,99.0,1.77,2.3,2.61,1.61,2.76,5.89,1.07,84.07,2.77,0.81,0,37.29,1,20.0,91.0,0.94,Moderate,1,0,0,0,0.9138165644573784
23,13241.03,4.42,72.0,2.41,2.23,1.88,1.26,1.56,7.48,0.43,60.6,1.09,0.85,1,30.2,1,9.0,100.0,93.85,High,-1,0,1,0,1.475112788436021
29,16587.6,6.13,67.0,1.84,1.99,2.46,1.1,1.4,3.68,1.51,92.21,0.34,0.64,0,15.55,1,17.0,80.0,24.04,High,-1,0,0,1,1.0261009745349143
23,885.98,3.9,105.0,2.57,1.67,1.8,2.14,2.43,6.31,0.44,91.75,1.38,0.88,1,14.53,0,20.0,145.0,64.87,High,3,0,1,0,1.5487175516108842
21,31951.13,6.84,82.0,2.38,2.13,3.84,0.49,2.72,5.38,1.61,27.36,0.38,0.71,0,27.21,0,14.0,76.0,90.27,High,2,1,0,0,1.2207600554444362
22,35667.21,6.2,109.0,0.98,1.72,3.33,1.3,2.23,6.36,0.63,89.6,1.97,0.18,1,9.19,1,17.0,100.0,26.05,High,0,0,1,0,0.9725804882934697
28,22610.87,6.9,43.0,2.46,2.52,1.98,2.78,3.27,7.98,1.03,93.28,0.33,0.99,0,27.27,0,13.0,95.0,56.9,High,1,1,0,0,1.0086955059861586
35,5413.63,5.35,23.0,3.25,0.61,2.45,1.71,2.57,6.21,0.85,2.79,2.15,0.44,0,18.51,0,16.0,108.0,54.68,High,1,0,0,1,1.179439031880555
35,17326.38,7.58,77.0,1.9,1.5,2.53,1.0,3.17,5.53,0.54,63.82,2.25,0.4,1,34.74,1,17.0,92.0,72.42,Low,2,0,0,1,0.7823217965274675
19,20973.96,4.68,23.0,1.99,0.08,4.2,1.72,3.73,5.82,0.55,89.66,2.24,0.81,0,19.47,1,14.0,43.0,0.36,Low,-1,0,1,0,1.339743303473653
18,15682.16,7.38,61.0,2.3,2.16,1.71,1.31,2.99,6.78,0.43,22.61,2.3,1.26,0,22.2,0,8.0,89.0,75.44,High,1,1,0,1,0.8360432471486114
32,43377.42,6.51,71.0,1.5,1.71,3.16,0.57,2.33,5.92,1.49,17.22,2.77,1.12,1,33.95,0,9.0,162.0,66.37,Low,2,0,1,1,0.9784944733495433
19,40380.34,2.57,89.0,2.48,2.15,1.61,0.94,3.46,5.77,2.02,71.96,1.91,1.05,1,13.28,1,16.0,91.0,93.19,Moderate,0,0,0,0,2.4280146194495646
28,43142.51,9.47,30.0,2.29,1.62,2.41,2.09,3.12,5.05,1.61,89.79,1.4,0.85,1,13.73,1,16.0,157.0,61.24,Low,3,0,1,1,0.6673705736673101
28,24399.49,3.91,78.0,1.15,0.84,1.56,1.65,1.27,6.54,0.25,37.8,1.08,1.02,1,27.17,1,9.0,66.0,85.68,High,0,0,0,1,0.9079281565401133
31,31957.97,8.21,50.0,2.15,3.16,1.93,2.02,0.77,7.49,0.89,90.53,2.08,1.05,0,11.67,0,8.0,141.0,75.53,High,1,0,1,1,0.8818512933189655
29,4138.47,4.63,141.0,1.96,1.22,3.65,1.18,1.11,7.13,1.07,42.65,3.11,0.61,1,7.0,1,14.0,74.0,57.66,Moderate,1,0,1,0,1.4751616684316051
28,43831.23,5.75,82.0,1.22,1.16,2.26,1.52,1.44,5.22,1.36,37.67,1.55,1.37,1,22.17,0,18.0,91.0,58.09,High,2,1,0,0,0.8069563813988901
23,28151.26,4.95,84.0,1.02,1.4,1.0,1.8,3.11,6.43,0.8,0.18,1.86,0.01,0,26.85,0,14.0,68.0,51.27,High,-1,0,0,1,0.690908951331525
30,63942.13,3.18,65.0,3.18,0.23,1.86,1.75,0.12,7.46,1.12,99.24,1.02,0.61,1,21.52,1,11.0,103.0,24.36,High,3,0,1,0,1.6572321832603196
19,50095.05,4.87,23.0,2.09,1.38,1.88,0.68,1.44,5.79,1.18,81.06,0.73,1.03,0,14.53,1,14.0,34.0,12.3,Low,3,0,1,1,1.09856240275926
26,10522.96,7.5,115.0,1.85,1.45,3.18,0.93,2.5,7.36,1.22,21.43,1.61,1.31,1,40.76,0,9.0,100.0,92.35,Moderate,-1,0,0,1,0.8639998848000154
28,55798.98,5.02,41.0,1.64,1.2,2.52,1.53,2.53,5.43,1.81,66.26,1.04,0.81,0,25.08,0,8.0,116.0,69.08,Moderate,2,1,0,0,1.0677288709703443
32,31348.015,4.03,94.0,2.09,1.97,3.07,1.05,1.74,8.36,0.99,91.58,0.62,0.74,1,20.76,0,14.0,117.0,99.06,High,1,0,0,1,1.7692303302157986
20,35294.68,6.78,96.0,1.17,1.12,2.56,1.93,2.12,5.4,1.72,98.91,1.32,0.49,1,34.15,1,20.0,104.0,19.09,High,1,0,0,0,0.7153391275311021
20,60912.55,3.3,110.0,2.44,0.27,2.88,1.61,3.3,6.22,1.54,3.0,1.94,0.21,0,33.62,1,16.0,100.0,95.41,High,-1,0,0,0,1.6939388806245816
32,33911.13,6.93,69.0,1.87,0.28,1.33,0.46,2.3,4.4,0.31,58.67,1.4,0.73,0,16.38,0,8.0,83.0,80.02,High,2,0,1,0,0.5021644297021026
33,25885.03,4.16,112.0,2.43,0.92,2.64,1.96,2.0,6.36,0.06,87.5,0.03,1.23,0,34.44,0,16.0,141.0,22.38,Low,1,0,1,0,1.439903500023197
30,14686.49,6.84,86.0,3.03,2.47,1.04,1.43,2.6,6.41,0.69,45.18,1.34,1.43,0,34.84,1,18.0,92.0,82.74,Low,0,0,1,0,0.9561402110906124
18,52964.49,6.91,84.0,0.95,0.31,3.34,2.51,0.68,6.1,0.51,59.48,1.32,1.08,0,28.87,0,16.0,54.0,2.99,High,-1,0,1,0,0.6657017849925058
21,23537.19,5.07,67.0,2.07,1.43,1.68,1.33,1.3,7.06,0.49,42.07,1.94,0.18,0,37.04,1,20.0,71.0,25.58,Low,3,0,0,0,1.0216960509475244
33,32575.02,4.95,66.0,3.35,0.53,2.6,1.4,3.43,8.82,1.7,69.98,1.48,0.84,1,36.19,0,20.0,78.0,94.39,High,1,1,0,1,1.3090906446281525
18,51459.05,4.55,111.0,0.01,1.87,2.59,2.15,1.12,6.1,0.6,20.04,0.36,0.65,1,11.72,1,10.0,89.0,12.53,Low,1,0,1,1,0.9824173665016777
25,57700.21,5.54,53.0,0.18,2.16,3.08,1.61,1.4,6.91,0.91,98.73,1.85,0.85,1,32.23,1,16.0,134.0,10.7,Low,1,0,1,1,0.9783391735849867
26,20146.48,3.64,120.0,2.38,2.3,3.4,1.65,0.99,5.93,0.94,53.31,0.46,0.43,1,25.67,1,9.0,104.0,96.62,High,0,0,1,1,2.2197796099506566
25,35891.63,6.59,135.0,2.7,1.1,1.09,0.49,2.82,5.32,1.22,22.96,0.55,0.53,0,21.3,1,12.0,84.0,70.33,High,3,0,0,1,0.7420332713151334
23,19924.14,4.71,112.0,2.17,0.25,2.64,1.42,1.69,7.08,1.7,34.44,1.81,0.29,0,30.03,0,20.0,138.0,80.83,Low,-1,1,0,0,1.0743097506773354
28,12931.62,6.74,106.0,0.9,0.14,2.89,2.13,1.97,5.7,1.46,58.49,1.01,0.26,0,3.58,0,9.0,91.0,82.78,Low,1,0,1,1,0.5830859669011919
34,56281.54,6.34,91.0,3.02,1.43,0.19,1.16,1.55,5.16,0.92,86.78,2.71,0.84,0,27.79,1,17.0,95.0,39.52,Moderate,-1,0,1,1,0.7318610833026683
20,38994.9,5.61,84.0,2.33,1.81,0.51,0.96,3.82,5.9,1.42,77.63,1.65,1.05,0,27.38,0,17.0,141.0,61.85,High,1,0,1,1,0.8288768575977081
19,27110.92,4.03,97.0,2.55,0.42,2.61,1.65,1.3,7.24,1.14,30.65,3.09,0.81,0,2.82,1,10.0,122.0,5.39,High,-1,0,1,1,1.3846150410384512
23,57980.13,6.03,69.0,2.1,2.51,1.99,0.46,1.32,5.48,1.03,71.75,1.55,1.2,1,25.11,1,19.0,52.0,32.31,Moderate,0,0,1,1,1.0945271816704507
30,43569.99,9.16,74.0,1.54,1.29,2.02,1.59,0.98,8.52,1.66,38.87,1.48,1.4,0,24.81,0,16.0,97.0,59.63,High,3,0,1,1,0.5294759247297025
29,34773.79,3.91,76.0,2.28,0.84,2.96,1.37,2.92,7.47,1.69,60.97,1.53,1.52,0,34.17,0,14.0,82.0,93.79,Low,1,0,1,0,1.5549868145813772
20,41518.66,5.75,87.0,2.37,1.87,1.56,1.56,1.97,6.29,0.93,17.75,1.36,1.02,1,29.66,1,9.0,82.0,38.36,Low,1,1,0,1,1.008695476748613
25,4716.97,4.59,44.0,0.64,3.64,1.24,1.87,3.4,6.13,0.93,89.13,1.85,1.36,1,35.53,0,17.0,130.0,56.45,High,0,0,1,0,1.2026141170775344
34,12760.08,4.2,48.0,2.02,1.83,1.31,2.28,0.52,6.34,0.63,31.48,2.42,0.95,1,24.2,0,19.0,123.0,70.73,Moderate,2,0,0,1,1.2285711360544913
28,19117.81,4.2,82.0,1.01,1.61,1.11,0.68,2.33,6.29,1.02,4.71,2.33,1.49,0,17.47,0,11.0,92.0,99.94,Moderate,0,1,0,1,0.8880950266440413
26,28345.37,3.91,73.0,2.4,3.49,2.98,2.32,1.4,9.3,1.73,1.45,1.47,1.36,1,13.63,0,9.0,100.0,79.38,High,3,0,0,1,2.268541619298819
35,23466.21,5.31,73.0,1.51,1.33,2.7,2.18,1.01,6.28,0.9,16.14,1.31,2.5,0,31.63,1,17.0,141.0,88.47,High,0,0,0,1,1.043314304460583
35,19436.78,0.47,101.0,1.78,0.25,2.88,0.59,2.29,6.45,1.53,71.51,1.46,0.12,1,31.5,0,20.0,46.0,84.04,High,1,0,1,1,3.0
31,36927.51,7.19,72.0,0.08,1.31,2.52,1.71,1.92,5.08,0.58,78.87,2.0,0.92,0,43.5,0,15.0,98.0,49.13,Low,-1,0,1,0,0.5438107727662347
27,29397.57,8.22,98.0,2.07,2.22,3.31,2.3,1.59,7.15,1.35,23.29,0.08,1.43,0,5.18,1,9.0,145.0,43.28,Low,1,1,0,0,0.9245740967671415
29,35893.94,7.92,95.0,3.06,3.55,1.99,1.33,0.87,7.99,0.74,23.16,1.55,0.97,0,31.54,1,11.0,102.0,12.28,Moderate,3,1,0,0,1.0858584487552463
29,43827.84,10.54,73.0,1.68,2.11,2.67,1.51,2.37,7.73,1.03,41.98,1.77,1.18,0,25.13,0,14.0,73.0,53.22,High,3,0,1,1,0.6129031676562461
20,39438.26,3.07,22.0,1.41,1.03,2.61,0.98,2.29,6.48,0.4,7.32,1.04,0.93,0,33.85,1,12.0,88.0,29.27,Moderate,1,1,0,1,1.6449506042506175
31,58943.81,7.17,62.0,1.73,1.22,2.085,1.74,2.84,6.72,1.7,92.01,1.87,1.48,0,25.83,1,20.0,83.0,93.91,High,2,0,0,0,0.7022314222829258
23,22860.67,6.83,47.0,2.43,2.5,2.41,0.71,2.62,5.86,1.65,4.58,0.33,0.19,1,26.17,0,20.0,114.0,38.6,Moderate,2,0,1,0,1.0746704136646539
31,31348.015,7.56,65.0,2.02,1.57,3.69,1.85,2.33,6.38,1.31,52.58,1.64,0.72,1,4.24,1,17.0,115.0,44.8,High,-1,0,1,1,0.9629628355869264
26,32263.07,9.91,101.0,3.24,0.01,1.87,1.1,2.12,7.44,0.53,20.75,1.65,1.65,1,20.23,1,15.0,113.0,48.66,Moderate,-1,0,1,1,0.5166497965035524
29,35488.24,8.5,72.0,1.24,1.0,2.15,1.39,2.9,6.54,1.55,77.6,1.48,0.58,0,16.72,0,14.0,102.0,32.92,High,2,0,1,0,0.5164705274740558
31,31348.015,4.07,116.0,2.86,1.53,2.62,2.21,2.94,5.8,0.93,86.71,0.63,1.86,1,17.28,0,11.0,99.0,16.12,Low,3,0,1,1,1.722358299174865
19,18581.31,5.41,95.0,2.69,1.1,2.39,2.06,3.64,6.59,0.58,34.02,2.09,0.81,1,39.45,0,11.0,99.0,47.93,Low,2,0,0,0,1.142328809181366
31,41983.08,8.57,27.0,2.97,1.03,4.78,2.6,2.34,5.39,0.86,58.16,0.77,0.38,0,38.82,1,10.0,131.0,55.58,High,0,1,0,1,1.0245039644686158
29,51342.13,4.7,83.0,0.82,0.99,1.87,0.83,0.35,6.09,0.35,79.01,0.41,0.24,1,22.27,1,11.0,78.0,74.98,High,3,0,0,0,0.782978556813073
32,11885.49,4.72,79.0,1.74,1.97,0.77,1.5,1.3,5.78,0.21,13.01,2.6,0.85,1,22.72,0,10.0,121.0,22.56,High,2,0,1,0,0.9491523412812838
27,18299.93,6.58,84.0,2.05,0.59,1.53,1.49,2.28,6.75,0.73,57.83,2.21,0.6,1,37.69,1,17.0,96.0,78.79,High,-1,0,0,1,0.6337385055108654
29,30863.88,4.9,57.0,1.38,1.82,2.48,1.98,2.49,5.73,1.3,80.62,1.01,1.29,0,27.01,1,11.0,140.0,59.17,High,2,1,0,0,1.1591834369013392
18,33876.77,6.53,93.0,0.54,3.02,0.86,1.48,3.92,5.82,0.78,82.12,2.33,0.1,0,18.61,1,11.0,79.0,27.0,High,-1,0,0,0,0.6768758534646472
35,31348.015,4.59,49.0,2.0,0.46,3.45,1.93,0.53,5.91,1.48,37.13,2.08,0.86,1,39.85,1,18.0,146.0,60.18,High,0,1,0,1,1.2875814188275776
33,33536.55,5.91,111.0,4.25,0.4,0.49,0.67,2.23,6.72,1.04,38.74,0.58,1.48,1,21.99,1,12.0,86.0,73.49,High,3,1,0,0,0.8697122047864291
34,1854.92,9.6,58.0,2.72,1.97,2.81,2.35,1.55,5.38,1.37,40.33,0.44,1.32,1,29.5,1,19.0,80.0,58.58,Low,2,1,0,1,0.7812499186198002
23,40328.2,5.42,38.0,1.4,1.67,2.83,1.53,2.47,4.95,1.57,12.87,0.9,0.81,1,26.47,1,10.0,117.0,87.12,High,2,0,0,0,1.0885606847674014
28,36103.5,1.26,61.0,0.2,1.39,2.91,2.24,3.01,6.87,1.14,17.17,1.53,0.4,1,25.9,0,14.0,118.0,59.08,High,2,0,1,0,3.0
29,33711.0,2.08,103.0,1.9,0.88,0.57,1.85,3.92,7.9,1.46,24.0,1.47,1.54,1,22.84,0,15.0,72.0,97.99,High,2,1,0,0,1.6105761487614667
33,31138.73,8.54,58.0,1.45,2.76,1.26,1.65,2.83,6.64,1.65,20.17,2.69,1.19,0,38.31,0,11.0,66.0,32.31,Low,3,0,0,0,0.640515147480662
20,12087.19,8.0,65.0,3.31,2.17,1.83,0.81,2.34,7.17,1.81,75.07,0.48,0.95,0,18.88,0,18.0,105.0,89.1,High,2,1,0,0,0.9137498857812644
23,39171.81,6.4,64.0,1.3,0.61,1.47,2.42,2.67,7.3,0.87,59.84,1.52,0.96,1,35.14,0,15.0,131.0,68.65,Moderate,1,0,1,0,0.5281249174804816
29,34470.71,6.45,57.0,1.46,2.04,2.14,2.2,2.07,7.72,1.08,46.73,2.06,0.76,1,20.71,0,9.0,84.0,39.86,High,1,0,1,0,0.874418469082408
35,25326.85,7.33,91.0,1.01,1.96,2.98,1.39,1.71,5.58,1.81,24.06,2.19,1.58,0,5.23,0,14.0,106.0,41.41,High,2,1,0,1,0.8117324949887454
24,6637.53,8.27,116.0,1.39,1.1,3.24,1.45,0.02,6.93,0.6,40.89,2.11,0.8,1,37.72,0,19.0,92.0,76.67,Low,3,1,0,1,0.6928656961468326
27,57904.4,3.6,88.0,2.69,1.11,1.41,1.38,1.03,7.15,1.01,27.64,2.37,0.06,0,38.07,1,11.0,50.0,71.18,High,1,0,0,0,1.4472218202161609
24,28842.89,6.0,19.0,1.31,1.02,3.42,1.32,1.05,7.0,1.38,2.0,0.6,1.1,0,26.34,0,12.0,93.0,79.39,High,1,1,0,0,0.9583331736111377
32,32707.22,6.35,120.0,2.86,2.52,2.76,1.56,3.39,6.84,1.39,37.46,0.58,0.86,0,17.99,1,10.0,89.0,96.8,Low,3,0,1,1,1.2818895619071558
31,30574.8,7.23,104.0,2.99,1.43,2.36,2.37,1.85,7.78,0.88,21.33,0.35,0.86,0,31.78,0,12.0,101.0,5.08,Low,-1,0,0,1,0.9377592063956836
26,27432.79,6.14,61.0,2.33,1.8,3.5,0.87,1.22,6.93,0.34,4.59,1.45,0.81,1,34.97,0,12.0,92.0,59.29,Low,-1,0,1,0,1.2426708073826047
27,53991.2,6.54,56.0,1.16,1.17,1.92,0.77,1.72,7.36,1.21,49.1,1.37,0.83,1,43.48,1,19.0,127.0,84.77,Moderate,3,1,0,0,0.6498469954362392
33,50752.29,9.11,82.0,2.34,2.46,0.49,2.02,3.01,6.78,1.42,41.41,2.71,1.49,1,22.61,0,12.0,87.0,9.67,High,3,0,0,1,0.5806805070603176
18,15947.24,4.36,88.0,2.1,0.97,2.53,1.0,3.07,5.35,1.77,85.67,1.03,0.1,1,17.04,0,19.0,89.0,19.95,Moderate,3,0,1,0,1.2844033751368404
21,15512.89,2.34,107.0,2.03,1.06,1.49,1.9,1.73,6.29,1.18,85.43,1.78,0.81,1,18.23,0,16.0,127.0,61.69,Moderate,-1,1,0,1,1.9572641208272987
35,54106.82,5.51,59.0,1.74,0.6,1.11,0.89,1.64,5.28,0.42,22.77,0.75,1.06,1,20.57,1,16.0,54.0,12.05,High,3,1,0,1,0.6261341876344487
26,28772.49,6.07,66.0,1.76,0.65,2.66,1.76,1.15,8.14,1.22,10.97,1.48,0.55,0,21.22,0,9.0,101.0,14.85,Low,2,0,0,0,0.8352552165971636
30,14985.08,7.02,90.0,2.24,4.12,1.97,1.56,2.39,5.76,1.53,34.27,1.16,0.64,0,30.47,0,9.0,99.0,23.08,Low,2,1,0,0,1.186609517576992
26,37467.07,5.9,58.0,3.2,2.62,2.96,1.21,3.02,5.98,0.4,20.74,2.36,1.22,1,42.23,0,20.0,81.0,18.73,Moderate,1,0,0,1,1.4881353409940101
26,27437.77,4.67,86.0,2.55,1.37,1.35,1.88,1.89,6.95,1.83,41.66,1.26,1.09,0,31.56,0,8.0,100.0,23.43,Moderate,3,1,0,0,1.1284794157431657
31,19752.06,1.79,91.0,3.43,1.08,3.82,1.82,2.34,6.9,0.43,78.05,2.0,0.72,1,17.89,1,17.0,64.0,58.71,High,2,1,0,1,3.0
32,50161.56,7.39,95.0,1.91,3.49,2.5,1.6,2.53,7.58,1.55,84.39,1.23,0.33,1,36.43,1,18.0,60.0,17.1,High,-1,0,1,1,1.069012033963189
23,15570.83,3.52,100.0,3.09,2.98,2.78,1.27,3.39,6.63,0.87,57.21,1.48,1.78,0,28.2,1,14.0,107.0,21.4,High,1,0,1,0,2.514203831192093
21,47156.55,6.77,108.0,2.25,2.15,2.4,2.13,2.7,4.56,0.31,83.93,0.88,1.15,1,32.76,0,9.0,107.0,76.74,High,-1,0,1,1,1.0044311662583212
23,31348.015,5.04,67.0,1.04,2.82,2.18,0.94,3.03,5.74,0.78,21.24,2.86,0.48,1,21.57,0,13.0,31.0,9.31,High,2,0,1,0,1.1984124606324482
32,20669.06,6.68,148.0,1.65,3.37,2.49,1.11,0.74,6.97,0.79,16.23,0.95,1.76,0,5.74,0,11.0,103.0,99.93,High,-1,0,0,1,1.124251328704891
34,23099.82,7.42,50.0,1.43,1.4,1.34,1.53,2.19,6.43,1.97,4.47,2.63,1.14,1,31.6,0,13.0,115.0,48.82,Low,1,1,0,1,0.5619945334239174
28,5902.44,4.27,48.0,2.02,0.53,3.36,1.18,0.71,5.22,0.9,56.48,0.91,0.58,1,44.93,0,8.0,80.0,80.83,Low,2,0,1,1,1.384074617312736
18,18993.23,3.47,72.0,1.15,3.36,2.57,1.94,4.28,5.78,2.03,10.84,1.24,0.9,1,19.21,0,10.0,87.0,47.18,Low,1,0,1,1,2.0403452333299037
23,30673.21,6.05,71.0,2.86,2.03,1.18,1.32,2.24,6.63,0.71,8.27,1.42,0.49,0,19.27,1,16.0,111.0,67.03,Low,-1,0,1,1,1.0033056192883274
22,31348.015,4.48,101.0,1.28,1.67,2.56,1.63,5.26,5.56,1.07,80.36,1.39,1.17,1,6.18,0,19.0,148.0,83.4,Low,1,1,0,0,1.2299104397521339
29,39515.78,4.48,97.0,1.32,3.52,1.01,1.89,3.46,6.29,0.4,0.04,0.97,0.55,0,53.94,0,16.0,120.0,10.05,Moderate,0,1,0,1,1.3058032799546249
20,12205.07,5.43,112.0,2.58,0.63,2.61,1.43,2.19,6.17,0.09,68.02,2.51,0.81,1,30.52,0,17.0,83.0,18.45,Low,3,0,1,0,1.071823007030754
28,20194.31,8.55,72.0,3.67,1.99,1.33,1.68,2.29,5.14,0.75,61.16,1.72,1.38,1,17.82,0,20.0,70.0,18.4,Low,0,1,0,0,0.8175437640299692
30,31348.015,5.79,85.0,2.3,1.84,2.58,2.24,1.69,6.17,1.1,79.13,1.83,1.12,0,23.57,1,13.0,95.0,83.97,Low,2,0,1,1,1.160621561205257
33,17864.59,7.33,81.0,2.1,2.79,1.35,2.45,2.06,4.95,0.33,55.7,0.9,0.09,0,26.57,1,14.0,138.0,8.52,High,0,1,0,0,0.8512959275176089
25,36770.93,4.6,103.0,1.99,1.9,2.2,1.31,2.02,7.72,1.38,44.92,2.3,0.58,0,13.9,0,12.0,87.0,73.98,Moderate,-1,0,1,0,1.32391275567114
21,3503.47,3.49,98.0,1.57,0.07,2.98,0.95,2.17,6.11,0.54,64.74,3.24,1.17,1,14.74,1,11.0,151.0,28.38,Low,1,0,0,1,1.323781855649898
32,26383.22,6.46,91.0,0.82,1.67,1.69,1.73,2.22,6.85,0.7,49.65,1.66,0.77,0,15.05,1,9.0,113.0,72.13,High,3,0,0,1,0.6470587233655226
22,38122.85,7.11,32.0,1.19,0.27,2.53,1.01,1.59,5.72,1.1,92.88,1.42,1.06,1,23.36,0,14.0,112.0,27.0,Low,2,0,1,0,0.5611813556706954
35,13021.78,6.61,94.0,2.1,1.61,0.32,1.99,2.49,5.56,0.57,12.01,2.51,1.06,1,28.4,0,14.0,128.0,47.62,High,3,0,1,0,0.6096822073098023
25,46588.45,9.98,63.0,1.23,0.99,2.38,1.99,2.18,6.77,1.43,80.98,2.1,0.56,1,40.11,0,11.0,93.0,70.56,High,2,0,0,0,0.46092179750282586
18,46995.24,7.01,78.0,1.44,2.51,1.34,1.75,0.09,6.63,1.54,34.04,1.48,0.5,1,38.82,1,19.0,111.0,87.76,Moderate,2,0,0,0,0.7546361263001247
28,61771.09,4.09,63.0,2.26,2.67,2.75,0.72,2.92,5.69,1.09,84.49,1.52,2.06,1,43.39,0,20.0,117.0,12.33,Moderate,3,1,0,0,1.877750152139327
25,2149.33,7.07,48.0,4.92,1.54,2.28,1.57,4.07,6.43,1.19,50.57,2.34,0.12,1,7.74,1,8.0,115.0,91.83,High,1,0,0,1,1.2362091603664553
29,5672.18,2.1,87.0,0.58,2.27,1.82,2.05,2.52,5.78,0.87,60.78,2.3,0.73,0,33.4,0,20.0,43.0,48.92,High,3,1,0,0,2.2238084648531116
29,942.24,5.38,95.0,1.99,1.61,4.93,1.19,1.16,5.98,0.16,94.75,2.33,1.01,0,41.02,1,16.0,82.0,90.79,Low,2,1,0,1,1.5855015640331664
27,18396.34,6.54,93.0,1.35,1.61,2.43,0.55,1.84,8.38,1.0,1.43,1.24,0.81,0,10.12,0,13.0,75.0,67.05,Moderate,1,0,0,1,0.8241588953885481
20,43111.01,3.1,62.0,2.09,1.01,1.83,1.32,2.62,5.85,0.35,52.28,1.29,0.95,0,21.52,1,16.0,100.0,17.96,High,0,1,0,1,1.5903220676380425
32,8883.06,8.28,62.0,2.8,0.18,3.43,0.57,0.28,6.43,0.17,96.1,2.11,1.75,0,13.74,0,12.0,54.0,1.65,High,1,1,0,0,0.774154495875061
29,13439.78,6.43,50.0,2.56,1.66,1.58,1.14,2.41,7.99,0.98,30.06,1.37,0.41,1,24.81,0,14.0,91.0,80.33,Moderate,2,1,0,1,0.9020216326560446
34,20795.4,8.82,64.0,1.68,3.04,3.87,1.77,1.75,6.43,0.98,31.95,1.9,0.63,0,33.7,1,15.0,48.0,96.75,High,2,0,1,0,0.9739227920722459
26,41416.62,3.79,83.0,0.47,0.51,1.36,1.2,3.98,5.84,0.7,22.74,2.45,1.02,0,14.45,1,11.0,80.0,84.66,High,-1,1,0,0,0.617414085115017
26,48278.83,3.87,67.0,3.28,2.14,1.85,1.45,1.63,7.32,1.02,25.31,0.62,1.4,1,27.42,1,18.0,117.0,21.24,Moderate,3,0,0,0,1.878552486162148
33,23891.17,5.47,73.0,2.7,2.79,1.05,1.66,0.93,8.2,1.16,23.92,0.44,0.09,0,34.56,1,13.0,83.0,52.05,Low,-1,1,0,0,1.1956122128679685
35,24502.9,6.48,97.0,2.63,2.1,0.43,0.96,1.17,5.63,0.73,27.89,1.48,0.57,1,31.34,0,16.0,62.0,3.48,Moderate,-1,1,0,1,0.7962961734110843
31,32638.54,5.98,60.0,0.68,0.1,1.42,0.98,4.44,5.46,0.92,8.64,1.86,1.28,1,19.57,1,10.0,40.0,58.54,Moderate,-1,1,0,1,0.3678929150680744
30,54029.23,4.71,23.0,2.04,2.7,3.66,1.3,1.12,7.24,1.17,16.93,0.31,1.69,1,21.53,0,17.0,126.0,62.49,Low,1,1,0,1,1.783439111796367
22,33629.85,5.91,79.0,2.94,1.95,2.79,2.0,1.96,4.31,0.66,35.33,1.64,1.62,1,26.05,0,16.0,83.0,70.45,High,0,0,1,1,1.2994921659065708
20,36507.44,6.71,92.0,0.85,1.15,4.4,1.38,1.28,5.67,1.03,24.33,1.01,0.2,0,39.48,1,12.0,88.0,72.54,High,2,0,1,1,0.9538001559165192
30,60170.43,2.91,13.0,0.95,1.3,2.67,2.12,1.72,6.76,1.45,81.55,2.87,0.81,0,10.34,1,16.0,71.0,36.24,High,0,1,0,1,1.6907210684807323
31,33010.54,8.07,72.0,1.84,1.24,2.51,1.63,1.23,5.06,1.46,35.92,0.49,1.13,1,25.42,0,9.0,54.0,52.71,Moderate,0,0,0,1,0.6926888856643264
19,41260.56,5.98,67.0,1.96,2.14,1.08,1.77,3.34,6.84,1.72,79.18,2.96,0.28,1,34.08,0,16.0,121.0,29.05,Low,-1,0,0,1,0.8662205909330114
28,54023.67,4.29,79.0,2.07,1.61,2.36,1.35,2.0149999999999997,5.04,1.15,18.05,2.04,0.13,1,22.02,1,14.0,102.0,80.73,High,3,0,0,1,1.4079250797377434
19,35505.96,6.43,61.0,2.18,1.61,3.39,1.64,4.21,5.33,1.25,10.45,2.85,0.35,0,29.16,1,18.0,130.0,51.68,High,2,0,0,0,1.1166405728397242
30,24138.27,6.14,115.0,2.72,2.43,2.02,1.44,2.45,7.44,1.7,96.65,2.7,0.9,0,10.63,1,12.0,45.0,47.46,Low,1,0,1,1,1.1677522528090793
31,39748.31,5.83,82.0,2.58,0.63,1.3,2.5,3.3,7.24,1.47,49.09,2.57,0.96,0,23.27,0,15.0,79.0,9.84,High,-1,0,0,0,0.7735847729700217
19,27778.67,5.56,120.0,1.49,3.04,0.76,1.47,3.34,6.33,1.74,92.1,2.11,0.57,0,21.75,1,18.0,69.0,47.25,Low,0,1,0,1,0.951438677798799
28,29162.35,4.18,67.0,1.04,2.18,2.06,2.36,2.2,7.13,0.98,36.61,0.77,0.85,0,22.02,0,8.0,109.0,99.13,Low,1,1,0,0,1.2631575925460305
22,55396.56,3.82,62.0,0.52,1.0,1.75,1.21,1.68,5.48,0.09,89.55,2.59,1.13,1,23.96,1,10.0,75.0,14.01,High,1,0,0,1,0.8560207183191837
26,32382.66,7.54,104.0,1.72,2.63,3.17,1.84,3.39,7.17,0.54,81.93,2.55,0.81,0,24.89,1,11.0,106.0,55.49,High,-1,0,1,0,0.9973473478319167
26,26215.29,9.16,87.0,0.84,1.55,2.73,1.91,2.4,6.52,1.23,63.33,2.18,1.04,0,26.18,1,8.0,118.0,70.43,Low,1,0,1,0,0.558951904044552
21,29121.84,6.26,87.0,2.06,1.38,2.04,1.01,1.62,5.32,1.28,77.24,1.66,0.01,1,45.41,1,11.0,108.0,93.03,High,3,0,1,0,0.8753992211822331
34,25757.22,6.06,88.0,1.03,1.84,1.2,2.29,1.38,4.9,1.32,81.0,0.04,0.58,0,24.59,1,11.0,98.0,89.25,High,1,0,0,1,0.6716170508882755
18,21467.55,10.13,81.0,3.12,1.03,1.12,2.2,1.46,7.04,1.27,5.52,0.68,1.2,1,41.63,1,11.0,125.0,99.88,High,3,0,1,0,0.5202368686834286
31,29690.78,10.85,97.0,1.18,1.73,2.44,1.54,2.72,5.16,1.03,3.51,1.81,0.61,0,43.52,0,16.0,125.0,80.02,Low,3,1,0,0,0.493087512157833
33,49755.71,4.87,11.0,3.25,2.69,0.77,0.61,2.27,7.71,1.03,0.05,1.48,1.51,1,31.9,1,9.0,47.0,2.99,Moderate,3,1,0,1,1.37782312570367
24,31987.63,6.86,52.0,2.58,1.36,2.085,0.67,1.41,6.84,0.85,99.69,1.18,0.31,1,41.81,0,15.0,111.0,99.41,High,0,0,1,1,0.8782797553528053
28,19753.22,6.43,43.0,1.27,2.26,2.57,1.11,3.37,7.96,0.82,19.02,1.28,0.07,1,11.0,1,8.0,99.0,81.6,Moderate,2,1,0,1,0.9486779240003228
31,25084.03,4.99,88.0,2.26,1.61,1.74,1.72,2.16,7.4,1.36,92.75,1.66,0.21,1,40.23,1,14.0,133.0,91.38,High,2,1,0,0,1.1242482716937332
32,35405.59,9.37,94.0,3.91,0.52,1.72,2.63,2.4,7.52,1.39,74.06,1.43,1.12,1,17.89,0,12.0,142.0,25.41,High,-1,1,0,0,0.6563499833137691
22,39847.78,8.44,104.0,2.02,1.76,0.12,1.89,1.73,6.1,1.32,48.89,0.99,1.15,1,22.66,1,12.0,70.0,32.09,High,0,0,0,0,0.46208525330743455
32,30747.02,6.74,52.0,1.99,3.25,1.68,1.32,3.24,6.27,0.7,45.1,1.85,1.06,0,24.5,1,10.0,102.0,66.79,High,-1,0,0,0,1.026706079123727
25,59149.07,4.29,84.0,2.25,0.54,0.36,0.99,1.57,7.35,1.19,57.08,2.35,0.8,0,29.06,0,13.0,65.0,68.7,Low,3,0,1,1,0.7342655631082603
25,19031.72,4.32,119.0,2.36,1.61,2.95,1.38,2.02,5.97,0.43,72.65,1.05,0.81,0,7.46,0,20.0,115.0,30.7,High,2,1,0,1,1.6018514810528977
23,15221.85,10.86,83.0,1.63,1.41,3.03,1.54,1.96,6.22,0.99,17.11,2.9,1.18,0,32.57,1,17.0,68.0,33.22,Moderate,0,1,0,1,0.5589318085698152
34,30875.75,5.81,65.0,0.41,1.29,1.19,1.53,3.28,5.73,1.22,9.63,2.75,1.58,1,12.68,0,12.0,101.0,22.03,High,2,0,1,0,0.49741815879205525
33,37558.98,6.6,85.0,1.49,0.14,2.9,0.84,1.76,6.79,2.08,88.92,0.28,0.81,1,18.25,0,17.0,103.0,43.54,Low,-1,0,0,0,0.6863635323691617
32,52683.29,4.49,20.0,1.77,0.82,1.35,1.09,1.67,7.85,0.85,52.86,1.48,0.87,0,21.37,1,15.0,107.0,86.8,Moderate,3,0,0,0,0.8775053724932355
31,31259.0,6.68,87.0,4.09,0.96,0.93,1.81,2.86,7.8,1.48,6.95,1.51,0.84,1,26.15,0,15.0,110.0,90.91,Low,1,0,0,0,0.8952094468249331
33,27998.57,8.09,110.0,1.7,0.7,2.085,1.19,1.75,8.17,0.48,35.87,1.9,0.72,1,24.96,1,8.0,146.0,13.82,High,2,0,1,0,0.5543880649705729
22,60401.61,7.34,32.0,2.67,1.37,3.59,0.72,2.03,5.93,1.12,15.64,1.77,1.49,1,22.26,0,15.0,112.0,79.88,Moderate,2,0,0,0,1.0395093951622076
24,31348.015,8.71,92.0,1.3,1.61,0.86,1.45,1.02,7.48,0.93,87.45,1.91,0.25,0,22.76,0,16.0,117.0,70.04,Low,2,1,0,1,0.432835771201404
33,11999.51,2.19,34.0,3.12,0.17,1.14,1.81,2.9,6.72,0.46,0.24,2.87,0.22,0,13.43,1,12.0,96.0,49.24,High,-1,1,0,1,2.022830126561586
28,17531.08,8.64,33.0,3.53,1.61,2.77,1.66,4.98,9.84,0.93,11.53,2.42,0.52,1,26.35,0,14.0,145.0,69.6,Low,1,1,0,0,0.9155091532975518
23,17445.75,6.06,104.0,0.91,1.61,2.15,1.63,2.46,6.35,1.15,47.41,1.09,1.39,0,25.61,0,15.0,111.0,6.04,Moderate,-1,1,0,1,0.7706269355401096
25,16399.54,6.75,90.0,2.1,1.56,2.4,1.27,1.07,8.02,1.24,9.9,-0.0,0.02,1,28.19,1,14.0,162.0,8.19,High,0,1,0,1,0.8977776447736823
23,46035.34,7.4,61.0,1.12,1.82,3.17,1.17,1.49,5.95,0.53,43.12,1.69,0.19,0,12.29,0,11.0,54.0,7.06,High,3,1,0,0,0.8256755640978968
32,39144.46,6.99,85.0,2.59,1.04,0.14,1.46,2.51,6.72,1.14,80.82,1.74,0.33,1,27.2,0,16.0,122.0,82.39,High,3,1,0,0,0.539341839865259
28,28411.9,6.06,137.0,2.03,2.87,3.32,1.36,1.55,5.78,0.68,57.66,2.17,0.81,1,13.23,0,17.0,112.0,60.46,High,2,1,0,0,1.356435419730129
29,45000.44,5.12,58.0,2.02,1.61,2.81,1.46,1.46,6.31,1.75,66.42,0.27,0.64,1,24.85,1,8.0,165.0,78.43,High,-1,0,0,0,1.257812254333544
22,45800.24,6.48,104.0,2.98,2.36,2.13,1.76,1.13,6.45,1.04,44.51,1.54,0.39,1,17.73,1,16.0,105.0,51.81,Low,3,0,1,0,1.1527775998799998
32,11762.25,10.41,57.0,1.16,2.22,2.39,1.78,3.38,7.04,1.06,16.23,1.3,0.52,0,30.31,1,11.0,95.0,47.12,Moderate,-1,0,0,1,0.5542746825864858
34,41334.21,8.82,95.0,0.55,0.44,2.17,2.35,2.0149999999999997,5.98,0.42,39.91,1.2,0.97,1,21.5,0,14.0,37.0,78.85,High,0,0,1,0,0.35827660336999967
20,40741.33,7.69,69.0,3.37,0.44,3.2,1.72,2.74,6.38,0.63,38.0,1.13,0.46,1,38.22,1,11.0,164.0,21.69,Moderate,-1,0,1,0,0.9115733535015144
24,25344.16,4.05,106.0,2.73,0.51,1.54,1.42,1.45,5.75,0.42,72.41,2.28,1.53,1,39.37,0,12.0,57.0,77.09,Low,-1,0,1,1,1.180246622161328
26,21638.85,7.81,111.0,2.42,1.53,0.42,1.35,2.6,6.21,1.13,41.61,1.41,0.73,0,24.7,1,20.0,174.0,16.9,High,2,1,0,0,0.5595389808528834
22,34445.55,4.94,102.0,2.97,1.87,2.41,0.8,1.28,7.06,1.39,15.88,2.09,1.47,0,44.52,1,15.0,72.0,74.27,Low,-1,0,0,1,1.4676110389451336
30,40840.78,7.0,93.0,2.64,3.85,2.3,1.35,0.4,7.44,0.83,93.02,1.63,1.42,0,26.4,0,19.0,132.0,49.95,Moderate,-1,0,0,1,1.255714106326556
28,38796.37,5.84,52.0,2.38,1.61,1.62,1.03,2.12,6.22,0.92,31.48,2.16,0.61,0,23.24,0,17.0,68.0,89.44,High,-1,0,0,0,0.9606162738670765
35,22074.23,8.99,107.0,1.76,1.45,1.58,1.51,2.69,7.1,1.03,75.98,0.42,0.42,0,31.46,1,12.0,94.0,33.5,Low,1,0,0,1,0.532814178774841
25,45093.63,3.43,79.0,3.44,0.2,0.73,1.67,2.29,5.45,0.82,48.15,1.34,0.81,1,37.01,1,11.0,64.0,98.39,High,1,1,0,0,1.2740521066903479
35,39831.71,5.06,92.0,1.64,2.96,2.97,1.89,1.94,5.72,1.35,10.68,1.33,0.83,1,18.81,1,16.0,109.0,3.83,High,-1,0,1,0,1.4960471351685505
18,25348.4,6.98,68.0,0.52,2.81,1.04,0.5,0.96,4.31,0.7,15.77,2.3,0.82,0,37.38,1,13.0,95.0,6.53,Moderate,0,1,0,1,0.6260744088718612
21,19756.22,7.12,99.0,2.84,0.24,2.44,0.45,1.32,7.12,0.77,13.2,1.78,1.07,1,27.15,1,8.0,71.0,11.44,High,-1,0,0,0,0.775280789988653
23,39959.11,7.62,88.0,2.21,0.95,2.81,0.97,2.03,6.07,1.21,0.64,1.26,0.77,0,26.95,1,15.0,129.0,97.76,Moderate,0,0,1,0,0.7834644641122751
27,27484.49,7.67,98.0,3.82,1.89,1.99,2.15,3.02,8.26,1.63,51.32,1.48,0.4,1,11.18,1,19.0,50.0,51.31,Moderate,1,1,0,1,1.003911212006361
21,33921.28,3.03,71.0,1.61,1.59,1.69,0.36,2.61,7.75,1.03,25.52,0.1,0.86,0,25.24,1,15.0,37.0,22.86,Moderate,1,0,0,1,1.6138608535112697
25,49811.87,9.78,117.0,2.32,0.97,2.17,0.42,2.72,5.99,1.35,32.79,2.58,0.65,1,38.83,0,16.0,122.0,40.17,Low,1,1,0,1,0.5582821515048926
25,21119.33,5.36,90.0,1.78,1.6,2.9,1.23,3.74,6.1,0.42,60.45,1.72,0.9,0,27.59,0,12.0,113.0,72.91,High,-1,0,1,1,1.1716415724549303
25,31348.015,8.8,58.0,0.99,1.24,1.85,0.49,1.23,5.2,1.56,74.42,1.89,0.87,0,19.97,0,14.0,148.0,94.51,High,3,0,1,0,0.46363631095041924
30,13103.0,2.97,54.0,1.98,2.43,1.45,1.6,2.12,7.0,2.08,85.97,0.83,0.25,0,38.61,0,16.0,109.0,3.99,High,0,0,1,1,1.9730633087328926
30,18511.5,5.34,88.0,1.62,3.4,3.72,1.48,3.4,7.14,0.4,35.98,0.55,1.44,1,27.65,0,15.0,79.0,33.08,Low,-1,0,0,0,1.6367038133513458
30,34520.6,5.69,107.0,2.97,0.11,2.68,0.65,3.06,5.93,1.48,15.77,1.62,1.18,1,33.42,1,8.0,98.0,85.79,Moderate,1,0,1,0,1.0123021068010356
20,24674.62,7.19,59.0,0.8,0.92,2.6,0.77,1.27,7.64,0.64,42.53,0.9,1.21,1,15.94,1,19.0,88.0,32.05,High,1,1,0,1,0.6008344087852004
34,26069.04,4.19,83.0,3.98,1.12,1.84,1.82,1.54,7.05,0.89,11.61,1.66,0.56,1,30.84,1,11.0,118.0,60.51,High,-1,1,0,0,1.6563241870348
25,70669.79,6.3,87.0,2.58,3.38,3.63,1.58,0.84,6.78,0.88,55.8,2.54,1.12,0,24.39,1,10.0,91.0,20.19,Low,-1,1,0,0,1.5222219805996855
26,13702.59,6.82,87.0,1.36,1.73,1.63,1.86,0.85,5.93,0.44,23.79,1.48,0.38,1,19.75,0,19.0,135.0,93.99,High,0,0,1,0,0.6920820099586494
19,41112.55,5.31,96.0,1.58,1.72,0.45,1.3,1.74,4.17,0.96,14.57,1.67,1.24,0,29.01,1,14.0,165.0,51.28,Moderate,3,1,0,1,0.7062145562684452
32,18877.9,2.21,55.0,0.49,0.37,2.09,1.61,3.47,6.74,0.72,54.05,2.62,0.88,0,17.03,0,14.0,69.0,13.39,Low,1,1,0,1,1.334841024958812
19,66405.96,6.74,87.0,2.65,2.01,2.06,1.61,0.93,6.11,1.4,70.03,0.75,0.71,0,39.61,1,12.0,87.0,34.5,High,1,0,0,1,0.9970324930218853
18,26606.95,5.79,47.0,1.05,2.48,2.4,1.55,1.05,4.88,1.5,9.24,1.55,0.35,1,37.41,1,13.0,36.0,62.09,Low,1,1,0,1,1.024179443146901
33,29670.68,5.05,53.0,2.02,1.72,2.55,1.91,2.0,5.76,1.39,55.37,1.94,0.81,1,19.76,1,18.0,102.0,38.82,High,1,0,0,0,1.2455443078130084
23,14537.66,5.15,71.0,3.04,0.53,2.4,0.88,1.78,5.68,1.31,51.04,1.21,0.23,0,21.4,0,14.0,129.0,87.64,Moderate,-1,0,1,1,1.1592230758790143
29,9931.03,5.09,70.0,1.23,1.82,4.02,1.49,3.2,6.1,1.24,13.95,1.49,1.24,0,7.4,0,8.0,84.0,78.76,High,-1,0,0,0,1.3889977624758816
29,43334.41,6.14,71.0,1.36,1.94,0.49,1.14,4.08,6.55,1.82,44.31,1.27,1.77,1,21.93,0,18.0,90.0,65.47,High,0,1,0,1,0.6172637431166542
18,46652.48,5.72,60.0,0.86,2.39,0.8,1.31,2.74,6.56,1.6,64.25,1.33,1.64,0,23.59,1,9.0,132.0,68.14,High,-1,0,0,0,0.7080418342584206
25,25826.51,4.1,76.0,2.86,1.96,1.6,0.62,2.0149999999999997,6.68,1.41,75.58,1.53,0.23,1,40.57,1,12.0,142.0,16.09,Moderate,-1,1,0,1,1.5658532766211521
27,21614.69,8.15,52.0,3.05,0.75,2.86,2.15,3.15,5.44,0.84,99.41,0.85,0.72,0,31.14,0,20.0,56.0,0.7,Moderate,1,0,0,1,0.8171778138432131
32,16862.73,5.93,65.0,2.05,1.1,1.51,1.23,1.58,6.43,1.32,87.07,1.48,0.43,1,24.01,0,18.0,49.0,46.74,High,2,0,1,1,0.7858346060987174
23,41218.21,7.28,111.0,1.57,1.19,3.05,2.32,1.68,5.54,1.19,97.07,0.73,1.59,0,31.01,0,18.0,69.0,56.39,High,2,0,1,0,0.798076813450987
23,29200.17,1.33,60.0,2.98,0.92,2.35,1.8,0.84,5.94,1.14,28.25,1.72,0.77,0,20.92,1,11.0,134.0,62.12,Low,-1,1,0,0,3.0
26,33313.05,4.45,31.0,4.47,1.94,3.87,2.0,3.45,3.63,0.73,69.37,1.93,0.16,1,31.99,1,19.0,121.0,22.1,High,2,0,1,0,2.3101118404243057
25,12862.18,6.74,101.0,1.31,3.29,3.31,2.6,1.29,5.9,1.03,50.05,1.74,0.57,0,32.69,1,10.0,95.0,20.53,High,0,0,1,0,1.173590330327844
30,12881.81,6.97,61.0,3.32,3.14,1.08,2.04,2.48,8.67,1.44,20.79,2.41,0.74,1,7.16,0,8.0,87.0,21.93,Moderate,0,0,0,0,1.0817788978796417
21,24525.94,4.77,75.0,2.17,0.45,3.07,2.66,2.63,6.51,1.06,56.69,1.39,0.87,0,42.94,0,9.0,99.0,16.41,High,0,1,0,0,1.1928718673224596
35,242.4,5.5,57.0,1.33,2.2,0.3,1.96,1.86,7.69,1.15,77.39,1.75,0.99,0,24.884999999999998,0,10.0,97.0,91.1,High,0,0,0,0,0.6963635097520892
19,34768.23,6.08,48.0,2.39,2.84,2.04,0.75,0.74,5.43,1.23,51.49,1.48,0.25,0,23.4,1,17.0,133.0,12.85,Moderate,-1,0,1,0,1.195723487545479
29,42905.37,7.98,100.0,0.79,1.48,1.27,1.15,2.3,8.28,0.9,1.74,0.9,1.03,0,18.62,1,12.0,53.0,74.35,High,2,0,0,0,0.4436089669662948
33,23459.67,5.89,94.0,0.94,0.04,3.26,1.84,2.58,7.68,1.89,33.82,1.54,0.45,1,31.03,0,14.0,75.0,8.04,High,3,0,0,0,0.7198640543524526
31,23998.31,3.51,55.0,1.96,2.0,3.05,2.12,1.6,6.36,0.68,69.84,1.31,1.51,1,22.69,0,8.0,103.0,81.99,Moderate,3,1,0,0,1.9971504281622712
19,43824.45,4.05,98.0,1.63,2.05,0.17,1.38,3.93,5.86,1.64,18.49,1.19,1.23,1,27.07,1,8.0,148.0,75.61,High,-1,0,1,1,0.9506170492303582
25,39701.98,9.55,86.0,1.56,1.22,2.65,1.94,0.6,4.99,0.78,52.13,1.74,0.94,1,18.82,1,19.0,95.0,2.93,High,2,1,0,0,0.5685863278967196
31,8683.17,5.05,89.0,0.28,0.71,2.3,1.94,1.03,5.16,0.33,51.2,1.13,0.26,1,15.62,0,11.0,121.0,47.7,High,-1,1,0,1,0.6514850195079169
34,6286.89,6.29,129.0,1.59,0.8,3.97,1.41,0.26,7.76,0.16,31.86,1.19,0.7,0,21.15,1,18.0,132.0,43.18,Low,-1,1,0,1,1.011128615082891
27,39337.56,6.11,50.0,2.89,1.73,1.68,1.38,3.26,7.7,1.05,3.82,0.93,1.27,1,25.76,0,19.0,85.0,80.75,Moderate,-1,1,0,1,1.0310963942559093
20,42357.28,7.57,83.0,2.47,1.69,2.78,1.72,3.03,5.32,0.87,72.47,1.83,0.47,1,29.85,0,8.0,54.0,59.98,Low,1,1,0,1,0.9167766292236948
21,21365.59,3.76,88.0,0.94,1.2,1.77,0.28,2.21,5.77,1.18,98.55,1.21,0.72,1,25.78,0,16.0,74.0,57.38,High,0,0,1,1,1.0398933404538988
35,19086.57,4.65,112.0,1.14,1.61,0.6,1.68,0.81,6.62,1.03,38.36,1.26,0.81,0,29.65,0,15.0,108.0,83.53,Moderate,2,0,1,0,0.7204299525957091
26,20395.02,7.93,106.0,2.38,1.19,2.33,1.46,2.37,5.84,0.36,76.23,1.24,0.96,0,38.25,1,13.0,125.0,7.18,Moderate,3,0,0,1,0.7440099944501899
23,22732.93,10.63,74.0,5.05,2.19,3.11,1.56,2.08,8.1,1.11,1.34,2.55,0.31,0,22.83,0,20.0,15.0,37.47,High,2,1,0,1,0.9736593627789875
34,37995.86,9.54,17.0,2.52,0.33,2.085,1.37,0.03,6.6,0.7,57.61,1.39,1.07,1,14.57,1,9.0,78.0,23.42,High,-1,0,0,0,0.5172955432604254
22,44760.68,6.16,119.0,2.29,1.61,1.25,2.21,3.1,4.47,0.83,50.75,0.43,0.17,0,26.35,0,16.0,125.0,41.37,Moderate,0,0,0,1,0.8360388253183725
19,9328.64,3.77,104.0,3.01,1.06,2.13,1.47,3.54,4.71,1.32,93.09,0.85,0.81,1,22.08,1,10.0,121.0,38.35,High,1,1,0,0,1.6445618979941914
28,31765.27,4.33,60.0,1.26,1.51,2.3,1.12,0.95,6.99,0.84,49.58,1.37,0.4,1,38.72,1,19.0,115.0,10.32,High,3,0,1,1,1.1709004224248447
18,14242.98,3.82,93.0,1.19,1.95,2.16,0.84,2.06,7.67,0.9,6.42,1.25,0.5,0,15.79,1,15.0,110.0,10.67,High,0,0,0,1,1.387434191771154
35,34696.38,6.5,96.0,2.18,2.47,2.89,2.34,2.07,6.91,0.84,22.64,2.9,1.17,1,27.53,1,20.0,71.0,58.56,High,0,0,0,0,1.159999821538489
26,35800.94,6.54,90.0,3.41,2.03,2.67,1.73,1.82,7.22,0.19,75.27,1.74,0.16,0,22.44,0,12.0,88.0,33.65,High,1,1,0,1,1.2400609724677412
28,29283.43,3.9,62.0,0.28,1.01,3.95,1.7,0.62,6.9,0.97,38.81,0.23,0.73,0,25.82,1,11.0,125.0,86.36,High,2,1,0,1,1.3435893990796413
27,17494.43,3.42,46.0,4.7,1.0,2.22,1.6,1.7,5.2,0.34,13.83,1.53,0.81,0,41.75,0,9.0,60.0,86.8,High,2,0,1,1,2.3157887965529835
22,24952.96,7.18,95.0,2.89,3.09,1.08,1.85,1.22,5.92,1.52,57.22,1.74,1.39,1,18.73,0,13.0,112.0,86.84,High,3,1,0,0,0.9832867711299762
28,976.97,7.65,86.0,2.62,1.19,1.32,1.51,3.46,6.46,1.16,7.15,0.56,0.64,1,15.2,1,14.0,148.0,5.62,Moderate,1,0,1,0,0.6705881476355362
33,24405.38,10.01,79.0,0.22,1.52,2.05,1.16,1.57,5.24,0.71,89.1,1.93,0.66,0,18.39,1,15.0,141.0,10.06,High,2,0,0,1,0.3786213407970689
35,19845.28,5.86,101.0,0.75,1.78,2.23,1.58,3.69,7.15,1.18,61.18,1.27,1.13,0,29.64,1,20.0,77.0,40.58,Low,3,0,1,0,0.8122865508043428
29,42824.87,1.75,85.0,3.55,2.45,2.41,0.93,2.04,6.23,0.37,55.86,1.27,2.1,0,31.85,0,14.0,105.0,49.33,Low,0,1,0,0,3.0
28,20174.81,9.83,70.0,2.07,2.46,3.33,1.56,1.75,7.6,1.19,2.51,0.75,0.78,0,29.25,1,17.0,123.0,94.75,High,0,0,1,0,0.7995930010586978
23,24876.17,10.8,120.0,1.71,2.19,0.75,0.75,2.94,7.9,0.96,32.41,1.85,0.21,1,23.64,0,18.0,112.0,42.78,High,3,1,0,0,0.4305555156893041
35,39881.87,4.98,82.0,3.67,2.29,1.59,2.43,1.1,7.9,0.9,88.68,0.81,0.5,1,22.85,1,12.0,106.0,72.45,Low,1,0,0,0,1.5160639525975996
28,18191.46,6.18,91.0,3.35,2.26,3.31,1.89,1.8,7.38,1.2,71.58,2.01,0.75,1,24.61,1,10.0,117.0,50.31,High,2,0,1,1,1.4433654622385983
24,33956.43,4.1,106.0,2.58,0.79,2.93,1.38,0.42,5.82,1.66,84.28,1.21,1.18,1,23.58,1,19.0,98.0,72.03,Low,2,1,0,1,1.5365849910768317
35,31348.015,3.07,45.0,1.01,1.5,3.02,1.4,2.78,6.88,0.53,72.42,1.47,0.51,1,22.52,0,18.0,76.0,74.53,Moderate,2,0,0,0,1.8013023448526562
23,22798.26,4.09,66.0,2.5,0.73,1.56,2.12,1.11,6.4,1.1,38.62,0.91,0.81,0,0.85,1,8.0,138.0,74.31,Low,2,0,1,0,1.1711488579098146
22,20365.51,3.95,56.0,1.3,1.43,1.51,1.1,2.86,6.75,0.94,28.52,1.21,1.34,0,17.63,1,11.0,80.0,15.92,High,0,1,0,0,1.0734174497677342
24,14751.64,8.76,73.0,3.08,0.71,2.89,1.99,1.39,6.95,0.59,79.43,0.55,0.7,0,19.79,1,20.0,115.0,96.09,High,1,1,0,0,0.762556990575686
30,29141.88,2.62,68.0,1.04,1.65,2.33,2.56,1.63,6.28,0.82,54.66,1.89,1.0,0,13.57,0,13.0,77.0,94.43,High,3,1,0,0,1.9160298030420595
29,34558.24,5.24,97.0,2.59,2.34,1.65,1.63,2.0149999999999997,6.08,0.4,89.95,1.17,1.09,1,24.73,0,9.0,169.0,39.53,High,3,1,0,0,1.2557249511975284
27,33486.5,5.72,77.0,1.13,1.05,0.79,1.04,1.13,6.63,2.08,63.53,0.92,0.97,0,35.07,0,13.0,73.0,0.36,High,0,1,0,0,0.5192306784561751
26,29319.67,7.48,71.0,1.76,0.72,2.2,2.13,2.78,7.39,1.03,55.7,2.32,0.96,0,22.22,1,19.0,72.0,93.86,Low,0,0,1,0,0.6256683655523575
32,38063.57,5.35,89.0,2.59,1.61,3.45,1.6,1.31,7.11,1.82,40.09,1.43,0.83,1,25.44,0,8.0,129.0,5.87,Low,0,0,0,0,1.429906274783874
32,38449.92,6.88,61.0,0.89,1.47,1.42,1.72,1.01,9.05,0.88,71.38,1.48,1.09,1,24.18,1,12.0,76.0,56.87,High,3,1,0,1,0.549418524793819
23,38148.71,7.97,81.0,1.86,0.0,2.15,1.66,3.41,6.81,1.26,84.57,2.34,0.5,1,18.93,1,8.0,105.0,85.39,Moderate,-1,1,0,0,0.5031366997319071
21,31465.29,5.49,70.0,1.55,1.61,0.83,1.92,1.97,5.81,1.79,61.01,1.64,0.78,1,27.75,0,15.0,135.0,5.36,Low,1,1,0,0,0.7267758239024
30,14403.9,4.74,71.0,1.27,1.33,2.31,0.67,1.41,5.07,1.52,86.5,1.63,0.11,0,21.46,1,14.0,74.0,19.19,Low,2,0,0,0,1.0358647603660842
33,27412.56,6.49,95.0,1.49,1.7,1.01,1.58,2.37,7.16,0.74,3.53,1.69,1.78,0,33.78,1,13.0,41.0,58.95,Low,-1,1,0,0,0.6471493609939352
22,26554.75,8.8,74.0,4.83,2.96,1.95,1.6,1.4,8.18,1.3,93.84,1.59,0.46,1,22.33,0,13.0,151.0,30.69,High,2,0,1,0,1.1068180560434027
32,30131.37,5.13,62.0,3.52,2.68,2.21,1.21,2.79,6.59,1.56,15.9,1.37,1.13,1,43.14,0,8.0,81.0,43.59,Low,1,0,1,0,1.6393758987571347
35,20938.28,5.46,62.0,2.77,2.26,1.6,1.45,2.44,6.64,0.66,64.46,1.31,0.45,1,25.54,0,8.0,113.0,64.39,High,0,0,0,1,1.214285491889104
22,18827.97,4.03,111.0,1.3,1.16,3.72,1.4,2.78,6.78,0.48,74.04,2.16,1.05,0,18.87,0,9.0,59.0,97.42,High,1,0,1,1,1.533498378784521
21,41117.58,4.23,84.0,1.57,2.58,1.47,1.85,2.27,6.27,1.42,89.74,1.29,1.2,0,36.23,0,9.0,42.0,2.78,High,0,0,0,0,1.3286048868546365
29,23866.45,5.4,67.0,1.45,0.84,0.8,2.51,2.04,6.95,1.86,26.05,3.07,0.81,0,30.36,0,14.0,115.0,83.68,High,1,1,0,1,0.5722221162551636
33,65125.88,6.26,63.0,1.73,1.77,2.085,0.84,2.36,5.93,0.65,97.69,3.12,1.49,1,29.59,1,11.0,147.0,48.7,Moderate,1,1,0,1,0.8921723814421116
24,28679.54,2.87,15.0,1.31,0.52,2.86,1.19,1.65,5.34,2.11,85.63,1.74,0.99,1,5.26,0,18.0,88.0,2.96,Moderate,2,1,0,1,1.6341457720746435
25,34756.11,5.95,95.0,1.27,0.16,1.69,1.57,1.86,5.92,1.25,45.03,0.94,0.27,1,26.8,1,10.0,90.0,60.14,High,0,0,1,1,0.5243696597698051
23,32150.44,6.8,94.0,0.39,2.93,0.74,1.42,2.37,7.28,1.28,43.89,1.48,0.7,0,24.94,0,10.0,101.0,94.1,High,2,0,1,0,0.5970587357266566
33,32025.76,1.13,86.0,3.48,1.74,1.74,1.57,1.24,6.05,1.2,60.43,1.71,0.48,0,18.65,1,13.0,54.0,46.37,High,1,0,0,1,3.0
22,15725.45,5.9,81.0,0.83,1.56,2.06,1.29,2.12,5.41,0.53,75.94,2.07,0.26,0,28.02,0,18.0,106.0,35.08,Low,1,0,0,1,0.7542371602987864
21,47205.84,4.28,90.0,3.24,1.6,2.09,1.12,1.56,7.6,1.18,36.73,0.85,1.81,0,32.35,1,10.0,123.0,30.76,Low,-1,0,0,0,1.6191585001966118
27,19838.48,2.69,114.0,1.06,1.51,1.97,1.72,2.28,4.46,1.35,7.26,1.41,0.81,1,38.51,1,13.0,124.0,66.83,High,0,0,1,1,1.6877317145978756
30,7511.91,4.38,57.0,2.54,1.61,2.4,1.01,2.43,6.59,1.44,43.0,1.99,1.2,1,28.97,0,14.0,115.0,68.96,Low,2,1,0,1,1.4954334485311762
18,46236.33,4.97,66.0,1.74,0.72,2.33,1.04,1.3,7.32,0.61,34.15,2.19,0.83,0,23.66,0,18.0,72.0,43.62,Low,0,0,1,0,0.9637825022570419
33,21321.6,6.57,78.0,2.66,0.25,1.52,1.71,4.09,5.4,1.06,73.75,0.54,1.1,0,29.62,0,18.0,60.0,66.54,High,1,0,0,0,0.6742769141131028
35,50893.09,4.5,73.0,1.54,0.01,2.98,1.01,2.92,7.06,0.56,85.63,1.94,0.75,0,12.06,1,17.0,45.0,42.51,High,-1,0,1,0,1.0066664429630128
27,47872.33,7.57,57.0,1.14,0.29,0.5,0.54,2.1,4.99,1.61,59.62,1.34,0.7,1,34.74,1,9.0,166.0,91.59,Low,-1,0,0,1,0.25495373118180564
30,22465.61,5.71,79.0,2.3,2.71,2.83,1.79,2.69,6.75,0.86,99.74,0.99,0.3,0,13.48,1,8.0,52.0,46.64,Moderate,3,1,0,1,1.3730295318687333
25,48877.04,8.61,112.0,1.18,2.54,2.57,1.12,1.3,8.15,2.39,80.48,0.37,0.88,1,31.12,1,10.0,105.0,81.25,Low,1,0,1,0,0.7305457920388163
19,55138.26,3.52,83.0,1.73,0.9,1.34,1.37,0.81,7.65,1.19,39.88,2.76,0.84,0,3.48,0,18.0,71.0,67.24,High,3,0,1,1,1.1278405886816507
22,41893.14,6.57,89.0,1.09,0.04,3.49,2.46,2.22,5.35,1.03,56.42,1.48,0.71,1,20.44,1,13.0,120.0,9.9,High,0,0,0,1,0.7031962400005722
19,2189.22,6.7,71.0,3.98,2.51,2.73,2.21,2.4,6.11,0.21,48.28,0.52,1.37,0,28.88,1,15.0,119.0,2.82,High,3,1,0,0,1.3761191975941496
32,32083.62,7.53,47.0,1.88,0.14,2.51,0.1,1.36,7.09,1.69,78.19,1.14,0.52,1,29.89,0,17.0,50.0,37.21,High,-1,0,1,1,0.6015935456051067
30,26116.85,5.54,112.0,1.66,0.4,0.33,0.54,1.94,5.88,1.4,73.18,2.16,0.18,0,28.42,1,16.0,40.0,77.72,High,1,1,0,1,0.4314078643668115
31,33107.82,6.24,63.0,2.76,1.61,2.84,2.52,1.59,6.76,0.69,32.33,2.43,0.21,0,31.16,0,19.0,117.0,41.65,Moderate,1,1,0,1,1.1554485327806838
18,7688.13,3.9,100.0,1.07,2.48,2.58,1.99,2.9,6.26,0.88,86.88,2.34,0.02,0,22.14,0,18.0,56.0,75.75,Low,-1,0,0,1,1.5717944687706489
24,40348.08,2.98,84.0,1.08,1.76,2.07,1.4,0.47,7.39,0.96,99.77,0.35,0.19,0,22.5,0,9.0,77.0,58.44,High,-1,1,0,0,1.6476504538085726
24,30437.87,1.52,83.0,1.07,3.7,2.36,1.3,1.68,5.64,0.95,30.66,3.08,0.3,0,23.82,0,20.0,73.0,9.49,Moderate,3,1,0,1,3.0
32,29879.14,6.99,90.0,2.6,1.28,1.13,1.94,1.92,7.95,1.55,22.49,2.94,0.14,1,33.3,0,15.0,129.0,87.29,Low,0,0,0,1,0.7167380948872539
30,6200.12,4.51,110.0,1.9,0.74,3.18,0.56,1.5,5.36,0.97,57.32,1.34,0.81,0,16.8,0,12.0,78.0,27.46,Moderate,-1,1,0,1,1.2904653457948236
32,39172.39,6.52,60.0,1.71,0.4,1.48,1.24,1.16,7.18,1.4,34.32,2.51,1.44,0,22.83,1,18.0,120.0,59.96,Moderate,0,1,0,1,0.5506134124826054
22,13055.3,5.94,52.0,2.31,1.45,1.08,1.74,2.02,7.64,1.28,12.0,0.08,0.53,0,14.39,0,12.0,21.0,65.63,High,-1,0,0,1,0.8148146776406265
34,54863.17,4.68,69.0,2.66,2.9,1.84,1.82,3.55,4.64,1.22,68.12,2.5,0.9,1,12.35,1,16.0,103.0,44.95,Moderate,-1,0,0,0,1.5811962433341362
33,32562.82,2.42,116.0,1.38,2.32,2.64,1.56,3.97,5.5,1.03,8.71,1.02,0.59,1,43.48,0,12.0,67.0,4.42,High,3,1,0,0,2.619833628167922
25,39172.59,9.86,78.0,1.83,1.93,2.65,1.69,2.48,5.79,1.03,37.84,0.32,0.63,1,39.08,1,20.0,97.0,71.43,High,2,0,1,1,0.650101353945096
20,44288.46,3.73,121.0,0.99,0.46,1.35,0.5,1.95,5.06,1.1,67.44,0.32,1.65,0,54.85,1,9.0,110.0,20.71,High,0,1,0,0,0.7506700400348417
29,52463.14,3.89,57.0,1.07,1.57,1.31,0.93,1.42,6.22,0.41,52.04,0.68,0.81,0,14.19,0,8.0,68.0,60.98,Moderate,0,0,0,1,1.015423903489999
32,40942.02,5.77,99.0,3.6,2.19,1.62,2.02,1.97,5.94,0.65,91.83,1.04,0.98,1,25.32,1,17.0,107.0,72.53,High,-1,0,0,1,1.2842285469274617
25,34365.17,5.06,99.0,3.59,0.76,2.14,1.54,1.1,5.95,0.41,93.28,2.71,0.48,1,14.44,0,13.0,61.0,69.23,Moderate,1,0,1,0,1.2826084421722448
21,46463.01,7.95,73.0,0.99,0.13,2.07,1.75,2.61,9.58,1.24,78.18,1.75,0.56,1,29.68,1,15.0,100.0,78.66,High,-1,0,0,0,0.40125781116253945
27,33324.56,8.62,99.0,2.3,0.86,0.73,1.73,2.74,5.86,1.64,17.52,1.48,1.45,1,35.44,1,20.0,108.0,5.74,High,-1,0,0,1,0.45127604973595714
19,25242.96,9.16,132.0,3.74,2.31,4.34,1.22,3.49,5.61,0.63,48.81,1.28,1.39,1,25.07,0,10.0,77.0,65.06,Moderate,-1,0,0,1,1.1342793521529093
18,23478.05,5.0,100.0,2.34,1.83,4.31,1.46,2.13,7.55,1.56,15.38,0.78,0.53,1,24.51,1,9.0,185.0,81.28,High,-1,1,0,1,1.6959996608000678
35,11028.25,6.62,30.0,3.36,1.24,0.94,2.09,3.19,6.61,1.56,53.45,1.36,1.48,0,22.81,1,14.0,84.0,56.34,Moderate,3,0,1,0,0.8368578796287189
19,35818.41,3.55,65.0,2.75,2.12,1.98,1.5,1.72,6.62,1.06,63.48,1.83,0.89,0,18.4,0,9.0,63.0,78.84,High,2,1,0,0,1.9295769212459375
33,17943.14,7.88,54.0,2.84,1.61,2.36,2.1,1.74,4.79,1.03,56.71,1.59,0.94,1,36.3,1,11.0,114.0,43.84,High,0,1,0,0,0.8642130882978315
29,47592.2,6.2,73.0,1.33,1.89,3.1,1.17,2.77,5.37,0.32,98.96,1.94,0.45,0,19.45,0,20.0,44.0,75.39,High,3,0,1,0,1.0193546742976332
24,35229.38,5.24,61.0,0.82,1.72,2.6,1.08,2.52,6.51,1.04,6.38,1.9,0.81,1,23.65,1,13.0,90.0,71.8,High,3,1,0,0,0.9809158433366711
24,39807.24,5.82,82.0,2.87,1.58,2.58,1.87,2.08,7.99,1.15,5.29,0.64,0.49,1,18.82,1,11.0,107.0,74.16,Moderate,2,0,0,0,1.2079035725251592
33,20954.14,4.65,83.0,2.26,0.98,1.9,1.03,1.66,6.01,0.65,54.84,2.13,0.05,1,11.5,0,13.0,70.0,99.03,High,1,0,1,1,1.1053761063707297
27,42833.18,4.96,67.0,1.18,1.29,1.42,1.14,1.32,8.05,2.8,11.66,1.23,0.75,1,14.08,0,15.0,71.0,57.11,Moderate,3,0,0,0,0.7842740354286218
20,8074.86,8.8,37.0,2.11,3.32,1.88,2.24,2.8,5.96,0.97,0.24,2.08,1.21,0,37.16,1,15.0,149.0,52.99,High,2,0,1,1,0.8306817237861677
28,20683.83,4.11,80.0,1.46,1.5,2.17,1.41,2.0149999999999997,5.4,0.81,65.11,2.99,1.44,1,9.31,1,14.0,132.0,24.62,High,2,0,0,0,1.248174878789567
30,49337.0,4.25,92.0,2.43,2.4,2.64,1.95,2.21,7.52,1.26,24.69,2.12,0.44,0,23.52,1,12.0,111.0,2.59,High,2,0,1,0,1.757646645259613
25,17549.46,2.63,85.0,2.55,1.14,2.085,1.36,0.9,6.26,0.89,43.4,1.06,0.32,0,27.02,0,14.0,100.0,63.91,High,1,0,1,1,2.1958166555830205
28,32277.04,10.45,83.0,2.65,4.15,0.37,1.6,3.41,7.47,0.8,21.33,2.15,0.62,0,25.45,0,18.0,99.0,1.5,Low,-1,1,0,1,0.6861243362560445
22,22137.05,7.37,88.0,2.57,2.21,1.52,1.08,2.3,6.98,0.55,16.85,2.0,0.97,0,21.16,0,19.0,100.0,77.06,Moderate,1,0,1,0,0.8548167089800935
35,35035.55,6.3,53.0,3.0,3.0,3.48,1.93,1.06,7.75,1.2,89.9,1.83,1.51,1,34.99,1,20.0,85.0,91.75,High,0,1,0,1,1.5047616659108467
25,43934.56,7.84,62.0,3.48,2.29,2.99,1.51,2.04,6.26,0.94,13.82,2.11,0.78,1,30.97,1,18.0,123.0,47.09,High,3,0,0,0,1.1173467962567862
27,31503.78,6.43,77.0,0.41,1.99,1.51,0.78,0.97,6.04,0.68,3.49,1.37,0.47,0,16.6,0,12.0,138.0,84.56,High,2,0,1,1,0.6080869971870922
27,20681.94,4.09,113.0,1.6,1.61,1.33,1.19,2.34,5.91,1.8,48.26,3.42,0.2,1,19.78,0,16.0,98.0,39.07,High,1,0,1,0,1.110024178478196
21,19263.68,5.71,82.0,2.13,1.62,3.75,0.9,1.63,5.69,1.03,42.89,0.89,0.42,0,16.58,1,8.0,83.0,9.57,Moderate,2,0,1,1,1.3134848838029975
30,16417.33,5.35,108.0,1.52,1.16,1.68,1.7,0.9,6.5,1.13,19.62,1.15,0.09,1,31.98,0,16.0,84.0,32.82,Moderate,0,0,0,0,0.8149531187003516
21,34691.21,3.36,106.0,1.51,1.57,2.2,1.38,3.43,5.24,0.41,3.14,1.48,1.29,0,18.97,1,18.0,63.0,81.13,Moderate,-1,1,0,1,1.5714281037416358
26,31348.015,4.27,101.0,1.74,1.07,1.61,1.81,2.5,7.12,1.07,57.31,2.43,1.2,1,22.28,0,20.0,72.0,23.55,Moderate,3,0,1,0,1.0351285632017417
21,44259.4,5.7,121.0,2.16,1.68,3.09,0.83,2.92,6.27,0.62,40.47,1.14,0.55,1,31.71,0,20.0,154.0,43.46,High,3,0,1,1,1.2157892603878488
23,31348.015,5.16,98.0,2.18,1.54,2.95,3.05,0.47,6.38,0.59,71.55,1.64,0.76,1,6.36,1,19.0,82.0,99.35,Moderate,2,0,0,0,1.2926354084039906
27,63977.93,4.34,73.0,2.44,1.31,0.82,1.83,1.22,7.9,1.67,43.25,2.69,0.92,1,20.87,0,14.0,109.0,67.01,High,-1,0,1,0,1.052995149079459
26,67910.91,9.9,72.0,1.1,1.83,1.44,1.84,2.33,7.08,0.63,34.88,1.25,1.01,0,11.47,1,8.0,82.0,39.22,Moderate,3,1,0,1,0.44141409682685895
19,34799.27,6.4,86.0,0.93,0.1,3.42,1.21,1.01,5.46,0.7,79.94,1.56,0.88,1,13.54,0,11.0,102.0,57.62,High,1,0,1,1,0.6953123913574388
33,17190.11,5.56,48.0,2.18,1.94,3.25,0.46,3.11,7.18,0.98,1.69,0.61,0.18,0,31.04,1,15.0,85.0,13.01,Moderate,3,0,0,0,1.3255393299389695
35,53764.79,11.3,87.0,2.69,1.92,0.61,1.55,2.0149999999999997,6.33,1.21,87.84,0.54,1.6,0,19.13,0,19.0,135.0,11.02,High,3,1,0,1,0.46194686177461397
18,31348.015,6.85,80.0,1.19,1.78,1.53,1.29,1.83,4.71,1.39,75.07,0.36,1.33,0,24.01,0,13.0,55.0,93.48,Moderate,3,0,0,1,0.6569342106665386
35,45685.23,6.41,65.0,0.78,2.06,2.9,2.19,1.45,6.35,1.02,88.37,1.78,0.53,0,22.86,0,20.0,101.0,89.84,Low,3,1,0,1,0.8954756793329673
30,25123.59,9.52,11.0,1.95,3.77,2.29,2.14,1.12,6.76,1.38,46.8,2.45,1.26,1,23.59,1,12.0,83.0,7.1,Low,3,0,1,1,0.8413864662409175
26,40458.76,6.13,92.0,0.07,2.3,1.91,0.98,1.95,6.23,1.03,92.57,1.98,1.54,1,28.61,1,11.0,82.0,89.45,High,0,1,0,0,0.6982054325929147
30,38135.65,5.68,60.0,2.09,3.25,3.2,1.99,3.37,6.91,0.67,64.12,0.38,0.81,1,30.25,0,20.0,75.0,13.5,Moderate,3,1,0,0,1.5035208620561862
32,7035.03,8.88,75.0,2.02,2.65,1.99,1.61,3.26,6.42,1.0,53.73,1.82,0.82,0,28.57,1,13.0,93.0,55.17,Moderate,1,0,1,1,0.74999991554055
26,7468.08,6.46,81.0,3.93,0.46,0.61,1.87,2.5,7.82,0.76,22.77,1.28,1.13,1,34.88,0,11.0,125.0,50.89,Low,-1,1,0,1,0.7739936882362713
34,38719.95,3.52,84.0,2.31,2.93,2.1,1.58,1.24,5.13,1.32,39.63,2.22,1.32,0,21.32,0,12.0,130.0,11.16,High,0,1,0,1,2.0852266803333293
28,39351.71,2.68,55.0,4.0,0.96,0.52,1.22,1.94,6.85,0.22,19.51,1.25,0.22,1,30.71,0,9.0,139.0,81.99,High,2,1,0,0,2.0447753564271056
20,45518.97,3.8,98.0,0.86,0.79,2.07,1.6,3.65,6.25,1.21,2.69,0.29,0.11,0,33.1,0,11.0,79.0,87.41,High,2,1,0,1,0.9789471108033918
35,38536.79,5.03,103.0,2.02,0.86,0.27,1.48,4.5,7.29,1.56,50.49,1.66,0.65,0,22.71,1,12.0,68.0,54.59,High,-1,0,0,0,0.6262424202301351
24,22010.83,6.91,95.0,2.41,1.72,3.32,1.25,1.47,6.49,1.32,61.28,2.88,0.5,1,12.65,1,8.0,159.0,69.52,High,-1,0,0,1,1.0781474561291668
18,43300.39,3.83,85.0,0.41,1.98,2.68,1.85,1.95,7.51,0.52,34.62,2.2,0.35,0,33.92,0,20.0,56.0,56.3,High,1,1,0,0,1.3237594454936175
21,41792.54,5.81,21.0,2.03,3.45,2.91,0.97,1.52,6.03,0.07,96.56,0.91,1.01,0,30.09,0,15.0,75.0,24.12,Low,3,0,1,0,1.4440617135866243
32,34882.5,6.58,103.0,1.72,3.22,1.42,2.02,2.01,6.56,1.4,15.92,1.47,0.49,1,41.86,1,11.0,44.0,48.78,High,2,1,0,1,0.9665652026496653
32,67211.22,9.01,66.0,1.24,2.76,1.86,1.93,1.76,6.29,1.02,4.68,1.38,0.83,0,21.94,1,11.0,147.0,24.18,High,3,1,0,1,0.65038838508453
35,18665.93,7.3,105.0,1.74,2.04,0.84,1.29,1.81,5.31,1.41,76.73,0.16,0.27,0,10.51,0,9.0,64.0,98.65,Low,1,1,0,1,0.632876625633339
28,23486.2,8.38,66.0,2.51,1.61,3.2,1.45,0.72,7.16,1.18,86.4,2.8,1.24,0,26.3,0,9.0,126.0,48.75,High,-1,0,0,0,0.8735082489846958
25,37554.52,6.7,80.0,2.64,1.85,1.98,1.01,3.11,6.15,1.03,56.58,1.96,0.83,1,32.52,0,8.0,72.0,28.58,Low,3,0,1,1,0.9656714976609706
21,41122.39,8.09,76.0,1.72,2.15,2.13,0.99,2.08,8.12,1.78,25.14,0.96,0.81,0,14.98,1,17.0,75.0,10.01,Low,0,0,1,1,0.7416562742081244
34,23550.33,9.39,110.0,2.7,1.19,2.78,1.47,1.86,7.48,0.79,70.82,1.13,0.4,0,18.24,1,19.0,108.0,19.54,Low,2,1,0,1,0.7103300627976504
31,16871.68,3.66,158.0,1.82,1.74,1.72,1.67,2.71,6.16,0.58,79.64,2.2,0.3,1,21.57,0,16.0,115.0,75.2,Moderate,2,0,1,0,1.4426225566605035
20,23407.7,5.62,107.0,2.46,0.27,1.84,2.01,2.37,7.4,0.43,48.9,2.94,0.96,1,11.41,0,18.0,74.0,23.29,Moderate,0,0,1,0,0.8131671150948194
35,32736.25,4.6,50.0,0.34,0.05,2.09,1.65,2.64,6.63,0.12,62.43,0.7,0.8,0,21.68,0,19.0,95.0,46.51,High,2,1,0,0,0.5391303175803658
27,20798.42,9.88,68.0,2.19,0.38,2.96,0.88,1.02,5.98,1.31,12.88,1.48,0.93,0,18.62,0,16.0,90.0,71.72,High,0,0,1,0,0.5597165425388114
34,68223.79,6.78,71.0,1.36,1.26,0.43,1.45,3.54,5.78,1.01,13.15,1.52,0.71,0,33.69,0,17.0,92.0,43.38,Low,-1,1,0,1,0.4498524410247137
20,17686.73,6.24,71.0,2.7,1.61,2.65,1.18,1.56,6.28,0.96,25.38,0.76,0.29,0,23.93,0,11.0,83.0,82.29,Moderate,3,1,0,0,1.1153844366371095
18,31348.015,8.28,88.0,3.45,1.46,1.79,1.87,2.05,6.61,0.93,46.05,1.84,0.78,0,18.35,1,18.0,98.0,8.44,Low,0,0,0,1,0.8091786462344631
31,40572.32,5.41,106.0,2.2,2.75,1.32,1.31,2.62,7.8,1.69,88.46,1.73,0.35,1,10.7,1,8.0,49.0,90.25,Low,2,1,0,0,1.158964665625755
29,31887.02,4.49,62.0,0.47,0.94,2.68,1.88,2.25,7.45,0.79,75.8,1.26,0.68,1,39.43,1,12.0,113.0,85.59,Low,-1,0,1,1,0.9109129374358713
19,16532.17,2.78,75.0,4.0,1.68,3.02,0.23,2.18,7.5,0.97,9.22,2.09,0.52,0,35.55,1,17.0,98.0,10.7,Low,1,1,0,0,3.0
22,44473.18,5.16,101.0,1.6,2.07,0.95,1.04,1.86,6.02,0.92,35.29,2.04,0.54,0,22.0,0,12.0,111.0,83.22,Low,-1,0,0,1,0.8953486636921194
19,47118.84,7.84,88.0,3.47,2.2,2.0,1.13,1.67,5.14,1.67,34.35,0.64,0.7,1,37.71,1,17.0,96.0,58.04,Moderate,1,0,0,1,0.9783162017453825
24,52683.58,5.52,85.0,0.32,1.35,0.84,1.93,2.71,7.23,1.1,80.57,1.09,0.81,0,32.48,0,10.0,37.0,74.67,Moderate,0,0,1,1,0.45471006255252494
25,24688.45,4.6,96.0,0.1,2.4,3.0,1.57,2.85,6.51,1.59,13.42,2.39,0.48,0,17.49,1,8.0,66.0,34.66,High,2,1,0,0,1.1956519139887145
32,24385.82,5.03,42.0,2.34,2.32,1.02,1.76,2.08,4.38,0.84,51.62,1.44,0.71,1,16.25,1,15.0,100.0,19.0,High,-1,0,1,1,1.1292244275895769
19,35312.3,4.21,83.0,3.6,3.34,2.94,1.71,1.61,7.23,1.4,28.13,2.49,0.14,0,3.93,0,10.0,136.0,87.22,High,1,0,0,1,2.3467927917356786
21,8343.11,3.93,112.0,4.27,3.86,3.54,0.54,0.37,7.4,0.67,19.47,2.13,0.44,0,10.18,0,10.0,179.0,41.76,Low,1,0,1,1,2.9694648932659296
21,31348.015,7.66,90.0,1.36,1.44,1.59,1.0,4.35,6.06,0.56,11.91,2.67,0.89,0,19.2,0,8.0,88.0,32.38,Moderate,1,1,0,1,0.5731069747902121
29,43081.37,9.24,105.0,3.01,1.22,2.0,1.14,1.0,7.05,1.61,97.29,0.35,1.1,1,31.44,0,12.0,109.0,34.37,High,3,1,0,0,0.6742423512724728
20,44810.75,9.78,42.0,4.15,3.09,1.26,2.05,2.07,4.41,1.11,40.63,2.1,1.02,1,28.3,1,9.0,122.0,54.74,High,2,0,0,0,0.8691205655295946
30,38342.6,6.6,37.0,1.23,0.18,1.04,1.62,1.12,6.9,1.33,31.48,1.66,0.33,1,40.58,0,20.0,123.0,40.45,High,3,0,0,1,0.37121206496786896
35,38536.35,4.42,76.0,1.0,1.19,1.14,1.57,1.29,5.79,0.9,16.58,1.54,0.9,1,29.56,0,19.0,127.0,24.35,Low,1,1,0,1,0.7533934947073542
20,19927.68,7.32,77.0,2.4,0.16,1.41,0.74,2.12,2.81,0.98,50.44,1.77,0.83,1,32.11,0,9.0,125.0,87.6,Low,0,0,1,1,0.5423496526844737
30,17317.41,8.2,87.0,0.69,1.43,1.48,1.77,1.45,6.57,0.58,79.93,1.45,0.95,1,23.82,0,10.0,67.0,37.89,High,2,0,1,0,0.43902433670434926
31,37167.42,6.31,43.0,2.21,0.54,2.38,2.13,1.52,8.86,0.1,36.45,3.21,0.94,1,14.55,1,11.0,104.0,40.02,High,0,1,0,1,0.8129951167995061
28,41324.03,5.73,75.0,1.14,1.74,2.62,1.21,2.31,7.21,1.89,36.84,0.71,0.84,1,4.92,1,15.0,92.0,4.99,High,2,0,1,0,0.9598602164292815
30,31348.015,3.06,28.0,1.5,2.1,4.12,1.21,2.12,5.91,0.53,89.38,1.15,0.81,0,44.4,1,18.0,109.0,63.5,High,-1,0,1,0,2.522874992524512
27,26272.23,1.36,61.0,2.87,2.7,2.1,1.69,2.09,8.73,0.6,96.44,1.0,0.36,0,22.26,1,12.0,134.0,11.92,Low,0,0,0,1,3.0
35,27478.95,10.67,124.0,3.27,0.42,2.41,2.01,2.35,5.89,1.47,48.71,0.73,0.48,0,6.46,0,9.0,99.0,58.95,Moderate,2,0,0,1,0.5716962913124376
28,23852.61,9.62,93.0,0.81,3.53,2.54,1.12,2.65,5.77,1.35,94.03,0.24,1.18,0,15.92,1,18.0,70.0,17.1,Low,-1,0,0,1,0.7151766408340291
23,30136.0,7.05,92.0,2.24,1.61,1.37,1.4,2.73,5.92,1.01,62.23,0.57,1.38,0,25.57,0,16.0,106.0,41.04,High,0,0,0,0,0.7404254268900105
28,50912.09,9.54,88.0,0.29,2.82,1.13,1.32,1.69,5.4,1.05,66.65,1.73,1.03,0,30.32,0,16.0,83.0,48.47,High,3,0,1,1,0.4444443978569815
27,7618.94,9.24,93.0,2.41,0.45,2.59,1.43,2.87,6.2,1.53,19.38,1.12,0.81,0,22.24,1,13.0,60.0,3.15,High,-1,1,0,1,0.5898267759927732
20,46828.01,1.5,98.0,2.67,0.85,1.55,1.57,1.21,5.0,1.2,29.79,1.18,0.26,1,17.3,0,12.0,71.0,55.43,High,0,0,0,1,3.0
28,39021.6,6.93,86.0,2.54,1.23,2.87,1.74,1.98,7.67,0.55,18.82,1.16,0.46,0,28.79,1,11.0,101.0,48.9,Moderate,2,1,0,1,0.9581528198913681
28,16279.34,9.97,89.0,2.27,1.04,1.05,1.09,1.85,7.01,0.99,34.12,1.3,0.49,0,20.22,0,19.0,155.0,39.49,High,2,0,1,1,0.43731189194464476
32,45683.13,7.04,115.0,2.92,1.01,0.3,1.68,0.67,5.49,1.24,33.1,1.08,0.42,1,14.22,1,14.0,99.0,17.77,Moderate,0,0,0,0,0.6008521873789506
29,22557.77,8.96,100.0,1.95,1.37,1.86,2.03,1.0,7.93,1.11,43.58,1.51,0.41,1,30.69,1,19.0,134.0,68.7,High,1,0,1,1,0.5781249354771278
19,33935.47,3.95,113.0,3.01,1.54,1.67,2.47,0.71,7.01,2.0,90.83,0.34,0.13,0,29.68,0,9.0,101.0,6.22,Moderate,3,1,0,1,1.5746831456498362
34,47134.24,5.62,99.0,2.99,1.98,3.07,1.1,0.7,7.95,1.77,44.16,0.83,0.81,0,23.57,1,20.0,97.0,73.32,Moderate,1,0,0,0,1.4306047276504044
28,36051.51,5.05,60.0,4.75,1.64,0.64,2.29,2.59,7.56,0.46,66.05,2.48,0.86,1,12.61,1,19.0,92.0,39.55,High,-1,0,0,1,1.3920789322615974
28,6649.62,7.46,84.0,1.69,1.29,1.74,1.71,2.31,5.37,1.27,26.5,1.33,0.81,1,19.74,1,18.0,120.0,81.17,High,2,0,1,0,0.6327076899855643
35,30816.68,5.22,100.0,0.42,0.78,2.11,1.66,0.01,5.57,0.76,69.98,2.02,0.96,1,13.38,0,20.0,84.0,44.27,High,3,0,1,1,0.6340994953832384
34,36916.07,5.53,45.0,2.24,1.14,2.82,1.17,0.91,7.22,0.89,16.02,1.2,1.28,0,23.45,1,16.0,183.0,17.66,Moderate,1,0,0,0,1.1211571209480793
23,31348.015,6.71,97.0,2.33,2.0,0.65,1.35,2.78,8.12,0.94,49.3,0.89,0.39,0,33.98,0,8.0,85.0,68.92,High,0,0,1,1,0.7421757463225416
32,31348.015,4.49,106.0,0.96,0.38,1.78,2.97,0.92,6.37,1.91,94.7,0.56,0.71,1,8.85,0,15.0,85.0,92.28,Low,2,0,0,1,0.6948773508068261
28,21517.27,5.17,89.0,3.23,1.61,0.09,1.48,1.23,5.91,1.21,75.07,3.51,1.1,1,27.26,0,17.0,123.0,62.29,High,2,0,0,1,0.953578152112543
33,31348.015,4.2,96.0,0.72,2.71,1.7,1.55,1.51,7.48,0.13,37.84,0.32,0.45,0,27.83,1,13.0,110.0,58.93,High,1,0,1,0,1.221428280612314
18,10349.09,7.99,49.0,5.03,2.31,2.34,2.28,3.15,9.33,1.11,56.13,0.38,0.73,1,2.12,1,12.0,161.0,98.17,High,-1,0,1,1,1.2115142413624227
32,37909.14,3.78,52.0,1.92,1.75,4.45,2.39,0.18,5.22,0.73,70.92,2.56,0.81,1,31.43,1,17.0,129.0,46.33,High,2,0,1,1,2.148147579855138
19,8269.78,5.72,113.0,1.56,1.84,4.56,2.32,1.09,8.35,0.86,66.11,1.1,0.96,0,17.77,1,19.0,74.0,22.99,High,-1,1,0,0,1.3916081483202538
31,39874.74,8.97,71.0,1.09,1.26,2.48,1.64,1.36,6.85,0.5,60.16,1.92,1.13,1,18.35,1,10.0,192.0,65.62,High,-1,0,0,0,0.5384614784323881
35,50166.35,5.23,126.0,2.94,1.61,0.32,1.62,3.07,6.53,1.05,33.93,1.6,1.34,1,17.94,0,20.0,152.0,73.37,Low,1,1,0,0,0.9311661699491071
29,27992.56,3.03,122.0,3.75,1.93,2.6,1.14,1.1,6.26,0.81,22.63,2.01,0.88,1,52.13,0,18.0,81.0,81.88,High,-1,1,0,1,2.7326723654546647
33,14749.58,5.91,92.0,1.7,0.13,2.0,1.07,1.29,6.02,0.86,44.24,2.57,0.4,0,30.25,1,15.0,86.0,10.31,High,0,0,1,0,0.6480540358622613
28,62564.79,4.12,66.0,3.82,1.71,2.02,1.27,3.14,4.55,1.64,73.69,1.99,0.36,1,15.66,1,17.0,65.0,51.98,High,1,0,1,0,1.8325238270573232
31,32609.85,6.99,76.0,2.55,1.02,3.13,1.57,0.95,6.88,0.95,66.93,2.21,0.14,0,39.82,1,9.0,104.0,55.63,High,2,1,0,1,0.9585120231027147
25,53516.58,8.5,55.0,0.28,1.33,3.08,1.1,0.86,5.97,1.53,7.97,1.63,0.77,0,16.21,0,12.0,116.0,45.72,Low,0,1,0,0,0.5517646409688659
28,21996.82,6.7,56.0,1.91,2.38,3.06,1.14,1.94,7.05,0.74,43.44,0.98,0.15,1,9.81,0,8.0,68.0,32.23,High,-1,0,0,0,1.0970147616395878
28,60269.54,8.27,35.0,2.52,2.56,3.91,1.41,1.3,5.58,0.88,96.81,0.96,0.41,0,24.14,0,20.0,107.0,44.25,High,1,1,0,0,1.0870615372356063
31,40627.34,4.81,106.0,3.04,2.04,2.95,1.03,2.15,7.38,1.35,84.01,3.07,1.56,0,33.68,0,17.0,91.0,1.08,High,0,0,1,1,1.6694383223620954
26,46622.54,4.19,88.0,2.93,2.0,2.64,1.18,2.75,6.54,0.63,34.96,2.0,0.88,0,29.87,1,10.0,88.0,11.67,Moderate,2,0,0,0,1.8066821463765759
19,20921.34,8.88,47.0,1.55,2.03,0.79,1.79,1.79,6.76,0.91,4.02,0.94,1.37,1,10.22,0,9.0,107.0,49.56,High,0,1,0,0,0.4921170616985291
34,14909.54,4.0,61.0,1.74,1.48,2.12,1.78,2.25,7.74,1.51,64.89,1.15,0.9,1,20.42,0,19.0,60.0,93.71,High,3,1,0,1,1.3349996662500834
35,26639.88,6.56,108.0,2.48,1.91,2.27,2.21,1.17,6.75,0.84,96.06,0.75,1.87,0,26.79,0,8.0,111.0,90.43,Low,0,1,0,1,1.0152437476762581
20,27563.96,7.7,100.0,1.98,2.47,1.86,1.58,3.86,7.42,0.62,66.3,0.88,0.55,1,24.87,0,20.0,112.0,48.39,High,0,1,0,1,0.8194804130544918
22,37500.82,9.54,71.0,2.01,0.85,3.36,1.82,1.63,6.09,1.23,51.37,0.72,0.09,0,16.56,0,9.0,132.0,0.17,Moderate,3,0,1,1,0.6519915459128359
32,35054.29,6.64,61.0,2.23,0.77,3.36,1.67,2.21,7.31,1.14,84.78,3.25,0.81,0,31.77,0,11.0,97.0,14.77,Low,3,1,0,1,0.9578311810495209
28,59315.62,4.26,103.0,0.33,0.45,1.56,1.45,2.13,8.82,1.63,22.68,0.53,0.03,0,17.85,0,11.0,92.0,48.49,High,3,1,0,0,0.5492956457052475
23,35280.04,6.16,62.0,2.7,2.64,1.58,2.5,0.26,6.09,0.84,65.79,2.34,0.95,1,29.28,0,19.0,121.0,64.37,Low,-1,1,0,1,1.123376441010318
35,42042.45,4.92,102.0,1.08,1.61,0.23,1.53,1.33,6.66,0.84,95.79,1.38,1.91,0,43.74,1,8.0,108.0,46.81,Moderate,-1,0,0,1,0.5934958143301191
24,28262.61,4.56,30.0,2.19,1.8,4.13,1.6,2.3,7.16,1.59,23.1,1.48,0.68,0,38.91,0,12.0,101.0,55.17,Moderate,2,0,1,0,1.78070136388128
18,30035.08,5.79,65.0,2.4,1.64,1.73,1.47,0.36,6.03,1.2,30.16,0.89,0.58,0,19.91,0,15.0,143.0,25.32,Moderate,2,0,1,0,0.9965455964515376
19,37475.55,9.16,86.0,2.02,3.53,2.91,0.97,0.43,7.57,0.49,82.77,1.97,0.75,1,10.58,1,20.0,154.0,18.2,High,0,1,0,1,0.9235806851986154
28,71858.51,5.66,73.0,2.76,1.02,0.41,1.72,2.0149999999999997,4.99,0.42,51.02,1.05,0.82,1,13.66,1,16.0,95.0,48.27,Low,1,1,0,0,0.7402825547203966
20,41381.73,7.12,17.0,1.7,1.64,1.07,2.26,1.87,5.65,1.44,24.94,0.64,1.35,1,20.9,0,15.0,134.0,76.46,High,3,0,1,0,0.6193819354800653
23,19147.7,6.19,76.0,1.47,1.79,0.66,1.29,1.14,7.57,1.29,74.18,2.47,0.88,0,32.37,0,15.0,90.0,62.06,Low,-1,0,1,1,0.63327938073031
19,8536.87,4.77,43.0,0.22,1.01,0.14,0.9,2.23,6.74,0.79,93.48,1.66,0.72,0,41.18,1,17.0,103.0,46.1,High,0,0,0,0,0.28721167982983653
26,25110.15,2.43,102.0,1.12,4.0,2.49,1.26,1.5,7.18,1.39,14.14,2.01,0.53,1,30.64,0,12.0,117.0,2.19,Moderate,2,0,0,1,3.0
27,31348.015,7.32,50.0,1.43,0.99,2.23,1.49,2.61,6.36,0.45,16.08,1.2,1.56,0,20.23,1,17.0,99.0,66.55,Moderate,-1,0,1,1,0.6352458148571292
31,20300.34,5.24,63.0,2.02,0.72,2.02,0.97,3.85,5.7,1.44,75.26,2.96,0.68,1,25.14,1,20.0,135.0,46.97,High,1,0,1,1,0.9083967732067225
32,31348.015,7.83,84.0,0.93,2.01,1.11,1.67,1.9,5.73,1.19,94.21,1.43,1.01,1,34.52,0,13.0,104.0,49.51,Moderate,-1,0,1,0,0.5172413132514286
25,35692.64,4.43,62.0,2.8,2.18,3.31,2.45,2.31,6.34,1.04,24.95,1.96,0.63,1,25.62,1,11.0,136.0,3.46,Moderate,-1,0,1,0,1.8713314060199988
26,56601.81,10.77,98.0,0.39,1.84,0.71,1.36,0.96,6.04,1.07,89.55,1.48,0.71,1,33.61,0,11.0,117.0,25.21,High,2,1,0,0,0.2729804760463811
19,40526.55,3.31,76.0,2.22,2.37,2.44,1.62,2.75,5.64,1.03,64.91,0.45,1.15,0,29.24,0,9.0,114.0,40.8,High,3,0,0,1,2.1238664278349155
29,19080.09,5.01,72.0,0.34,2.15,0.54,1.2,1.79,7.22,1.03,57.17,1.96,0.39,1,27.97,0,11.0,118.0,81.79,Moderate,1,0,0,1,0.6047902984450502
28,32453.0,9.75,77.0,0.57,0.63,0.7,0.59,0.51,7.05,1.07,1.35,1.92,0.63,0,24.03,0,20.0,76.0,19.18,Moderate,-1,1,0,1,0.19487177488494617
28,5504.11,4.61,63.0,4.1,1.66,2.64,1.51,2.28,7.14,0.9,56.5,1.14,0.1,1,37.73,1,12.0,114.0,62.93,Moderate,1,0,1,0,1.8221254181940523
33,55578.77,5.3,130.0,0.8,1.84,1.76,2.63,0.99,5.55,1.38,7.83,2.34,0.54,0,24.28,1,13.0,63.0,71.84,Low,3,1,0,0,0.8301885226059392
20,37662.59,11.77,118.0,1.94,0.95,1.45,1.23,3.38,7.2,1.42,59.22,2.59,0.52,1,20.25,1,18.0,98.0,26.67,High,0,0,0,1,0.3687340383403536
31,16132.89,7.41,93.0,1.68,1.76,3.08,2.13,1.78,7.63,0.71,2.69,1.4,1.16,1,37.37,0,15.0,109.0,54.58,High,0,0,0,0,0.8798919190429259
26,35314.35,5.05,108.0,2.8,2.14,1.05,0.71,1.51,6.68,1.43,12.88,1.39,0.56,1,23.43,0,9.0,33.0,27.86,Moderate,0,1,0,0,1.186138378982499
18,33839.94,6.63,65.0,3.22,1.33,2.51,1.9,2.73,4.89,1.03,15.83,1.49,1.42,0,13.24,1,9.0,101.0,44.08,High,2,0,1,0,1.0648565513036876
33,31348.015,5.75,75.0,0.87,3.3,2.66,1.99,2.91,6.98,0.96,15.59,0.52,0.94,0,19.84,1,12.0,66.0,19.99,Low,0,1,0,0,1.1878258803781077
29,45144.62,5.56,64.0,2.97,0.58,1.07,0.51,1.04,6.06,1.02,15.13,1.47,1.35,1,20.99,1,14.0,75.0,76.5,Moderate,3,1,0,1,0.8309351023498018
30,3671.88,5.94,106.0,4.45,1.1,1.47,2.07,1.61,7.67,1.85,19.98,3.19,0.3,1,16.52,0,10.0,81.0,56.98,High,3,1,0,1,1.1818179828589255
27,10554.95,5.99,74.0,1.72,1.26,2.82,1.76,1.68,6.68,0.92,78.22,0.19,0.81,1,29.09,0,14.0,0.0,13.19,High,2,0,0,1,0.9682803057962761
33,9016.31,4.92,27.0,3.66,3.92,1.2,2.18,1.18,6.94,0.3,3.45,1.49,1.7,1,26.09,1,17.0,95.0,40.42,Low,1,1,0,1,1.7845524828145358
24,46379.67,6.52,57.0,1.7,2.28,2.13,1.34,2.63,6.86,1.56,10.71,2.87,1.4,1,13.71,1,11.0,98.0,25.52,High,-1,1,0,1,0.9371164206876655
27,16603.37,9.91,67.0,2.26,1.61,1.65,1.7,0.07,7.46,0.61,50.64,1.61,0.52,1,33.24,1,9.0,110.0,87.75,High,2,1,0,0,0.5570130618553923
35,44347.4,4.69,97.0,2.02,0.66,1.87,1.94,0.77,6.71,0.77,34.54,2.39,0.21,1,5.28,0,14.0,87.0,79.31,High,1,0,1,0,0.9701490468765359
18,34508.35,5.82,84.0,1.96,2.82,0.71,0.81,2.12,6.11,0.39,85.82,0.63,0.85,0,17.96,1,10.0,120.0,46.64,High,1,0,0,1,0.9432988069933319
28,2900.25,8.47,78.0,2.47,1.11,1.73,1.42,2.99,7.1,0.75,26.95,0.69,0.81,1,33.52,0,18.0,105.0,70.09,Low,2,0,0,1,0.6269184619930979
28,31348.015,3.21,86.0,2.51,1.61,2.51,1.21,3.27,9.17,0.46,12.53,1.25,0.45,1,23.43,1,8.0,110.0,54.42,High,2,0,0,0,2.0654199173146672
27,1440.34,7.07,40.0,0.75,1.61,2.27,1.3,1.71,7.3,1.14,19.66,0.83,0.2,0,7.72,1,18.0,119.0,19.45,High,1,0,1,0,0.6548796810636944
27,24315.25,5.31,52.0,3.85,0.12,2.24,1.04,0.4,7.28,1.13,98.79,0.68,0.51,0,10.08,0,14.0,68.0,66.87,Moderate,1,0,0,0,1.1694913051805453
29,50604.62,5.0,68.0,1.28,1.36,1.67,1.51,3.18,6.04,0.97,99.73,1.36,0.11,0,38.01,1,18.0,80.0,12.56,Moderate,0,0,0,1,0.8619998276000346
30,46197.88,2.59,113.0,2.02,1.61,2.4,1.0,3.29,6.49,0.66,50.11,1.66,0.42,0,29.93,0,20.0,49.0,13.88,High,-1,0,1,0,2.328184429272421
32,4653.19,5.93,44.0,2.18,1.25,1.31,1.62,2.35,7.34,0.39,19.18,0.9,0.22,0,31.4,0,8.0,110.0,97.86,High,-1,0,1,1,0.7993253289501976
25,16069.2,8.16,119.0,2.28,2.11,2.89,1.71,3.53,7.37,0.71,27.47,1.84,0.81,0,13.43,1,20.0,90.0,38.38,Moderate,1,0,0,0,0.8921567534121626
33,29261.43,9.15,59.0,2.4,0.5,2.49,1.79,2.84,7.71,1.23,37.77,2.23,1.21,0,28.68,1,15.0,104.0,17.59,Low,3,1,0,0,0.5890709738720248
23,39506.12,5.11,107.0,2.39,1.32,-0.0,0.68,1.13,8.25,1.03,1.54,2.1,1.4,1,38.41,1,15.0,98.0,65.06,High,1,1,0,0,0.7260272551805762
35,35555.46,6.74,49.0,1.99,1.88,0.41,1.98,1.31,5.57,1.21,31.39,1.11,0.89,1,34.14,1,11.0,146.0,7.42,Low,-1,1,0,0,0.635014742579415
27,10100.13,4.1,141.0,3.86,2.55,1.97,0.51,2.75,4.18,1.33,48.09,1.87,0.01,0,15.58,1,14.0,130.0,61.2,Low,2,0,0,1,2.0439019405117222
22,33505.69,7.26,83.0,1.59,1.18,1.87,1.82,1.95,6.72,1.18,54.77,1.22,0.87,1,13.1,1,12.0,130.0,17.28,Moderate,2,1,0,0,0.6391183692674424
22,32123.5,4.91,53.0,1.67,1.69,1.39,0.42,1.14,8.2,2.03,52.11,0.85,1.08,1,43.07,0,9.0,118.0,25.4,High,-1,1,0,0,0.9674132449260193
26,8600.62,6.9,60.0,3.53,1.79,1.4,0.83,1.84,4.6,1.23,41.11,2.04,0.52,1,24.88,1,20.0,47.0,74.09,High,2,1,0,1,0.9739129023314634
30,20375.7,7.08,107.0,1.57,1.1,0.08,1.86,2.01,6.46,0.75,66.13,0.78,1.13,0,30.62,1,20.0,131.0,76.37,High,0,1,0,0,0.3884180242347423
21,33750.12,7.07,73.0,1.14,1.72,1.87,0.74,2.68,5.5,1.52,35.74,1.73,0.95,1,21.11,1,12.0,103.0,33.98,Moderate,-1,0,0,0,0.6690239506331046
27,13064.81,9.59,97.0,0.8,1.58,3.04,1.34,2.24,6.24,0.75,91.36,2.56,1.04,0,26.11,0,8.0,141.0,7.98,Low,3,0,1,1,0.5651719952896773
29,29366.85,5.95,102.0,3.55,1.12,2.4,1.11,2.92,7.59,1.41,13.12,1.0,0.3,0,26.23,1,8.0,156.0,84.84,Moderate,0,1,0,1,1.1882350944142699
26,17809.32,9.29,67.0,0.75,1.03,2.41,1.87,2.67,5.97,0.4,38.0,0.31,1.0,1,24.94,0,16.0,106.0,81.34,Low,3,1,0,0,0.45102255640230837
20,24833.03,4.01,99.0,1.49,0.67,0.49,1.38,2.48,6.45,1.14,0.29,1.05,0.75,0,14.72,0,17.0,70.0,13.38,High,3,0,1,1,0.660847715499323
24,49999.28,2.38,104.0,1.76,0.95,3.42,1.89,1.95,10.32,0.42,72.04,2.33,1.12,0,18.41,0,16.0,121.0,56.85,Low,3,0,1,0,2.57562916990371
26,20153.51,7.14,84.0,1.49,1.7,3.12,0.93,3.11,6.89,1.04,11.02,1.37,0.54,1,32.02,0,18.0,136.0,81.91,Moderate,0,1,0,0,0.8837533776255775
20,49369.74,5.32,88.0,2.21,2.68,2.73,1.82,2.26,6.14,1.4,73.18,1.16,0.15,1,18.67,1,13.0,145.0,40.15,Moderate,0,1,0,1,1.432330557832602
24,31845.39,3.11,59.0,0.48,0.09,0.26,1.63,1.08,5.83,1.58,34.62,0.39,0.94,1,13.48,0,20.0,81.0,28.19,Moderate,1,0,1,1,0.26688094312509864
33,8071.95,1.27,133.0,1.47,0.84,2.07,1.89,2.04,6.01,1.17,57.47,1.21,1.13,1,13.62,0,13.0,96.0,99.27,Moderate,1,0,1,0,3.0
23,52664.25,9.38,45.0,1.55,2.45,2.67,0.93,2.51,5.96,1.12,75.24,0.62,1.23,0,23.54,0,15.0,150.0,52.07,Moderate,2,0,0,0,0.7110873442337586
24,44449.19,5.06,39.0,2.95,1.33,3.24,1.55,1.83,7.89,1.39,88.03,1.62,0.39,1,31.86,0,16.0,83.0,96.97,Moderate,3,1,0,0,1.4861657141964992
29,36250.75,5.6,73.0,3.15,1.7,1.45,1.58,2.56,7.3,1.85,78.86,1.95,1.45,1,26.5,1,10.0,90.0,68.31,Low,0,0,0,1,1.1249997991071787
18,42104.56,4.87,134.0,1.59,2.19,1.51,1.07,0.48,7.6,1.42,24.88,0.46,0.98,1,16.84,0,9.0,150.0,29.31,High,0,1,0,1,1.0862420767470067
29,44820.68,6.69,96.0,2.28,1.54,0.69,1.07,1.8,6.76,0.7,95.07,1.79,0.81,0,17.24,0,16.0,82.0,76.8,High,-1,0,1,1,0.6741404074528539
25,27914.31,2.51,144.0,2.14,1.92,0.77,2.02,1.73,4.33,0.62,67.45,0.23,0.35,0,23.32,0,9.0,77.0,35.72,Low,0,0,1,1,1.9243020221904295
26,40445.0,8.02,50.0,0.15,1.25,3.17,2.65,1.86,5.91,1.23,9.15,1.91,1.01,1,38.6,1,14.0,102.0,24.97,Low,1,1,0,1,0.5698253653584333
18,9273.63,6.53,98.0,2.34,0.9,1.7,1.61,2.04,8.05,0.42,29.5,1.28,2.08,1,9.75,0,17.0,102.0,62.17,High,1,1,0,1,0.7565083068134292
28,20611.56,6.07,85.0,2.56,0.51,1.0,1.43,3.39,6.18,1.43,61.79,1.09,0.49,1,23.11,0,16.0,163.0,38.55,High,-1,1,0,1,0.670510597938946
22,32995.6,7.15,83.0,1.37,0.91,2.98,1.72,1.33,5.49,2.08,59.2,2.09,0.78,1,29.51,1,16.0,98.0,76.28,High,0,0,1,1,0.7356642327742331
26,41375.07,4.32,70.0,1.75,0.68,0.78,1.75,1.61,6.52,1.1,22.13,1.12,0.81,1,22.65,0,10.0,128.0,25.79,Low,3,0,0,0,0.7430553835519945
19,52282.51,4.09,103.0,1.21,0.4,2.4,1.04,1.3,5.96,0.8,90.8,1.37,0.67,0,34.52,0,13.0,69.0,31.87,High,3,0,1,0,0.9804398580831643
34,19460.73,7.4,65.0,1.32,2.54,2.94,1.88,1.32,6.3,0.87,71.25,0.06,1.36,0,13.27,0,17.0,97.0,52.48,Moderate,0,0,1,1,0.9189187947407035
35,16200.56,7.78,45.0,4.41,1.34,2.97,2.2,2.85,5.87,1.16,3.18,2.96,0.12,0,26.77,0,9.0,83.0,33.5,High,1,0,1,0,1.1208224780433833
27,27078.88,5.66,58.0,1.7,1.21,1.2,1.97,1.7,7.76,0.63,98.45,1.66,0.69,1,15.25,0,15.0,113.0,42.19,Moderate,0,0,0,1,0.7261482815992436
33,570.08,5.66,61.0,1.17,1.11,1.75,0.41,4.32,6.16,1.59,55.73,1.27,1.4,1,27.02,1,9.0,123.0,67.7,High,0,0,1,0,0.7120140084780904
27,39597.8,5.87,92.0,2.3,3.79,2.57,2.04,1.65,3.88,0.56,61.74,1.13,0.99,1,23.67,1,11.0,69.0,14.27,Low,1,0,0,1,1.4752978747363075
23,7595.14,4.88,115.0,3.08,1.61,1.58,1.61,3.82,7.38,1.11,45.54,2.27,2.26,0,22.96,0,19.0,105.0,43.55,Moderate,3,1,0,0,1.2848358022877455
32,25589.72,6.44,95.0,2.97,1.04,2.61,1.43,3.21,7.77,0.85,1.92,2.77,0.69,0,40.07,0,19.0,125.0,57.38,High,2,0,0,1,1.0279501509394173
31,33125.48,6.57,84.0,0.86,2.19,1.25,0.4,2.09,6.21,0.57,62.69,2.09,1.67,0,9.92,0,15.0,117.0,21.54,High,1,0,0,0,0.6544900069269395
28,28605.58,3.6,112.0,2.41,2.75,1.2,2.32,0.96,5.24,1.16,83.66,0.08,0.95,1,13.77,0,9.0,128.0,15.53,High,3,0,0,0,1.7666661759260622
32,20359.61,3.9,66.0,1.24,2.73,2.2,1.95,3.34,7.61,0.69,54.79,1.48,0.24,0,12.33,1,14.0,75.0,81.68,Low,1,0,1,1,1.5820508763972112
34,21327.48,6.84,110.0,1.53,0.45,0.92,1.03,1.88,6.98,1.55,36.33,2.03,0.68,0,24.14,1,12.0,66.0,91.38,Moderate,1,1,0,0,0.42397654620225933
23,26295.66,8.04,56.0,0.99,0.91,1.17,1.3,2.18,7.32,0.98,91.35,2.06,1.11,0,23.34,0,8.0,113.0,18.24,High,2,0,1,0,0.3818407485272701
28,56282.6,5.99,60.0,1.96,3.21,1.3,2.33,2.23,6.14,1.59,65.75,1.37,1.3,1,43.07,0,16.0,97.0,76.08,Moderate,-1,0,0,1,1.080133375603777
30,31279.08,3.13,58.0,1.05,1.88,2.72,2.22,1.36,4.44,1.11,6.32,1.52,0.55,1,30.98,1,14.0,154.0,90.25,High,1,0,1,1,1.8051112443734045
24,20943.74,5.48,60.0,2.61,2.14,2.23,0.82,1.25,6.58,0.27,13.51,2.04,0.7,0,22.89,1,19.0,139.0,79.86,Low,0,0,0,1,1.2737223953061323
23,22164.59,8.92,57.0,2.5,1.94,1.2,2.27,0.42,6.59,1.89,77.66,1.93,0.81,0,33.8,1,14.0,123.0,51.37,Moderate,1,1,0,1,0.6322869246315107
23,32581.36,5.46,76.0,2.27,1.11,1.93,1.44,2.44,6.48,0.81,95.16,1.45,1.9,1,42.44,0,18.0,68.0,75.82,Low,2,0,1,0,0.9725272944089204
26,10681.51,9.69,100.0,0.84,2.57,4.96,1.16,0.99,6.29,1.89,64.2,1.42,1.72,0,15.76,0,19.0,123.0,32.49,High,3,0,0,1,0.8637770006422084
28,21471.97,6.52,42.0,3.08,0.9,1.42,2.31,3.49,6.61,0.54,19.93,0.66,0.28,0,32.22,1,9.0,70.0,58.81,High,1,0,0,1,0.828220731867986
22,31978.37,2.57,83.0,4.54,1.01,4.54,0.44,2.36,7.21,1.46,51.63,1.49,0.46,0,27.05,1,10.0,117.0,10.11,High,2,1,0,1,3.0
20,7762.28,6.56,90.0,3.28,2.93,2.73,1.62,2.91,4.79,0.88,42.0,0.33,1.11,0,20.24,0,11.0,125.0,58.93,High,-1,1,0,0,1.362804670304166
19,55379.71,7.54,57.0,1.81,1.71,1.76,1.14,1.96,6.69,1.26,53.79,1.43,0.28,1,38.48,1,12.0,86.0,72.11,Moderate,-1,0,0,0,0.7002651591160267
25,39990.86,3.25,68.0,2.42,1.61,2.06,2.35,2.87,6.51,0.81,94.35,2.87,1.67,0,10.48,0,8.0,111.0,61.78,High,2,0,1,1,1.8738455772782838
31,40350.21,2.92,124.0,1.3,1.66,2.76,1.56,2.0149999999999997,7.15,1.03,61.67,1.13,1.02,0,38.65,0,17.0,103.0,27.37,Moderate,-1,0,0,0,1.958903438731699
19,10897.67,9.07,83.0,0.2,0.53,3.46,1.93,1.05,5.08,1.64,54.52,1.73,1.42,0,7.02,1,11.0,111.0,44.48,Moderate,0,0,1,1,0.46196246284868103
35,54307.1,8.45,103.0,3.32,1.72,2.43,0.82,1.1,5.83,0.93,89.64,0.4,0.35,0,25.94,1,9.0,114.0,45.2,High,2,0,0,0,0.8840235640208802
24,18131.48,4.73,82.0,0.19,1.32,2.085,0.96,2.0,6.51,0.42,94.87,0.46,0.72,0,26.6,1,13.0,51.0,29.63,High,3,1,0,1,0.7600421226126589
27,38487.42,7.15,61.0,2.8,1.5,2.7,0.97,1.98,7.01,1.96,67.27,2.54,0.8,1,35.18,0,12.0,78.0,40.7,High,0,0,1,0,0.9790208420949871
28,40155.06,8.47,89.0,0.65,0.85,2.97,1.89,0.8,6.29,1.27,56.74,1.05,0.88,1,29.25,0,20.0,116.0,77.03,High,1,1,0,1,0.5277449199828903
29,31326.12,8.82,51.0,2.42,2.63,2.66,1.54,2.98,8.05,0.64,88.14,1.29,0.6,1,31.35,1,10.0,21.0,58.45,Moderate,3,0,1,0,0.8741495607540181
28,51681.73,4.39,107.0,4.05,0.56,0.65,1.15,3.8,7.25,0.82,25.47,1.14,0.94,1,12.54,0,14.0,110.0,76.14,High,1,0,1,0,1.198177403604236
26,30394.73,6.69,83.0,1.57,2.38,0.34,1.59,1.86,6.07,0.38,23.38,2.54,0.59,0,39.65,0,16.0,64.0,31.39,High,3,0,1,0,0.6412555095283244
27,14374.3,8.77,113.0,2.72,3.1,2.98,1.29,1.33,5.27,1.78,24.37,2.26,1.05,1,37.11,0,9.0,118.0,36.46,Low,-1,0,1,1,1.0034206381504405
18,15462.08,3.27,67.0,2.53,1.21,2.31,1.52,3.14,6.84,1.29,64.46,1.52,0.83,0,39.35,0,19.0,106.0,13.28,Low,1,0,1,1,1.8501523394029542
31,29993.14,7.63,111.0,2.63,2.43,2.33,0.8,1.38,7.53,0.84,10.66,2.75,0.49,0,12.32,1,19.0,162.0,6.54,Low,0,0,1,0,0.9685450893125703
18,41826.17,6.83,62.0,1.4,1.18,2.84,1.12,2.85,5.94,1.03,34.84,1.58,0.93,1,41.13,0,11.0,53.0,15.7,Low,2,0,1,0,0.7935577169022376
25,31348.015,8.32,95.0,2.26,2.4,1.85,1.78,1.24,5.66,1.74,81.13,2.45,0.72,1,10.57,0,13.0,56.0,65.65,High,0,1,0,1,0.7824518290322321
34,34499.4,11.6,108.0,0.87,2.76,1.99,1.16,1.67,5.18,1.7,20.51,2.33,0.73,1,12.51,1,19.0,103.0,58.06,High,-1,1,0,1,0.48448271685493827
23,32927.68,6.35,83.0,0.95,3.76,3.06,1.2,2.36,6.46,1.06,48.65,2.61,0.52,1,22.26,0,11.0,94.0,75.93,High,3,0,1,0,1.2236218545477393
33,27955.9,5.58,44.0,2.58,1.41,1.06,1.49,3.1,7.73,1.06,74.31,1.45,1.27,0,14.19,1,16.0,79.0,70.77,Moderate,0,1,0,0,0.905017758957391
24,38758.97,7.21,111.0,3.21,1.9,0.68,1.32,2.02,7.14,0.48,43.24,1.04,0.44,1,17.68,1,8.0,85.0,32.49,High,-1,0,0,0,0.8030512062342292
30,58123.68,6.34,107.0,2.81,0.8,3.21,0.86,2.34,8.02,0.44,40.94,1.6,0.6,0,11.17,0,15.0,63.0,15.85,Low,0,0,0,0,1.0757096095095253
24,37560.68,8.14,51.0,2.94,0.27,1.08,1.21,4.87,7.29,1.43,89.74,1.48,0.51,1,26.16,1,9.0,115.0,73.12,Low,-1,0,0,1,0.5270269622817
29,22970.38,2.2,54.0,1.05,2.61,1.28,2.55,2.02,6.17,1.05,23.33,0.8,0.7,0,24.884999999999998,1,10.0,64.0,23.2,Low,1,0,0,0,2.2454535247938523
20,22929.67,7.88,44.0,3.01,1.07,1.78,2.29,2.84,6.63,0.78,31.42,0.36,0.33,0,19.31,0,16.0,130.0,7.82,Low,3,0,1,0,0.743654727962598
22,29101.06,6.79,86.0,3.65,2.86,2.91,1.89,2.16,6.37,0.11,96.6,1.66,0.61,1,45.92,1,18.0,91.0,58.76,High,-1,1,0,1,1.3873341108491737
19,32022.92,6.32,72.0,0.66,0.12,2.18,1.76,2.74,6.51,0.92,75.81,0.29,1.28,0,26.03,1,19.0,110.0,95.08,High,-1,1,0,0,0.46835435627304484
18,27343.3,6.8,47.0,2.56,2.74,3.39,1.84,1.65,8.44,1.14,46.97,1.0,1.08,1,18.63,1,17.0,132.0,10.6,High,-1,1,0,1,1.2779409885380901
21,45806.41,4.01,43.0,1.58,0.57,2.88,2.14,1.84,6.62,1.76,35.01,2.54,1.08,0,45.59,1,12.0,80.0,55.98,Low,2,0,1,0,1.254363776966639
31,28638.96,3.93,110.0,3.63,0.82,1.22,1.24,4.71,6.6,1.29,71.13,1.15,0.18,1,29.41,1,9.0,36.0,11.9,High,1,1,0,1,1.442747724491673
21,7296.19,4.99,108.0,2.04,1.18,1.84,1.19,3.69,7.23,1.39,57.27,1.72,0.51,0,21.72,0,12.0,134.0,47.56,High,3,0,1,1,1.0140278529002298
28,31756.75,8.05,67.0,1.0,1.15,3.18,2.05,1.76,9.07,0.49,95.57,1.41,0.63,1,17.69,0,16.0,56.0,85.86,High,0,0,1,0,0.662111718992333
33,13700.2,4.35,69.0,1.79,1.86,1.24,1.89,2.32,6.8,0.3,72.22,1.48,0.69,0,30.1,0,13.0,54.0,87.33,High,2,0,1,1,1.1241376726120296
19,24073.55,6.18,46.0,1.31,2.22,2.04,1.34,2.68,5.32,0.9,81.87,1.61,1.19,1,12.94,1,12.0,97.0,4.7,High,0,0,0,1,0.9012943525413669
26,35029.29,2.8,82.0,1.57,1.08,1.58,1.85,2.27,5.77,1.46,80.61,0.88,0.36,0,21.84,1,16.0,88.0,70.47,Low,3,0,0,1,1.5107137461736622
31,51249.74,2.26,94.0,0.67,2.5,2.5,1.21,0.46,5.27,1.0,97.95,1.59,0.75,0,40.78,1,14.0,90.0,37.36,High,2,0,1,1,2.5088484474121913
25,28259.81,4.89,70.0,0.7,1.61,2.6,1.75,2.09,5.24,1.2,96.74,2.4,0.81,1,32.39,1,20.0,174.0,96.24,Low,1,0,0,0,1.00408977421477
22,35799.65,6.7,88.0,1.65,1.78,1.37,0.78,3.54,6.51,1.34,78.36,1.57,0.58,0,22.74,0,19.0,84.0,75.15,High,3,0,1,1,0.7164178035197307
18,8468.4,8.64,84.0,3.01,1.98,2.89,1.58,2.38,4.83,0.85,46.97,1.77,0.83,1,25.46,1,14.0,81.0,92.46,Moderate,-1,1,0,0,0.9120369314772071
26,7655.99,10.65,105.0,3.11,2.43,2.12,1.04,0.11,6.62,0.42,25.22,1.18,1.2,1,26.65,1,9.0,37.0,87.5,Moderate,0,0,0,1,0.7192487587559852
32,12504.36,6.71,98.0,1.39,1.16,1.75,2.63,1.37,6.33,1.1,53.79,1.66,1.08,1,35.1,1,19.0,134.0,25.77,High,0,1,0,1,0.6408344797564113
19,46370.31,5.79,84.0,1.36,1.68,1.62,0.62,1.35,5.9,1.14,81.69,0.74,1.45,0,15.05,1,13.0,117.0,10.73,Low,1,0,0,1,0.8048357850024551
28,38832.07,4.01,49.0,0.53,2.29,1.92,1.07,3.65,6.74,0.94,86.23,2.26,0.63,0,36.12,1,11.0,107.0,36.14,Moderate,3,0,0,0,1.182044593006336
29,41126.03,4.6,87.0,1.61,3.25,3.06,0.53,3.81,5.99,0.11,49.22,1.25,0.95,1,17.54,0,13.0,100.0,41.22,High,-1,1,0,0,1.7217387561437487
18,13982.77,1.69,46.0,1.99,0.7,1.84,1.94,3.14,7.82,0.53,31.69,3.59,0.23,1,31.03,0,10.0,34.0,13.73,Moderate,1,0,1,1,2.680471786703085
21,27351.45,5.8,107.0,2.65,1.66,0.63,1.56,3.5,8.47,1.84,1.0,1.03,0.76,0,30.13,0,20.0,75.0,24.02,High,0,0,0,0,0.8517239910820704
19,37606.68,4.98,59.0,2.44,3.2,3.05,1.59,0.46,6.29,0.83,15.18,0.21,0.93,0,40.58,0,11.0,93.0,93.52,Low,1,0,1,0,1.7449795692812111
28,50933.42,5.89,38.0,1.26,1.57,1.17,2.22,2.09,6.45,0.6,39.63,2.3,1.8,0,30.89,1,15.0,140.0,88.08,High,0,0,0,0,0.6791170324079742
28,28638.03,5.51,81.0,3.28,1.82,3.08,1.64,0.83,4.7,1.5,19.83,2.12,1.32,1,19.4,1,19.0,115.0,48.81,High,-1,0,1,0,1.4845732332897943
33,23150.03,3.48,107.0,2.02,2.02,3.91,1.22,0.38,7.1,0.98,18.45,1.19,0.9,1,21.88,0,18.0,109.0,18.78,High,0,0,1,1,2.2844821021603154
18,28372.84,2.34,65.0,0.84,2.43,1.99,1.49,0.29,7.52,1.78,32.11,0.48,1.77,0,23.04,0,8.0,128.0,52.17,High,0,0,1,1,2.247862287238339
32,39694.37,7.77,39.0,2.72,2.2,2.085,0.94,3.44,6.45,0.69,46.65,1.11,0.79,1,28.57,0,15.0,91.0,35.6,Low,3,1,0,1,0.901544285515536
21,34094.72,3.69,61.0,2.64,2.47,2.17,1.9,2.46,6.49,1.04,68.83,2.3,0.8,0,18.51,0,18.0,110.0,65.72,High,1,0,0,0,1.9728991943362617
26,62349.06,5.82,91.0,4.44,1.3,0.21,1.54,2.66,7.19,1.0,24.71,1.59,1.0,0,34.35,0,13.0,100.0,93.86,Low,1,0,0,1,1.0223365941002416
26,24229.15,4.06,60.0,2.93,1.52,0.74,1.04,1.36,7.58,1.04,94.88,1.48,1.11,1,3.82,1,10.0,109.0,49.17,Moderate,2,0,1,0,1.2783248082943823
33,48343.27,5.68,35.0,1.12,1.12,1.86,1.59,1.72,6.21,1.49,17.66,4.52,1.94,1,30.25,0,15.0,108.0,28.92,Moderate,-1,0,1,1,0.7218308588325953
21,7424.47,11.7,72.0,3.56,3.06,0.94,2.17,0.12,5.29,1.42,26.52,2.94,0.42,0,27.99,1,19.0,75.0,76.93,High,-1,1,0,0,0.6461537909270265
31,20646.0,3.51,79.0,2.12,2.3,1.67,2.26,2.09,6.16,0.32,10.62,0.96,1.14,1,22.23,1,11.0,129.0,68.34,High,-1,0,1,0,1.7350422407287063
35,41494.9,3.12,75.0,2.5,2.58,1.04,0.96,0.33,6.57,1.04,60.78,1.36,0.22,0,12.62,0,19.0,71.0,76.74,High,-1,1,0,1,1.961537832840438
33,35433.91,8.11,85.0,1.11,0.77,3.58,1.37,1.78,5.48,1.04,55.94,1.13,0.89,0,48.25,0,15.0,121.0,78.18,Low,0,0,1,1,0.6732428269737576
24,9881.67,8.63,72.0,4.63,0.69,2.41,0.59,1.74,7.35,1.75,46.05,2.17,0.94,0,22.95,1,15.0,124.0,29.68,Moderate,0,0,0,1,0.8957125265686529
23,42262.7,6.99,80.0,1.77,2.95,3.52,1.96,1.59,7.41,0.47,51.66,1.39,0.22,0,29.13,1,15.0,74.0,63.23,High,-1,0,1,0,1.1788267269203538
33,37184.6,7.63,105.0,2.33,2.72,1.81,0.93,2.08,7.57,1.31,22.25,1.06,0.94,0,39.47,0,16.0,126.0,51.97,High,-1,0,0,0,0.899082450972156
35,24623.6,7.36,24.0,0.04,1.61,0.14,1.87,1.42,8.43,0.99,58.15,1.09,0.89,0,29.38,0,15.0,159.0,21.93,Low,-1,0,0,0,0.24320648869477055
18,1004.9,10.82,92.0,2.93,0.69,2.56,1.7,2.23,6.34,1.2,27.44,1.8,1.08,0,20.74,1,18.0,88.0,18.91,Low,1,0,0,0,0.571164457378516
34,45128.38,5.23,43.0,2.06,0.53,1.55,1.13,2.9,6.51,0.83,50.57,2.88,0.73,0,4.77,1,16.0,89.0,17.81,Moderate,1,1,0,0,0.7915868467329163
21,40361.39,6.34,80.0,1.65,2.09,1.74,1.66,1.47,7.88,0.79,40.58,2.22,0.51,1,29.03,0,20.0,96.0,3.22,High,2,1,0,0,0.8643531759695305
35,60852.63,5.31,66.0,1.9,0.69,2.2,0.94,3.4,4.65,0.26,70.12,1.38,1.05,1,11.22,0,18.0,125.0,38.63,High,0,1,0,1,0.902071393206894
33,27021.59,9.47,96.0,2.76,1.61,3.34,1.31,2.53,7.32,1.01,10.73,0.56,0.66,0,21.69,1,20.0,96.0,91.85,High,0,0,1,1,0.8141498612302153
21,28525.82,6.04,71.0,3.8,1.53,3.34,1.31,1.95,7.83,0.64,76.46,2.08,1.05,0,18.35,1,20.0,123.0,72.48,Low,1,1,0,1,1.4354302259221479
29,5231.79,0.08,129.0,1.73,0.1,4.62,1.11,3.46,5.99,1.22,93.8,0.76,0.61,0,34.35,1,13.0,107.0,26.67,High,2,1,0,0,3.0
22,34114.87,7.46,36.0,2.68,1.41,1.65,0.62,3.15,5.28,0.71,36.12,0.44,1.27,1,21.79,0,14.0,136.0,77.28,Low,0,1,0,0,0.76943689417736
35,40178.35,6.64,75.0,2.81,1.01,1.45,1.45,0.87,6.58,1.58,30.89,0.99,0.74,1,27.72,0,8.0,111.0,0.57,Moderate,1,0,0,1,0.7936745792658767
23,37635.11,4.36,102.0,2.26,3.39,2.31,1.77,3.65,6.45,0.51,86.34,0.45,1.6,0,15.01,0,13.0,74.0,44.29,Low,2,1,0,0,1.8256876546587948
33,24298.46,3.7,18.0,3.27,2.0,3.3,1.52,2.0149999999999997,5.72,0.68,16.29,2.95,0.55,0,6.26,1,9.0,71.0,32.68,High,0,0,0,0,2.3162155902120025
26,12247.0,4.83,29.0,2.64,1.47,1.56,1.55,1.52,6.63,0.94,12.32,1.48,0.99,0,22.26,1,15.0,89.0,30.54,Moderate,0,0,0,1,1.1739128004321324
30,45981.31,6.98,101.0,2.02,1.33,0.66,1.53,2.62,7.36,1.68,77.68,0.28,0.18,1,19.68,1,17.0,69.0,10.9,High,0,1,0,0,0.5744984850288702
29,41394.05,6.93,76.0,1.01,0.99,0.21,1.68,2.34,5.15,1.36,41.11,2.44,1.6,0,30.63,1,16.0,105.0,77.13,High,2,0,0,0,0.3189032728855306
20,17442.83,7.25,97.0,1.83,2.06,2.9,1.71,2.01,7.1,1.04,69.5,2.81,1.17,0,17.72,0,15.0,90.0,17.98,High,3,0,1,1,0.9365515949584007
32,16997.15,6.72,69.0,2.6,1.61,0.4,1.78,1.96,4.62,2.16,91.51,2.11,0.81,0,39.21,1,20.0,85.0,80.14,High,0,1,0,0,0.6860118026768152
19,55116.47,2.39,75.0,1.85,1.33,0.89,2.42,2.34,6.96,1.08,2.24,0.64,0.84,0,27.35,1,9.0,106.0,21.43,High,3,1,0,0,1.7029281577706452
35,30012.28,0.67,85.0,0.87,2.14,2.15,0.88,1.54,4.05,0.97,6.02,2.42,0.81,1,40.28,1,17.0,107.0,93.82,High,-1,0,1,1,3.0
29,54522.1,4.47,105.0,1.28,1.49,0.8,1.57,1.32,5.05,1.35,73.43,2.01,1.27,0,22.03,1,12.0,130.0,32.41,Low,0,0,1,0,0.798657539450215
32,12003.7,7.07,130.0,3.22,2.29,0.26,1.29,3.48,6.72,1.8,5.46,1.38,1.07,0,25.58,0,17.0,113.0,0.32,High,1,0,1,1,0.816124354154971
33,23295.01,6.93,71.0,1.41,2.31,2.63,1.58,1.26,6.63,2.12,54.55,2.38,1.36,1,30.95,1,19.0,76.0,75.69,High,0,0,0,1,0.9163057840828595
35,24625.82,5.03,90.0,1.88,1.7,1.3,1.55,2.46,5.1,1.56,50.59,0.34,0.34,0,26.73,1,11.0,156.0,39.4,Low,2,0,1,1,0.970178733562876
21,37411.83,6.29,119.0,0.32,1.41,2.13,2.16,2.33,6.87,0.86,2.61,1.26,1.3,1,37.53,0,13.0,120.0,92.95,Moderate,3,0,0,0,0.6136723984622577
27,51271.36,7.86,108.0,1.95,1.02,0.68,2.04,0.7,7.62,1.05,5.67,1.26,0.43,0,30.45,1,8.0,93.0,29.22,Moderate,2,0,0,1,0.46437653124980516
28,10181.99,5.4,71.0,4.33,0.5,2.88,0.69,2.69,7.11,1.1,62.15,3.12,0.55,0,14.07,1,20.0,102.0,39.3,High,1,0,1,1,1.4277775133745345
29,40187.62,6.61,77.0,2.05,1.33,3.34,1.25,3.82,6.42,1.31,53.71,3.14,0.79,0,18.76,1,15.0,146.0,68.07,Moderate,0,1,0,0,1.016641298541407
32,13635.26,3.58,52.0,1.81,0.46,0.72,0.7,0.45,5.15,0.9,86.36,0.02,0.89,0,38.31,1,8.0,148.0,87.73,High,0,0,1,1,0.8351952974314811
35,51933.95,4.77,65.0,1.61,2.52,2.91,1.62,0.43,6.51,1.12,69.16,2.64,0.45,0,14.21,0,19.0,99.0,28.08,Low,2,1,0,0,1.4758906759139045
35,12745.98,6.0,76.0,1.04,2.84,1.69,2.48,3.31,6.81,0.63,40.13,1.19,0.59,1,50.74,1,12.0,124.0,0.19,High,-1,1,0,1,0.928333178611137
23,21042.87,4.75,89.0,2.95,2.11,1.17,1.97,2.7,6.94,1.03,54.71,0.47,1.44,0,24.67,1,18.0,76.0,7.61,High,3,0,0,0,1.3115786712465956
28,37243.17,3.0,120.0,2.25,2.46,2.25,2.22,0.78,7.29,1.64,5.71,1.88,0.86,0,27.41,1,20.0,86.0,87.73,High,2,0,1,1,2.3199992266669245
28,17723.59,5.73,88.0,1.87,1.98,1.78,1.9,1.49,6.55,1.17,34.33,1.12,1.49,1,11.91,0,15.0,105.0,1.59,Moderate,0,0,0,0,0.9825478215448827
20,23462.83,8.01,64.0,0.97,1.61,1.87,1.37,2.67,7.05,2.44,97.52,1.53,0.24,1,21.94,1,14.0,112.0,41.55,Low,-1,0,1,0,0.555555486197817
22,16829.88,7.8,76.0,2.36,2.88,1.0,1.51,1.8,5.47,1.05,79.24,1.1,0.01,0,39.27,1,18.0,88.0,80.96,Moderate,2,0,0,0,0.7999998974359106
26,48356.44,6.41,46.0,1.62,1.66,2.11,1.13,3.58,7.7,0.28,48.03,2.01,1.1,1,44.76,1,13.0,79.0,91.46,Low,-1,0,0,1,0.840873503763884
32,3834.92,4.3,60.0,1.56,1.61,2.57,1.61,2.88,6.36,0.75,5.15,0.85,0.58,0,23.04,1,13.0,92.0,87.74,Moderate,2,0,0,0,1.3348834104922302
33,61226.71,6.38,103.0,2.15,0.48,1.49,1.11,1.81,7.73,0.84,47.55,1.48,0.58,0,32.07,1,9.0,116.0,23.7,High,0,0,0,1,0.645767923860827
33,38126.65,6.67,71.0,2.28,1.85,0.92,2.26,3.07,4.98,0.98,49.12,1.27,0.61,0,28.03,0,12.0,57.0,55.94,High,0,0,1,0,0.7571213257689167
32,33971.13,3.37,49.0,2.31,2.5,1.72,0.77,2.37,8.17,1.25,79.29,1.76,0.69,1,26.58,0,11.0,84.0,6.08,High,3,0,1,1,1.9376848849599748
23,53577.89,7.23,71.0,1.27,1.51,2.55,2.13,2.69,7.47,0.94,9.43,1.37,0.59,0,22.89,1,14.0,42.0,49.79,Moderate,0,0,0,1,0.7372059837889372
32,55075.85,7.9,65.0,2.31,0.0,2.085,0.94,2.87,7.88,0.74,23.91,0.71,0.6,0,29.33,0,12.0,94.0,30.87,High,3,1,0,1,0.5563290435026527
22,42938.14,5.93,125.0,1.73,0.99,0.23,0.13,1.09,7.59,1.94,21.71,1.6,0.68,1,10.58,1,8.0,105.0,96.0,High,0,0,1,0,0.49747040514832963
19,41260.64,2.95,74.0,2.14,0.99,2.085,1.55,1.78,6.19,0.77,15.69,3.09,0.37,0,20.74,1,19.0,68.0,28.61,High,1,0,1,1,1.7677960109166062
19,13116.06,1.86,68.0,2.51,0.95,0.82,1.84,2.91,6.61,0.57,51.3,0.83,0.81,0,15.23,1,9.0,125.0,39.88,High,-1,0,0,0,2.301074031680628
34,36424.7,4.1,47.0,2.02,2.62,1.56,1.67,0.77,6.32,1.14,46.54,1.67,1.54,0,19.78,1,9.0,103.0,39.16,Moderate,1,0,0,0,1.5121947531232314
23,28774.45,7.29,92.0,1.82,1.89,3.23,1.84,1.21,5.66,1.12,70.1,1.02,1.54,1,6.28,0,15.0,131.0,7.58,High,1,0,1,1,0.9519888954747742
35,29266.77,3.79,35.0,1.73,1.72,2.37,1.29,2.39,5.72,0.5,68.35,1.14,1.04,1,38.93,0,11.0,75.0,32.99,Moderate,0,1,0,1,1.5356196475937605
34,22305.88,9.59,76.0,2.14,1.37,2.42,0.72,1.06,5.6,0.6,67.87,0.17,1.19,1,22.08,0,16.0,22.0,4.49,High,1,0,1,0,0.6183523859903665
18,61999.54,4.88,87.0,3.14,2.38,2.06,0.75,1.8,4.73,0.65,10.13,1.48,1.3,0,26.86,0,11.0,114.0,41.23,High,3,0,1,0,1.5532783702298423
30,836.19,4.87,88.0,3.08,1.84,0.68,1.85,2.22,6.66,1.19,50.76,2.96,0.54,1,9.07,0,15.0,163.0,95.57,Low,0,0,0,1,1.1498970944769826
19,10114.91,8.9,79.0,4.32,2.4,3.02,0.95,0.62,7.41,1.36,30.1,1.16,1.1,0,28.94,0,13.0,69.0,16.07,High,3,0,1,0,1.0943818995076517
20,48596.46,2.32,59.0,2.85,0.64,0.35,2.89,2.27,6.55,1.52,7.25,0.68,1.2,0,15.51,0,11.0,124.0,28.41,Low,1,1,0,0,1.6551717003570259
19,27547.33,6.29,48.0,3.24,1.61,2.48,0.74,1.16,6.38,1.48,41.04,1.05,1.3,0,16.52,0,11.0,140.0,65.35,High,3,1,0,0,1.1653416271316968
27,34248.14,6.66,65.0,2.89,2.11,0.68,0.8,1.22,6.58,0.19,47.98,0.74,0.58,0,24.96,1,20.0,79.0,75.22,Low,3,0,0,0,0.8528527247968881
27,22223.86,6.13,83.0,0.89,1.05,1.92,0.72,1.51,6.31,1.3,92.96,1.17,0.94,1,38.16,0,19.0,105.0,58.62,High,2,0,0,1,0.6296899462169745
28,31348.015,3.67,61.0,1.65,0.56,1.08,1.47,3.36,7.57,1.37,96.96,1.26,1.14,0,44.02,1,15.0,117.0,27.74,Low,1,1,0,0,0.8964575214012204
32,38281.1,9.58,97.0,0.22,0.46,1.43,2.03,1.69,5.73,0.91,20.2,1.48,0.43,1,25.99,0,11.0,111.0,62.93,Moderate,2,0,1,0,0.22025049893001056
33,33009.65,6.28,94.0,2.53,2.45,0.56,1.2,2.92,7.47,1.86,15.14,0.69,0.69,1,26.44,1,13.0,80.0,54.64,Low,-1,0,1,1,0.8821654646233338
20,41103.98,4.59,77.0,2.56,0.1,3.09,1.5,2.6,6.49,0.04,8.96,1.55,0.73,0,38.82,0,8.0,81.0,90.28,Moderate,0,1,0,0,1.2527230386224317
24,13693.95,5.09,71.0,2.71,1.54,2.52,1.27,2.47,9.24,0.83,30.07,0.27,0.72,1,14.49,1,10.0,122.0,28.68,Low,3,0,1,0,1.330058677788079
28,33607.96,10.01,85.0,2.15,2.34,2.75,1.5,1.78,7.71,1.16,1.85,0.65,1.9,1,19.38,0,15.0,132.0,92.81,High,-1,1,0,0,0.7232766510213137
33,34106.93,6.9,105.0,2.48,1.61,1.82,1.76,3.12,4.81,1.81,20.95,0.85,1.43,0,17.48,1,17.0,110.0,23.95,High,-1,0,0,0,0.8565216149968673
19,36517.32,3.4,124.0,1.37,2.88,3.69,1.83,3.34,7.69,0.8,72.65,0.61,0.65,0,14.47,1,14.0,97.0,68.09,High,0,1,0,1,2.3352934307960496
30,31348.015,5.69,72.0,1.74,1.27,1.03,1.8,1.66,6.84,1.37,59.02,1.04,0.68,0,33.0,1,10.0,91.0,71.1,High,2,0,1,1,0.7100174499090597
27,32058.62,8.73,73.0,1.82,3.54,1.8,1.72,3.09,6.66,1.65,50.2,1.89,0.54,1,29.25,0,16.0,121.0,92.45,Moderate,3,0,0,1,0.8201602726047799
35,18223.91,6.72,76.0,2.23,0.7,2.18,1.71,2.3,6.76,0.67,84.6,0.47,1.18,1,13.71,1,10.0,90.0,16.98,High,3,0,0,1,0.7604165535094414
21,30453.65,6.17,90.0,1.76,1.68,3.21,1.49,2.9,6.09,1.05,23.9,1.54,1.2,1,27.33,0,19.0,116.0,69.16,Low,0,1,0,1,1.0777956113783451
34,45585.98,4.28,95.0,2.02,0.2,3.12,1.73,1.81,9.08,0.32,71.85,0.97,0.59,1,30.81,0,9.0,35.0,93.43,Low,-1,1,0,0,1.2476632598917616
18,47097.8,5.37,87.0,3.54,2.97,3.48,1.97,2.57,5.17,1.12,3.27,1.82,0.26,0,30.58,0,14.0,154.0,34.88,Moderate,0,0,0,1,1.8603348490996556
21,38040.28,3.87,72.0,0.54,1.54,0.61,1.81,1.57,5.86,1.92,18.46,1.17,0.65,0,36.58,0,19.0,38.0,63.95,Moderate,3,1,0,0,0.6950902596665995
18,28917.9,6.08,91.0,1.35,1.66,1.09,2.0,1.93,7.43,1.16,92.12,0.96,1.84,1,33.67,1,19.0,114.0,64.23,Low,2,0,1,1,0.6743419943516455
30,21023.09,8.32,70.0,1.16,1.61,1.07,1.72,1.75,5.58,1.38,16.6,0.4,0.48,0,30.24,1,13.0,139.0,96.26,Moderate,0,1,0,1,0.46153840606509544
18,42988.33,7.46,52.0,2.38,3.14,1.68,2.12,3.54,6.72,1.21,14.63,0.51,0.82,0,28.54,0,18.0,110.0,54.71,Low,-1,0,0,1,0.965147323706793
33,49953.84,7.68,104.0,1.83,1.59,2.33,1.5,1.56,7.41,1.17,38.99,1.84,0.61,1,46.03,1,10.0,106.0,58.04,High,0,0,1,1,0.7486978191799715
33,39358.88,7.54,99.0,1.96,1.38,1.66,0.11,2.13,7.59,1.52,69.12,2.79,0.47,1,17.2,1,8.0,32.0,52.04,High,-1,1,0,0,0.6631298855265404
33,2446.27,7.26,82.0,4.31,1.61,2.94,2.44,2.47,3.73,1.57,19.13,2.37,1.18,1,20.67,0,12.0,106.0,57.92,High,3,0,1,1,1.2203855068339522
26,25008.08,2.08,61.0,2.27,3.39,2.83,1.73,1.61,6.1,0.61,81.94,1.43,0.62,0,14.21,1,17.0,110.0,21.22,High,0,1,0,0,3.0
19,37170.13,7.36,59.0,3.33,1.75,2.28,1.06,2.0149999999999997,5.16,0.87,2.78,1.31,0.03,1,24.55,0,18.0,97.0,97.9,Moderate,2,0,0,0,0.999999864130453
24,38377.42,8.58,100.0,0.57,0.52,0.7,1.48,1.65,7.36,0.75,68.55,1.99,1.05,0,41.72,0,20.0,87.0,59.02,High,2,0,0,1,0.20862468430947734
20,39411.3,5.37,53.0,1.7,1.5,0.84,1.29,2.82,5.4,1.1,31.37,1.56,1.39,1,16.81,1,10.0,159.0,94.26,High,-1,1,0,1,0.7523276066429038
19,23773.36,6.3,101.0,1.13,0.11,1.34,1.94,1.78,6.11,1.47,26.74,0.8,1.8,0,19.02,0,13.0,119.0,6.48,High,1,0,1,1,0.4095237445200406
32,47885.14,5.09,106.0,2.61,0.9,3.63,1.44,1.51,5.76,0.63,76.74,0.85,0.79,0,10.89,1,8.0,165.0,79.25,Low,0,1,0,0,1.4027502155697023
23,24916.42,4.86,131.0,1.46,1.33,2.57,1.49,2.0149999999999997,7.51,0.47,35.61,0.75,0.21,1,25.74,0,18.0,80.0,5.37,High,2,0,1,1,1.1028804315060838
26,22744.73,5.12,51.0,1.89,1.89,2.22,1.51,2.51,5.97,1.46,53.23,1.61,0.1,1,26.02,1,14.0,55.0,39.13,Moderate,1,0,1,1,1.1718747711182087
26,7159.71,4.21,52.0,1.93,0.64,2.17,0.3,2.63,5.65,0.74,18.44,2.46,0.93,0,31.19,1,16.0,93.0,87.15,Low,0,1,0,1,1.1258904689096274
30,31661.88,6.64,89.0,0.24,2.36,1.34,2.17,2.03,6.39,1.49,33.53,0.97,0.56,1,31.29,0,8.0,90.0,52.7,High,1,1,0,1,0.593373404612439
26,38351.33,4.99,51.0,3.21,1.31,2.92,1.79,1.61,5.4,1.44,22.98,1.48,0.81,0,14.65,0,14.0,70.0,50.8,Low,1,1,0,1,1.4909816651339347
20,31348.015,7.27,50.0,1.62,1.03,1.62,1.66,1.81,5.67,1.55,44.29,1.14,1.27,1,18.13,0,19.0,111.0,30.11,High,0,0,1,1,0.5873451736801688
28,43279.81,1.63,86.0,1.55,2.37,0.91,2.0,1.79,5.8,1.05,94.41,1.75,0.96,1,54.64,1,10.0,107.0,55.74,Moderate,3,1,0,0,2.963188366142107
29,30236.06,5.15,45.0,2.49,1.61,4.07,2.34,2.91,4.35,1.03,39.64,1.04,1.34,1,10.66,0,19.0,128.0,3.11,High,0,0,0,1,1.5864074589500081
22,39196.32,3.29,56.0,1.07,0.94,1.01,0.8,1.39,6.81,0.44,36.21,0.85,0.36,0,37.48,0,9.0,141.0,13.09,Low,3,1,0,1,0.9179328516921421
32,27613.9,11.55,142.0,3.0,0.63,2.54,1.72,3.89,7.69,1.26,11.32,0.87,0.61,1,37.46,1,16.0,54.0,90.21,High,0,0,1,1,0.5341990879481309
21,16705.95,5.23,100.0,1.25,2.84,0.39,1.91,1.69,7.52,0.66,71.05,1.04,0.79,1,17.4,0,15.0,77.0,76.6,Moderate,3,1,0,0,0.8565963945322379
20,43098.68,7.19,31.0,2.21,2.36,3.62,1.21,3.62,7.52,0.95,77.79,1.73,0.95,1,26.66,1,11.0,96.0,19.44,Moderate,0,0,1,1,1.1390818999886092
35,35656.92,8.74,82.0,2.22,0.85,1.4,1.25,1.4,5.62,1.05,73.27,1.82,0.46,0,44.05,1,9.0,97.0,68.72,High,1,0,0,1,0.5114415890799098
22,21275.01,5.18,66.0,2.47,3.71,2.84,2.11,1.74,5.97,1.2,21.88,2.63,0.81,0,21.95,1,9.0,115.0,92.19,Moderate,2,1,0,0,1.7413124051520452
19,12122.0,4.59,94.0,1.91,2.35,2.19,1.62,1.55,7.93,0.6,87.32,2.1,0.65,0,26.54,0,16.0,117.0,97.29,Low,2,0,0,0,1.405228452019945
29,17049.36,6.49,69.0,2.68,1.68,1.88,2.07,1.29,5.36,1.19,36.41,1.31,1.02,0,36.2,0,16.0,100.0,75.87,Low,3,1,0,0,0.9614790506195607
27,45116.31,6.97,76.0,0.69,2.25,0.84,0.46,3.85,4.81,0.52,30.83,2.79,1.86,0,4.77,1,12.0,102.0,99.17,Low,1,1,0,1,0.5423241689635339
20,20319.05,0.78,55.0,1.57,1.39,2.77,1.2,1.68,7.09,1.62,35.98,1.83,1.11,0,28.46,1,12.0,89.0,50.3,Moderate,1,0,1,0,3.0
31,71271.66,5.93,57.0,0.77,0.86,1.53,1.21,2.89,7.02,1.24,71.53,0.3,0.32,0,31.34,0,12.0,123.0,94.13,Low,3,0,1,1,0.532883552633465
24,26282.02,1.95,94.0,3.0,0.74,2.14,1.84,1.74,4.82,0.63,43.19,1.27,0.61,0,11.99,1,20.0,174.0,56.59,High,2,0,0,1,3.0
21,43282.44,4.65,77.0,2.17,2.96,3.62,2.1,3.04,7.27,1.22,86.54,1.82,2.38,0,20.8,1,9.0,51.0,67.69,Moderate,2,1,0,1,1.8817200254365534
35,39119.01,5.99,58.0,2.19,2.03,2.08,0.6,0.55,7.22,1.09,79.15,1.11,1.09,1,33.61,1,12.0,49.0,84.97,High,2,0,0,1,1.0517527459511276
24,40285.45,4.45,116.0,3.18,1.61,1.09,1.5,1.29,6.47,1.34,77.06,0.34,1.21,1,25.78,0,19.0,88.0,60.12,Low,-1,0,1,0,1.3213480176746026
33,21667.7,5.61,39.0,1.74,0.4,1.35,0.89,1.09,5.61,0.08,38.14,1.95,0.53,0,24.32,0,16.0,112.0,27.19,High,-1,0,0,0,0.6221032759174197
28,20970.75,3.55,80.0,0.26,0.23,3.2,1.6,1.94,6.66,0.78,71.0,1.58,1.52,1,33.45,1,17.0,120.0,80.82,Moderate,3,0,0,0,1.0394363269193447
27,28783.6,3.09,73.0,2.33,1.64,0.98,1.18,1.92,5.57,0.54,1.7,1.09,0.74,1,14.1,0,14.0,116.0,96.52,High,3,0,1,1,1.601941229145233
35,36912.82,7.01,41.0,2.88,0.85,2.43,1.62,3.68,7.21,1.26,83.11,0.5,1.23,0,34.29,1,13.0,84.0,12.11,High,0,1,0,1,0.8787445251434344
21,30689.98,3.45,19.0,0.28,1.25,1.23,1.62,0.97,6.66,1.18,29.5,1.02,0.81,1,12.71,1,17.0,146.0,16.58,High,-1,0,0,0,0.7999997681160091
18,32693.02,3.38,77.0,3.2,1.61,0.89,1.78,1.65,6.55,1.11,56.14,1.26,0.21,0,33.93,1,13.0,121.0,75.94,Moderate,0,0,1,0,1.686390033612416
